claim_id,payer_name,cpt_code,diagnosis_code,billed_amount,claim_status,denial_reason,denial_date,appeal_filed,appeal_outcome,days_in_ar,service_date
CLM-2025-000001,Gateway Health Cooperative,90791,F41.1,277.5,Paid,,,N,,31,2025-02-10
CLM-2025-000002,Summit Behavioral Health Plan,90834,F41.1,121.79,Paid,,,N,,12,2025-03-06
CLM-2025-000003,Apex Medicare Advantage,90837,F90.0,202.08,Paid,,,N,,22,2025-03-03
CLM-2025-000004,Pinnacle Commercial Plan,90791,F31.30,330.58,Denied,CO-50 Non-covered service - deemed not medically necessary,2025-05-16,Y,overturned,82,2025-04-24
CLM-2025-000005,Pinnacle Commercial Plan,90837,F31.30,208.43,Paid,,,N,,28,2025-05-03
CLM-2025-000006,Summit Behavioral Health Plan,90832,F33.1,115.15,Denied,CO-50 Non-covered service - deemed not medically necessary,2025-06-21,N,not appealed,55,2025-06-02
CLM-2025-000007,Pinnacle Commercial Plan,96127,F90.0,30.7,Paid,,,N,,21,2025-06-17
CLM-2025-000008,Liberty Care PPO,90832,F31.30,100.68,Denied,CO-97 Payment included in another service already adjudicated,2025-07-19,N,not appealed,75,2025-06-20
CLM-2025-000009,Apex Medicare Advantage,90832,F31.30,127.02,Paid,,,N,,24,2025-05-28
CLM-2025-000010,Pinnacle Commercial Plan,90853,F32.1,66.87,Denied,CO-96 Non-covered charges,2025-08-18,N,not appealed,96,2025-07-31
CLM-2025-000011,Pinnacle Commercial Plan,90834,F90.0,159.33,Paid,,,N,,30,2025-08-20
CLM-2025-000012,Summit Behavioral Health Plan,90791,F43.12,324.5,Paid,,,N,,25,2025-03-14
CLM-2025-000013,Pinnacle Commercial Plan,90834,F41.1,133.16,Paid,,,N,,17,2025-05-16
CLM-2025-000014,Pinnacle Commercial Plan,90792,F31.30,296.0,Paid,,,N,,28,2025-04-24
CLM-2025-000015,Liberty Care PPO,96130,F43.12,222.33,Paid,,,N,,39,2025-08-14
CLM-2025-000016,Gateway Health Cooperative,90837,F33.1,192.22,Paid,,,N,,17,2025-07-21
CLM-2025-000017,Liberty Care PPO,90792,F31.30,280.32,Paid,,,N,,34,2025-08-18
CLM-2025-000018,Pinnacle Commercial Plan,90834,F31.30,126.38,Paid,,,N,,32,2025-03-23
CLM-2025-000019,Apex Medicare Advantage,90792,F43.12,356.25,Paid,,,N,,30,2025-09-07
CLM-2025-000020,Harbor State Medicaid,90834,F32.1,149.32,Paid,,,N,,23,2025-08-31
CLM-2025-000021,Pinnacle Commercial Plan,90832,F43.12,99.63,Denied,CO-29 Timely filing - claim submitted past deadline,2025-09-19,N,not appealed,94,2025-09-05
CLM-2025-000022,Pinnacle Commercial Plan,90791,F43.12,297.53,Denied,CO-16 Claim lacks information needed for adjudication,2025-03-14,N,not appealed,94,2025-02-17
CLM-2025-000023,Gateway Health Cooperative,90837,F90.0,202.78,Paid,,,N,,28,2025-06-26
CLM-2025-000024,Pinnacle Commercial Plan,90834,F32.1,134.87,Denied,CO-97 Payment included in another service already adjudicated,2025-05-02,Y,pending,100,2025-04-02
CLM-2025-000025,Summit Behavioral Health Plan,90791,F33.1,253.14,Paid,,,N,,20,2025-01-24
CLM-2025-000026,Gateway Health Cooperative,90832,F43.12,95.29,Paid,,,N,,29,2025-06-02
CLM-2025-000027,Pinnacle Commercial Plan,90792,F90.0,289.69,Paid,,,N,,30,2025-04-06
CLM-2025-000028,Pinnacle Commercial Plan,90791,F31.30,315.35,Denied,CO-29 Timely filing - claim submitted past deadline,2025-02-15,Y,overturned,88,2025-01-31
CLM-2025-000029,Summit Behavioral Health Plan,90792,F32.1,326.26,Paid,,,N,,29,2025-04-29
CLM-2025-000030,Summit Behavioral Health Plan,90837,F32.1,192.44,Denied,CO-16 Claim lacks information needed for adjudication,2025-09-30,Y,overturned,63,2025-09-11
CLM-2025-000031,Pinnacle Commercial Plan,96127,F32.1,27.47,Denied,CO-96 Non-covered charges,2025-05-11,Y,upheld,95,2025-04-15
CLM-2025-000032,Gateway Health Cooperative,90834,F41.1,131.39,Denied,CO-16 Claim lacks information needed for adjudication,2025-09-23,N,not appealed,58,2025-09-10
CLM-2025-000033,Summit Behavioral Health Plan,90834,F43.12,175.16,Denied,CO-97 Payment included in another service already adjudicated,2025-03-04,Y,pending,65,2025-02-15
CLM-2025-000034,Liberty Care PPO,96130,F43.12,225.57,Denied,CO-50 Non-covered service - deemed not medically necessary,2025-07-07,Y,overturned,81,2025-06-07
CLM-2025-000035,Summit Behavioral Health Plan,90837,F90.0,174.32,Paid,,,N,,21,2025-02-08
CLM-2025-000036,Liberty Care PPO,96127,F32.1,39.04,Paid,,,N,,36,2025-05-03
CLM-2025-000037,Harbor State Medicaid,90791,F33.1,271.32,Paid,,,N,,24,2025-02-08
CLM-2025-000038,Summit Behavioral Health Plan,90832,F90.0,101.4,Paid,,,N,,21,2025-08-07
CLM-2025-000039,Apex Medicare Advantage,96130,F32.1,232.32,Paid,,,N,,23,2025-06-25
CLM-2025-000040,Harbor State Medicaid,90791,F33.1,337.81,Paid,,,N,,21,2025-02-04
CLM-2025-000041,Apex Medicare Advantage,90832,F31.30,114.19,Paid,,,N,,22,2025-04-03
CLM-2025-000042,Apex Medicare Advantage,90832,F32.1,126.33,Paid,,,N,,22,2025-01-29
CLM-2025-000043,Summit Behavioral Health Plan,90834,F33.1,127.85,Paid,,,N,,29,2025-02-16
CLM-2025-000044,Gateway Health Cooperative,90834,F31.30,126.71,Denied,CO-50 Non-covered service - deemed not medically necessary,2025-09-17,N,not appealed,64,2025-08-25
CLM-2025-000045,Liberty Care PPO,90791,F32.1,286.47,Denied,CO-18 Duplicate claim/service,2025-09-08,Y,upheld,91,2025-08-24
CLM-2025-000046,Harbor State Medicaid,90837,F41.1,215.55,Paid,,,N,,22,2025-08-15
CLM-2025-000047,Pinnacle Commercial Plan,96127,F31.30,25.37,Denied,CO-96 Non-covered charges,2025-09-24,N,not appealed,75,2025-08-30
CLM-2025-000048,Summit Behavioral Health Plan,90853,F32.1,63.24,Paid,,,N,,18,2025-08-13
CLM-2025-000049,Pinnacle Commercial Plan,90834,F41.1,138.31,Denied,CO-96 Non-covered charges,2025-03-26,Y,pending,77,2025-03-04
CLM-2025-000050,Liberty Care PPO,90834,F43.12,160.77,Paid,,,N,,21,2025-03-31
CLM-2025-000051,Pinnacle Commercial Plan,90832,F33.1,113.22,Denied,CO-96 Non-covered charges,2025-02-06,Y,upheld,67,2025-01-15
CLM-2025-000052,Liberty Care PPO,90834,F31.30,135.28,Denied,CO-109 Claim not covered by this payer/contractor,2025-05-26,N,not appealed,107,2025-04-27
CLM-2025-000053,Summit Behavioral Health Plan,90834,F33.1,176.93,Paid,,,N,,15,2025-06-14
CLM-2025-000054,Gateway Health Cooperative,90834,F90.0,138.56,Paid,,,N,,23,2025-03-30
CLM-2025-000055,Apex Medicare Advantage,90792,F90.0,346.49,Paid,,,N,,19,2025-06-28
CLM-2025-000056,Apex Medicare Advantage,90834,F32.1,152.88,Paid,,,N,,27,2025-03-24
CLM-2025-000057,Pinnacle Commercial Plan,90837,F90.0,179.33,Paid,,,N,,32,2025-04-29
CLM-2025-000058,Apex Medicare Advantage,96127,F41.1,36.94,Denied,CO-18 Duplicate claim/service,2025-07-15,Y,upheld,70,2025-06-23
CLM-2025-000059,Gateway Health Cooperative,90832,F32.1,97.97,Denied,CO-97 Payment included in another service already adjudicated,2025-01-31,Y,upheld,91,2025-01-17
CLM-2025-000060,Summit Behavioral Health Plan,90837,F41.1,189.66,Paid,,,N,,12,2025-02-12
CLM-2025-000061,Pinnacle Commercial Plan,96127,F90.0,38.28,Denied,CO-96 Non-covered charges,2025-03-31,Y,overturned,67,2025-03-03
CLM-2025-000062,Liberty Care PPO,90853,F43.12,80.03,Denied,CO-29 Timely filing - claim submitted past deadline,2025-07-03,N,not appealed,97,2025-06-07
CLM-2025-000063,Liberty Care PPO,96127,F41.1,31.69,Paid,,,N,,32,2025-07-15
CLM-2025-000064,Summit Behavioral Health Plan,90832,F43.12,115.51,Paid,,,N,,20,2025-05-10
CLM-2025-000065,Liberty Care PPO,90837,F33.1,174.07,Paid,,,N,,20,2025-03-28
CLM-2025-000066,Summit Behavioral Health Plan,90832,F31.30,117.76,Denied,CO-97 Payment included in another service already adjudicated,2025-03-30,Y,pending,76,2025-03-01
CLM-2025-000067,Liberty Care PPO,90853,F32.1,88.38,Paid,,,N,,36,2025-08-13
CLM-2025-000068,Liberty Care PPO,90791,F90.0,285.18,Paid,,,N,,31,2025-08-12
CLM-2025-000069,Apex Medicare Advantage,90837,F41.1,207.99,Paid,,,N,,27,2025-05-10
CLM-2025-000070,Apex Medicare Advantage,90834,F90.0,160.13,Denied,CO-97 Payment included in another service already adjudicated,2025-07-26,N,not appealed,89,2025-07-10
CLM-2025-000071,Summit Behavioral Health Plan,90834,F32.1,153.86,Paid,,,N,,16,2025-01-27
CLM-2025-000072,Pinnacle Commercial Plan,90792,F33.1,306.02,Paid,,,N,,26,2025-03-01
CLM-2025-000073,Pinnacle Commercial Plan,90834,F90.0,165.12,Paid,,,N,,31,2025-03-11
CLM-2025-000074,Summit Behavioral Health Plan,90834,F33.1,179.99,Paid,,,N,,13,2025-03-04
CLM-2025-000075,Gateway Health Cooperative,96130,F32.1,195.95,Denied,CO-50 Non-covered service - deemed not medically necessary,2025-06-29,N,not appealed,68,2025-06-14
CLM-2025-000076,Apex Medicare Advantage,90832,F43.12,104.76,Paid,,,N,,17,2025-06-10
CLM-2025-000077,Pinnacle Commercial Plan,90792,F43.12,311.1,Paid,,,N,,34,2025-01-12
CLM-2025-000078,Gateway Health Cooperative,96130,F31.30,211.73,Denied,CO-29 Timely filing - claim submitted past deadline,2025-03-16,Y,upheld,98,2025-02-25
CLM-2025-000079,Apex Medicare Advantage,90791,F32.1,348.38,Paid,,,N,,25,2025-04-04
CLM-2025-000080,Summit Behavioral Health Plan,90837,F90.0,160.76,Paid,,,N,,25,2025-08-04
CLM-2025-000081,Harbor State Medicaid,90837,F31.30,209.72,Paid,,,N,,21,2025-02-14
CLM-2025-000082,Apex Medicare Advantage,90837,F43.12,196.95,Paid,,,N,,27,2025-07-23
CLM-2025-000083,Pinnacle Commercial Plan,90834,F41.1,139.34,Paid,,,N,,24,2025-08-06
CLM-2025-000084,Pinnacle Commercial Plan,90832,F43.12,108.59,Denied,CO-50 Non-covered service - deemed not medically necessary,2025-07-18,Y,overturned,76,2025-06-26
CLM-2025-000085,Liberty Care PPO,96127,F33.1,35.52,Denied,CO-109 Claim not covered by this payer/contractor,2025-06-11,Y,overturned,100,2025-05-28
CLM-2025-000086,Gateway Health Cooperative,90837,F90.0,198.75,Paid,,,N,,16,2025-04-30
CLM-2025-000087,Liberty Care PPO,90834,F31.30,134.6,Denied,CO-97 Payment included in another service already adjudicated,2025-06-26,Y,upheld,86,2025-06-03
CLM-2025-000088,Liberty Care PPO,90834,F41.1,138.4,Paid,,,N,,28,2025-02-05
CLM-2025-000089,Summit Behavioral Health Plan,90834,F41.1,165.73,Denied,CO-97 Payment included in another service already adjudicated,2025-03-26,N,not appealed,83,2025-02-24
CLM-2025-000090,Apex Medicare Advantage,96130,F33.1,246.61,Paid,,,N,,23,2025-03-05
CLM-2025-000091,Summit Behavioral Health Plan,90834,F32.1,136.46,Paid,,,N,,16,2025-05-27
CLM-2025-000092,Gateway Health Cooperative,90837,F32.1,166.16,Paid,,,N,,29,2025-06-01
CLM-2025-000093,Liberty Care PPO,90792,F90.0,285.14,Paid,,,N,,30,2025-02-04
CLM-2025-000094,Apex Medicare Advantage,90834,F41.1,161.19,Paid,,,N,,23,2025-02-13
CLM-2025-000095,Summit Behavioral Health Plan,90832,F90.0,112.32,Paid,,,N,,19,2025-06-10
CLM-2025-000096,Pinnacle Commercial Plan,90834,F33.1,174.51,Paid,,,N,,29,2025-08-14
CLM-2025-000097,Liberty Care PPO,90837,F31.30,196.58,Paid,,,N,,24,2025-01-31
CLM-2025-000098,Gateway Health Cooperative,90832,F41.1,93.25,Paid,,,N,,19,2025-02-19
CLM-2025-000099,Summit Behavioral Health Plan,90834,F33.1,155.63,Denied,CO-29 Timely filing - claim submitted past deadline,2025-02-09,Y,overturned,66,2025-01-14
CLM-2025-000100,Pinnacle Commercial Plan,90837,F41.1,199.67,Denied,CO-96 Non-covered charges,2025-05-10,N,not appealed,69,2025-04-24
CLM-2025-000101,Summit Behavioral Health Plan,90792,F31.30,310.76,Paid,,,N,,21,2025-08-05
CLM-2025-000102,Liberty Care PPO,90834,F90.0,138.25,Denied,CO-96 Non-covered charges,2025-09-30,Y,pending,92,2025-09-04
CLM-2025-000103,Gateway Health Cooperative,90837,F41.1,161.55,Paid,,,N,,32,2025-09-09
CLM-2025-000104,Apex Medicare Advantage,90791,F33.1,326.48,Denied,CO-16 Claim lacks information needed for adjudication,2025-06-29,N,not appealed,83,2025-06-02
CLM-2025-000105,Harbor State Medicaid,90792,F31.30,338.53,Paid,,,N,,11,2025-08-02
CLM-2025-000106,Apex Medicare Advantage,90834,F32.1,139.26,Denied,CO-97 Payment included in another service already adjudicated,2025-09-09,Y,upheld,90,2025-08-13
CLM-2025-000107,Summit Behavioral Health Plan,90791,F32.1,275.24,Paid,,,N,,28,2025-09-11
CLM-2025-000108,Pinnacle Commercial Plan,90791,F90.0,336.94,Denied,CO-96 Non-covered charges,2025-05-18,N,not appealed,63,2025-04-21
CLM-2025-000109,Summit Behavioral Health Plan,90834,F90.0,175.66,Paid,,,N,,15,2025-08-19
CLM-2025-000110,Summit Behavioral Health Plan,90837,F31.30,207.96,Paid,,,N,,12,2025-02-15
CLM-2025-000111,Apex Medicare Advantage,90791,F32.1,349.23,Paid,,,N,,18,2025-05-04
CLM-2025-000112,Apex Medicare Advantage,90837,F33.1,190.53,Paid,,,N,,29,2025-04-22
CLM-2025-000113,Summit Behavioral Health Plan,90834,F43.12,143.02,Paid,,,N,,16,2025-05-16
CLM-2025-000114,Pinnacle Commercial Plan,90832,F90.0,121.6,Paid,,,N,,32,2025-04-03
CLM-2025-000115,Summit Behavioral Health Plan,90791,F43.12,322.61,Paid,,,N,,27,2025-06-03
CLM-2025-000116,Pinnacle Commercial Plan,90834,F33.1,149.06,Paid,,,N,,28,2025-05-27
CLM-2025-000117,Liberty Care PPO,90834,F31.30,131.32,Paid,,,N,,25,2025-03-08
CLM-2025-000118,Pinnacle Commercial Plan,90834,F90.0,139.09,Paid,,,N,,28,2025-07-05
CLM-2025-000119,Liberty Care PPO,90837,F41.1,209.24,Paid,,,N,,22,2025-05-12
CLM-2025-000120,Apex Medicare Advantage,90834,F90.0,172.18,Paid,,,N,,28,2025-01-31
CLM-2025-000121,Summit Behavioral Health Plan,90792,F41.1,367.09,Paid,,,N,,20,2025-01-25
CLM-2025-000122,Liberty Care PPO,90837,F33.1,198.99,Paid,,,N,,35,2025-08-12
CLM-2025-000123,Liberty Care PPO,90834,F90.0,163.12,Paid,,,N,,37,2025-08-17
CLM-2025-000124,Summit Behavioral Health Plan,90837,F41.1,215.26,Denied,CO-197 Precertification/authorization absent,2025-07-31,Y,overturned,51,2025-07-16
CLM-2025-000125,Summit Behavioral Health Plan,90853,F33.1,68.8,Denied,CO-18 Duplicate claim/service,2025-05-26,N,not appealed,61,2025-04-26
CLM-2025-000126,Summit Behavioral Health Plan,90791,F43.12,337.08,Denied,CO-109 Claim not covered by this payer/contractor,2025-07-15,Y,overturned,79,2025-06-29
CLM-2025-000127,Summit Behavioral Health Plan,90791,F33.1,330.46,Paid,,,N,,14,2025-06-28
CLM-2025-000128,Liberty Care PPO,90834,F31.30,155.25,Paid,,,N,,26,2025-09-09
CLM-2025-000129,Liberty Care PPO,90834,F90.0,179.96,Denied,CO-97 Payment included in another service already adjudicated,2025-03-04,Y,upheld,66,2025-02-02
CLM-2025-000130,Harbor State Medicaid,90837,F43.12,176.47,Paid,,,N,,21,2025-08-15
CLM-2025-000131,Harbor State Medicaid,96127,F33.1,36.18,Paid,,,N,,19,2025-07-23
CLM-2025-000132,Pinnacle Commercial Plan,90832,F33.1,97.61,Paid,,,N,,20,2025-06-28
CLM-2025-000133,Gateway Health Cooperative,96127,F33.1,34.7,Paid,,,N,,32,2025-07-26
CLM-2025-000134,Liberty Care PPO,90791,F33.1,340.96,Denied,CO-50 Non-covered service - deemed not medically necessary,2025-08-14,N,not appealed,88,2025-07-16
CLM-2025-000135,Apex Medicare Advantage,96127,F33.1,37.46,Paid,,,N,,29,2025-08-27
CLM-2025-000136,Harbor State Medicaid,90832,F32.1,124.82,Paid,,,N,,12,2025-05-05
CLM-2025-000137,Gateway Health Cooperative,90832,F31.30,117.05,Paid,,,N,,31,2025-09-13
CLM-2025-000138,Liberty Care PPO,90853,F43.12,60.42,Paid,,,N,,39,2025-02-06
CLM-2025-000139,Gateway Health Cooperative,90832,F31.30,105.24,Paid,,,N,,21,2025-09-03
CLM-2025-000140,Apex Medicare Advantage,90837,F33.1,216.59,Paid,,,N,,16,2025-08-28
CLM-2025-000141,Gateway Health Cooperative,90834,F31.30,162.06,Denied,CO-50 Non-covered service - deemed not medically necessary,2025-05-03,Y,overturned,61,2025-04-20
CLM-2025-000142,Summit Behavioral Health Plan,90834,F33.1,143.32,Paid,,,N,,29,2025-06-26
CLM-2025-000143,Liberty Care PPO,90837,F90.0,169.27,Denied,CO-50 Non-covered service - deemed not medically necessary,2025-07-19,N,not appealed,82,2025-06-22
CLM-2025-000144,Summit Behavioral Health Plan,90834,F41.1,146.6,Paid,,,N,,23,2025-08-12
CLM-2025-000145,Apex Medicare Advantage,96130,F90.0,208.69,Paid,,,N,,17,2025-03-17
CLM-2025-000146,Harbor State Medicaid,90853,F41.1,62.75,Paid,,,N,,10,2025-06-19
CLM-2025-000147,Summit Behavioral Health Plan,90834,F43.12,179.33,Denied,CO-16 Claim lacks information needed for adjudication,2025-03-17,Y,upheld,64,2025-02-27
CLM-2025-000148,Liberty Care PPO,90792,F32.1,370.05,Paid,,,N,,22,2025-03-17
CLM-2025-000149,Harbor State Medicaid,90834,F32.1,167.91,Paid,,,N,,12,2025-06-24
CLM-2025-000150,Summit Behavioral Health Plan,90853,F33.1,67.14,Denied,CO-50 Non-covered service - deemed not medically necessary,2025-02-04,Y,overturned,80,2025-01-10
CLM-2025-000151,Liberty Care PPO,90834,F90.0,155.62,Denied,CO-97 Payment included in another service already adjudicated,2025-06-11,Y,upheld,66,2025-05-14
CLM-2025-000152,Summit Behavioral Health Plan,90834,F31.30,144.1,Paid,,,N,,26,2025-02-02
CLM-2025-000153,Summit Behavioral Health Plan,90791,F32.1,310.83,Denied,CO-29 Timely filing - claim submitted past deadline,2025-03-08,N,not appealed,74,2025-02-07
CLM-2025-000154,Harbor State Medicaid,90834,F43.12,147.22,Denied,CO-16 Claim lacks information needed for adjudication,2025-05-25,N,not appealed,58,2025-04-26
CLM-2025-000155,Liberty Care PPO,96127,F90.0,31.21,Denied,CO-50 Non-covered service - deemed not medically necessary,2025-05-13,Y,overturned,74,2025-04-18
CLM-2025-000156,Gateway Health Cooperative,90834,F32.1,125.47,Paid,,,N,,25,2025-01-29
CLM-2025-000157,Pinnacle Commercial Plan,90834,F43.12,155.19,Denied,CO-50 Non-covered service - deemed not medically necessary,2025-06-21,N,not appealed,87,2025-05-29
CLM-2025-000158,Pinnacle Commercial Plan,90837,F43.12,218.1,Denied,CO-97 Payment included in another service already adjudicated,2025-04-13,Y,overturned,66,2025-03-26
CLM-2025-000159,Liberty Care PPO,90834,F33.1,126.89,Denied,CO-50 Non-covered service - deemed not medically necessary,2025-06-30,N,not appealed,104,2025-06-01
CLM-2025-000160,Apex Medicare Advantage,90837,F31.30,161.58,Paid,,,N,,14,2025-08-06
CLM-2025-000161,Summit Behavioral Health Plan,90837,F33.1,178.54,Denied,PR-27 Expenses incurred after coverage terminated,2025-05-05,N,not appealed,54,2025-04-05
CLM-2025-000162,Summit Behavioral Health Plan,90837,F31.30,161.84,Denied,CO-97 Payment included in another service already adjudicated,2025-06-12,Y,overturned,70,2025-05-21
CLM-2025-000163,Pinnacle Commercial Plan,90834,F32.1,125.1,Denied,CO-97 Payment included in another service already adjudicated,2025-02-28,Y,upheld,91,2025-02-14
CLM-2025-000164,Apex Medicare Advantage,90834,F43.12,132.93,Paid,,,N,,17,2025-02-04
CLM-2025-000165,Liberty Care PPO,90837,F31.30,189.2,Denied,CO-50 Non-covered service - deemed not medically necessary,2025-04-18,N,not appealed,68,2025-03-25
CLM-2025-000166,Summit Behavioral Health Plan,90834,F41.1,132.67,Denied,CO-96 Non-covered charges,2025-08-01,Y,overturned,58,2025-07-20
CLM-2025-000167,Liberty Care PPO,90837,F31.30,190.02,Denied,CO-50 Non-covered service - deemed not medically necessary,2025-08-24,N,not appealed,67,2025-07-31
CLM-2025-000168,Liberty Care PPO,90834,F33.1,124.67,Paid,,,N,,30,2025-06-02
CLM-2025-000169,Gateway Health Cooperative,90834,F32.1,126.91,Paid,,,N,,33,2025-09-10
CLM-2025-000170,Apex Medicare Advantage,90837,F90.0,181.71,Denied,CO-97 Payment included in another service already adjudicated,2025-09-03,N,not appealed,80,2025-08-10
CLM-2025-000171,Pinnacle Commercial Plan,90837,F41.1,173.29,Paid,,,N,,19,2025-01-25
CLM-2025-000172,Apex Medicare Advantage,90792,F33.1,357.62,Paid,,,N,,18,2025-07-11
CLM-2025-000173,Summit Behavioral Health Plan,90792,F43.12,299.73,Paid,,,N,,14,2025-02-14
CLM-2025-000174,Summit Behavioral Health Plan,90853,F43.12,74.82,Paid,,,N,,30,2025-07-19
CLM-2025-000175,Gateway Health Cooperative,96130,F31.30,205.86,Denied,CO-50 Non-covered service - deemed not medically necessary,2025-04-22,N,not appealed,72,2025-03-27
CLM-2025-000176,Apex Medicare Advantage,90834,F90.0,124.45,Denied,CO-97 Payment included in another service already adjudicated,2025-05-22,Y,upheld,60,2025-05-01
CLM-2025-000177,Apex Medicare Advantage,90834,F43.12,147.76,Paid,,,N,,15,2025-09-07
CLM-2025-000178,Liberty Care PPO,90853,F33.1,79.56,Paid,,,N,,22,2025-06-09
CLM-2025-000179,Harbor State Medicaid,90834,F33.1,168.66,Denied,CO-29 Timely filing - claim submitted past deadline,2025-07-20,Y,overturned,73,2025-07-07
CLM-2025-000180,Apex Medicare Advantage,90837,F33.1,181.83,Paid,,,N,,24,2025-04-15
CLM-2025-000181,Gateway Health Cooperative,90791,F33.1,313.09,Paid,,,N,,31,2025-01-22
CLM-2025-000182,Gateway Health Cooperative,90832,F31.30,118.95,Paid,,,N,,18,2025-09-09
CLM-2025-000183,Liberty Care PPO,90834,F33.1,128.49,Paid,,,N,,40,2025-03-26
CLM-2025-000184,Gateway Health Cooperative,90791,F32.1,320.88,Paid,,,N,,34,2025-03-26
CLM-2025-000185,Pinnacle Commercial Plan,90853,F31.30,80.1,Paid,,,N,,18,2025-06-30
CLM-2025-000186,Gateway Health Cooperative,90834,F33.1,141.71,Denied,CO-96 Non-covered charges,2025-04-22,Y,upheld,64,2025-03-26
CLM-2025-000187,Summit Behavioral Health Plan,96127,F43.12,26.52,Paid,,,N,,28,2025-08-07
CLM-2025-000188,Summit Behavioral Health Plan,90834,F41.1,165.98,Paid,,,N,,17,2025-06-07
CLM-2025-000189,Summit Behavioral Health Plan,90837,F41.1,197.48,Paid,,,N,,25,2025-07-09
CLM-2025-000190,Liberty Care PPO,90837,F43.12,218.18,Paid,,,N,,32,2025-03-19
CLM-2025-000191,Summit Behavioral Health Plan,90832,F90.0,128.62,Paid,,,N,,23,2025-08-25
CLM-2025-000192,Gateway Health Cooperative,90834,F33.1,146.44,Paid,,,N,,30,2025-07-24
CLM-2025-000193,Liberty Care PPO,90792,F43.12,299.97,Paid,,,N,,19,2025-02-10
CLM-2025-000194,Gateway Health Cooperative,96127,F32.1,33.32,Paid,,,N,,17,2025-07-07
CLM-2025-000195,Liberty Care PPO,90853,F43.12,68.18,Paid,,,N,,20,2025-02-12
CLM-2025-000196,Harbor State Medicaid,90832,F33.1,108.05,Denied,CO-50 Non-covered service - deemed not medically necessary,2025-09-29,Y,overturned,50,2025-09-01
CLM-2025-000197,Liberty Care PPO,90791,F31.30,343.08,Denied,CO-50 Non-covered service - deemed not medically necessary,2025-07-04,Y,upheld,109,2025-06-21
CLM-2025-000198,Pinnacle Commercial Plan,90837,F43.12,188.15,Paid,,,N,,16,2025-01-07
CLM-2025-000199,Summit Behavioral Health Plan,90853,F31.30,76.46,Paid,,,N,,15,2025-06-10
CLM-2025-000200,Pinnacle Commercial Plan,90832,F41.1,94.87,Paid,,,N,,35,2025-04-23
CLM-2025-000201,Liberty Care PPO,90791,F43.12,340.51,Denied,CO-96 Non-covered charges,2025-06-11,N,not appealed,83,2025-05-23
CLM-2025-000202,Liberty Care PPO,90837,F90.0,174.43,Paid,,,N,,20,2025-02-22
CLM-2025-000203,Apex Medicare Advantage,90834,F43.12,177.2,Paid,,,N,,30,2025-05-15
CLM-2025-000204,Apex Medicare Advantage,90834,F31.30,148.21,Paid,,,N,,22,2025-04-15
CLM-2025-000205,Gateway Health Cooperative,90834,F41.1,124.05,Paid,,,N,,17,2025-07-12
CLM-2025-000206,Pinnacle Commercial Plan,90837,F32.1,179.95,Paid,,,N,,36,2025-04-06
CLM-2025-000207,Summit Behavioral Health Plan,90853,F31.30,73.94,Paid,,,N,,16,2025-05-08
CLM-2025-000208,Summit Behavioral Health Plan,90853,F33.1,73.73,Denied,CO-50 Non-covered service - deemed not medically necessary,2025-03-11,Y,overturned,75,2025-02-26
CLM-2025-000209,Harbor State Medicaid,90834,F31.30,135.2,Paid,,,N,,23,2025-02-23
CLM-2025-000210,Pinnacle Commercial Plan,96127,F32.1,29.98,Denied,CO-96 Non-covered charges,2025-08-22,N,not appealed,84,2025-07-29
CLM-2025-000211,Liberty Care PPO,90792,F33.1,349.21,Paid,,,N,,26,2025-08-30
CLM-2025-000212,Pinnacle Commercial Plan,90837,F43.12,164.74,Denied,CO-96 Non-covered charges,2025-08-19,Y,upheld,79,2025-08-04
CLM-2025-000213,Liberty Care PPO,90837,F90.0,170.0,Denied,CO-50 Non-covered service - deemed not medically necessary,2025-04-28,N,not appealed,92,2025-04-05
CLM-2025-000214,Summit Behavioral Health Plan,96130,F32.1,255.83,Paid,,,N,,23,2025-06-26
CLM-2025-000215,Apex Medicare Advantage,90837,F32.1,169.6,Paid,,,N,,28,2025-02-11
CLM-2025-000216,Summit Behavioral Health Plan,90791,F33.1,327.85,Paid,,,N,,30,2025-04-08
CLM-2025-000217,Summit Behavioral Health Plan,90792,F33.1,324.99,Paid,,,N,,14,2025-04-11
CLM-2025-000218,Apex Medicare Advantage,90834,F31.30,143.88,Paid,,,N,,17,2025-03-18
CLM-2025-000219,Summit Behavioral Health Plan,90792,F43.12,331.77,Denied,CO-96 Non-covered charges,2025-03-03,Y,overturned,94,2025-02-05
CLM-2025-000220,Harbor State Medicaid,90834,F32.1,127.36,Paid,,,N,,21,2025-05-01
CLM-2025-000221,Liberty Care PPO,90791,F33.1,318.19,Denied,CO-50 Non-covered service - deemed not medically necessary,2025-07-24,Y,overturned,75,2025-06-25
CLM-2025-000222,Gateway Health Cooperative,96127,F33.1,34.57,Denied,OA-23 Impact of prior payer adjudication,2025-06-01,Y,overturned,78,2025-05-16
CLM-2025-000223,Apex Medicare Advantage,90834,F43.12,168.22,Paid,,,N,,16,2025-02-08
CLM-2025-000224,Summit Behavioral Health Plan,90834,F90.0,163.02,Paid,,,N,,25,2025-05-20
CLM-2025-000225,Pinnacle Commercial Plan,90791,F31.30,347.24,Paid,,,N,,32,2025-01-24
CLM-2025-000226,Liberty Care PPO,96127,F31.30,36.7,Denied,CO-197 Precertification/authorization absent,2025-06-30,Y,upheld,72,2025-06-05
CLM-2025-000227,Apex Medicare Advantage,90834,F31.30,129.72,Paid,,,N,,30,2025-03-04
CLM-2025-000228,Pinnacle Commercial Plan,96127,F31.30,28.76,Denied,CO-96 Non-covered charges,2025-09-23,N,not appealed,99,2025-09-07
CLM-2025-000229,Apex Medicare Advantage,90834,F43.12,130.12,Denied,CO-29 Timely filing - claim submitted past deadline,2025-03-08,N,not appealed,91,2025-02-14
CLM-2025-000230,Summit Behavioral Health Plan,96127,F31.30,26.22,Paid,,,N,,18,2025-07-22
CLM-2025-000231,Pinnacle Commercial Plan,90834,F90.0,158.34,Paid,,,N,,25,2025-08-21
CLM-2025-000232,Gateway Health Cooperative,90834,F31.30,134.69,Paid,,,N,,16,2025-04-19
CLM-2025-000233,Gateway Health Cooperative,90792,F90.0,321.56,Paid,,,N,,18,2025-02-27
CLM-2025-000234,Liberty Care PPO,90837,F33.1,204.05,Denied,CO-50 Non-covered service - deemed not medically necessary,2025-10-05,Y,pending,80,2025-09-12
CLM-2025-000235,Apex Medicare Advantage,90832,F32.1,99.92,Paid,,,N,,26,2025-01-18
CLM-2025-000236,Pinnacle Commercial Plan,90834,F41.1,177.76,Denied,CO-97 Payment included in another service already adjudicated,2025-08-24,Y,overturned,92,2025-08-02
CLM-2025-000237,Apex Medicare Advantage,96127,F32.1,32.46,Paid,,,N,,28,2025-09-04
CLM-2025-000238,Harbor State Medicaid,90832,F32.1,104.12,Paid,,,N,,24,2025-03-19
CLM-2025-000239,Pinnacle Commercial Plan,90837,F32.1,177.14,Denied,CO-50 Non-covered service - deemed not medically necessary,2025-08-30,N,not appealed,85,2025-08-10
CLM-2025-000240,Liberty Care PPO,90834,F41.1,154.22,Paid,,,N,,20,2025-04-08
CLM-2025-000241,Liberty Care PPO,90834,F43.12,152.99,Paid,,,N,,22,2025-06-29
CLM-2025-000242,Harbor State Medicaid,90834,F33.1,167.69,Paid,,,N,,22,2025-05-28
CLM-2025-000243,Summit Behavioral Health Plan,90837,F32.1,184.08,Denied,CO-29 Timely filing - claim submitted past deadline,2025-02-13,Y,pending,82,2025-01-17
CLM-2025-000244,Summit Behavioral Health Plan,96127,F90.0,29.78,Paid,,,N,,21,2025-06-12
CLM-2025-000245,Apex Medicare Advantage,90834,F90.0,150.58,Paid,,,N,,29,2025-07-06
CLM-2025-000246,Pinnacle Commercial Plan,90834,F90.0,160.43,Denied,PR-27 Expenses incurred after coverage terminated,2025-06-16,N,not appealed,76,2025-06-04
CLM-2025-000247,Harbor State Medicaid,90853,F43.12,83.28,Paid,,,N,,19,2025-03-05
CLM-2025-000248,Apex Medicare Advantage,90834,F90.0,163.27,Paid,,,N,,21,2025-02-12
CLM-2025-000249,Summit Behavioral Health Plan,96130,F32.1,188.79,Paid,,,N,,16,2025-04-28
CLM-2025-000250,Liberty Care PPO,90832,F43.12,110.07,Paid,,,N,,19,2025-08-29
CLM-2025-000251,Gateway Health Cooperative,90834,F31.30,153.65,Paid,,,N,,24,2025-05-08
CLM-2025-000252,Harbor State Medicaid,90834,F43.12,151.99,Paid,,,N,,23,2025-04-06
CLM-2025-000253,Gateway Health Cooperative,90837,F43.12,201.6,Denied,CO-96 Non-covered charges,2025-06-07,Y,upheld,74,2025-05-09
CLM-2025-000254,Pinnacle Commercial Plan,90837,F90.0,201.41,Paid,,,N,,33,2025-03-28
CLM-2025-000255,Harbor State Medicaid,90853,F32.1,68.2,Paid,,,N,,16,2025-06-01
CLM-2025-000256,Pinnacle Commercial Plan,90834,F41.1,140.71,Denied,CO-109 Claim not covered by this payer/contractor,2025-04-04,Y,overturned,76,2025-03-21
CLM-2025-000257,Gateway Health Cooperative,90832,F33.1,123.12,Paid,,,N,,22,2025-09-01
CLM-2025-000258,Summit Behavioral Health Plan,90837,F41.1,195.21,Paid,,,N,,28,2025-01-18
CLM-2025-000259,Summit Behavioral Health Plan,90832,F33.1,94.01,Paid,,,N,,16,2025-07-08
CLM-2025-000260,Summit Behavioral Health Plan,90834,F90.0,175.75,Paid,,,N,,27,2025-06-22
CLM-2025-000261,Apex Medicare Advantage,90792,F33.1,376.39,Paid,,,N,,16,2025-03-20
CLM-2025-000262,Gateway Health Cooperative,90832,F32.1,119.55,Paid,,,N,,27,2025-08-27
CLM-2025-000263,Pinnacle Commercial Plan,90792,F90.0,371.96,Paid,,,N,,25,2025-07-26
CLM-2025-000264,Pinnacle Commercial Plan,90791,F32.1,306.8,Paid,,,N,,25,2025-08-31
CLM-2025-000265,Liberty Care PPO,90837,F41.1,191.46,Denied,CO-50 Non-covered service - deemed not medically necessary,2025-08-31,Y,pending,75,2025-08-11
CLM-2025-000266,Gateway Health Cooperative,90837,F32.1,203.12,Paid,,,N,,23,2025-07-13
CLM-2025-000267,Apex Medicare Advantage,90837,F31.30,170.53,Paid,,,N,,27,2025-08-23
CLM-2025-000268,Apex Medicare Advantage,90791,F41.1,316.93,Paid,,,N,,21,2025-02-10
CLM-2025-000269,Summit Behavioral Health Plan,90834,F33.1,146.8,Paid,,,N,,30,2025-09-07
CLM-2025-000270,Gateway Health Cooperative,90791,F31.30,315.37,Denied,CO-50 Non-covered service - deemed not medically necessary,2025-03-28,Y,upheld,100,2025-03-07
CLM-2025-000271,Pinnacle Commercial Plan,90837,F33.1,198.32,Paid,,,N,,23,2025-04-10
CLM-2025-000272,Harbor State Medicaid,90834,F43.12,147.3,Paid,,,N,,18,2025-04-11
CLM-2025-000273,Harbor State Medicaid,90837,F41.1,208.12,Paid,,,N,,22,2025-07-20
CLM-2025-000274,Apex Medicare Advantage,90853,F43.12,75.77,Paid,,,N,,32,2025-07-05
CLM-2025-000275,Summit Behavioral Health Plan,90853,F41.1,87.09,Paid,,,N,,17,2025-06-01
CLM-2025-000276,Liberty Care PPO,90834,F41.1,126.97,Paid,,,N,,20,2025-07-08
CLM-2025-000277,Pinnacle Commercial Plan,90834,F41.1,123.34,Paid,,,N,,34,2025-05-17
CLM-2025-000278,Summit Behavioral Health Plan,90834,F31.30,168.41,Paid,,,N,,12,2025-01-11
CLM-2025-000279,Gateway Health Cooperative,90834,F33.1,122.72,Denied,OA-23 Impact of prior payer adjudication,2025-07-18,N,not appealed,85,2025-07-04
CLM-2025-000280,Summit Behavioral Health Plan,90834,F31.30,166.14,Paid,,,N,,25,2025-09-13
CLM-2025-000281,Liberty Care PPO,96127,F90.0,31.73,Denied,CO-197 Precertification/authorization absent,2025-05-11,Y,upheld,72,2025-04-12
CLM-2025-000282,Summit Behavioral Health Plan,90834,F31.30,151.73,Denied,CO-50 Non-covered service - deemed not medically necessary,2025-09-25,N,not appealed,79,2025-09-13
CLM-2025-000283,Gateway Health Cooperative,90834,F41.1,151.92,Paid,,,N,,18,2025-03-10
CLM-2025-000284,Summit Behavioral Health Plan,96127,F32.1,35.88,Paid,,,N,,25,2025-01-14
CLM-2025-000285,Apex Medicare Advantage,96127,F41.1,38.34,Denied,CO-29 Timely filing - claim submitted past deadline,2025-03-25,N,not appealed,100,2025-02-27
CLM-2025-000286,Pinnacle Commercial Plan,90832,F90.0,91.77,Paid,,,N,,17,2025-03-06
CLM-2025-000287,Summit Behavioral Health Plan,96130,F31.30,198.73,Paid,,,N,,22,2025-06-02
CLM-2025-000288,Summit Behavioral Health Plan,96127,F43.12,39.79,Paid,,,N,,20,2025-03-03
CLM-2025-000289,Summit Behavioral Health Plan,96130,F41.1,250.38,Paid,,,N,,29,2025-06-15
CLM-2025-000290,Apex Medicare Advantage,96130,F31.30,255.33,Paid,,,N,,24,2025-04-13
CLM-2025-000291,Gateway Health Cooperative,90834,F41.1,137.99,Paid,,,N,,21,2025-07-18
CLM-2025-000292,Pinnacle Commercial Plan,90834,F90.0,162.45,Denied,CO-96 Non-covered charges,2025-09-22,N,not appealed,68,2025-08-28
CLM-2025-000293,Liberty Care PPO,90832,F32.1,103.21,Paid,,,N,,29,2025-08-30
CLM-2025-000294,Summit Behavioral Health Plan,90837,F33.1,171.43,Paid,,,N,,13,2025-04-12
CLM-2025-000295,Pinnacle Commercial Plan,90792,F31.30,356.17,Paid,,,N,,31,2025-06-26
CLM-2025-000296,Summit Behavioral Health Plan,96127,F32.1,29.55,Paid,,,N,,15,2025-03-01
CLM-2025-000297,Gateway Health Cooperative,90837,F31.30,214.87,Paid,,,N,,26,2025-06-09
CLM-2025-000298,Harbor State Medicaid,90834,F90.0,166.53,Paid,,,N,,15,2025-05-05
CLM-2025-000299,Liberty Care PPO,90834,F90.0,172.97,Paid,,,N,,33,2025-01-31
CLM-2025-000300,Pinnacle Commercial Plan,90834,F33.1,132.19,Denied,CO-16 Claim lacks information needed for adjudication,2025-05-07,Y,overturned,97,2025-04-21
CLM-2025-000301,Apex Medicare Advantage,90834,F33.1,129.14,Paid,,,N,,21,2025-03-05
CLM-2025-000302,Apex Medicare Advantage,90837,F33.1,201.09,Paid,,,N,,29,2025-07-20
CLM-2025-000303,Apex Medicare Advantage,90837,F41.1,181.13,Paid,,,N,,19,2025-07-09
CLM-2025-000304,Harbor State Medicaid,90834,F32.1,158.51,Denied,PR-27 Expenses incurred after coverage terminated,2025-06-02,N,not appealed,71,2025-05-20
CLM-2025-000305,Summit Behavioral Health Plan,90837,F41.1,164.08,Denied,CO-97 Payment included in another service already adjudicated,2025-01-21,Y,overturned,89,2025-01-08
CLM-2025-000306,Harbor State Medicaid,90837,F43.12,160.94,Paid,,,N,,10,2025-05-27
CLM-2025-000307,Apex Medicare Advantage,90832,F32.1,129.1,Paid,,,N,,27,2025-05-14
CLM-2025-000308,Pinnacle Commercial Plan,96127,F32.1,26.61,Denied,CO-96 Non-covered charges,2025-06-07,N,not appealed,76,2025-05-20
CLM-2025-000309,Pinnacle Commercial Plan,90832,F33.1,105.88,Paid,,,N,,34,2025-09-08
CLM-2025-000310,Summit Behavioral Health Plan,90837,F32.1,178.0,Paid,,,N,,13,2025-06-22
CLM-2025-000311,Summit Behavioral Health Plan,90834,F32.1,153.16,Denied,CO-50 Non-covered service - deemed not medically necessary,2025-07-15,N,not appealed,91,2025-06-18
CLM-2025-000312,Pinnacle Commercial Plan,90834,F32.1,171.48,Paid,,,N,,17,2025-08-23
CLM-2025-000313,Summit Behavioral Health Plan,96127,F43.12,35.38,Denied,CO-109 Claim not covered by this payer/contractor,2025-05-27,N,not appealed,86,2025-05-07
CLM-2025-000314,Gateway Health Cooperative,90792,F32.1,365.04,Denied,CO-50 Non-covered service - deemed not medically necessary,2025-10-03,N,not appealed,74,2025-09-09
CLM-2025-000315,Summit Behavioral Health Plan,90832,F90.0,123.39,Paid,,,N,,22,2025-06-28
CLM-2025-000316,Liberty Care PPO,90837,F31.30,207.43,Denied,CO-50 Non-covered service - deemed not medically necessary,2025-08-02,Y,overturned,69,2025-07-10
CLM-2025-000317,Liberty Care PPO,90853,F90.0,88.65,Paid,,,N,,18,2025-09-11
CLM-2025-000318,Gateway Health Cooperative,90853,F41.1,73.52,Paid,,,N,,26,2025-04-07
CLM-2025-000319,Liberty Care PPO,90837,F32.1,199.64,Paid,,,N,,25,2025-07-22
CLM-2025-000320,Gateway Health Cooperative,90791,F31.30,265.42,Paid,,,N,,26,2025-07-25
CLM-2025-000321,Liberty Care PPO,90791,F33.1,250.52,Denied,CO-50 Non-covered service - deemed not medically necessary,2025-05-15,Y,overturned,100,2025-04-29
CLM-2025-000322,Apex Medicare Advantage,90834,F33.1,121.58,Denied,CO-29 Timely filing - claim submitted past deadline,2025-06-18,N,not appealed,55,2025-05-27
CLM-2025-000323,Liberty Care PPO,90834,F43.12,125.08,Paid,,,N,,25,2025-08-25
CLM-2025-000324,Apex Medicare Advantage,90792,F41.1,318.07,Paid,,,N,,29,2025-03-15
CLM-2025-000325,Summit Behavioral Health Plan,90792,F33.1,307.6,Paid,,,N,,23,2025-05-09
CLM-2025-000326,Summit Behavioral Health Plan,90832,F43.12,115.0,Denied,CO-50 Non-covered service - deemed not medically necessary,2025-07-03,Y,overturned,89,2025-06-12
CLM-2025-000327,Liberty Care PPO,96127,F90.0,31.6,Paid,,,N,,38,2025-08-02
CLM-2025-000328,Harbor State Medicaid,90791,F31.30,282.07,Paid,,,N,,12,2025-02-26
CLM-2025-000329,Harbor State Medicaid,96130,F31.30,203.32,Paid,,,N,,19,2025-06-17
CLM-2025-000330,Pinnacle Commercial Plan,90834,F90.0,136.82,Denied,CO-97 Payment included in another service already adjudicated,2025-05-09,N,not appealed,71,2025-04-09
CLM-2025-000331,Gateway Health Cooperative,90834,F90.0,177.18,Paid,,,N,,28,2025-09-04
CLM-2025-000332,Pinnacle Commercial Plan,90853,F90.0,62.07,Paid,,,N,,36,2025-06-27
CLM-2025-000333,Liberty Care PPO,90832,F90.0,96.17,Denied,CO-50 Non-covered service - deemed not medically necessary,2025-08-23,N,not appealed,99,2025-07-27
CLM-2025-000334,Apex Medicare Advantage,96127,F43.12,35.38,Paid,,,N,,25,2025-01-15
CLM-2025-000335,Gateway Health Cooperative,90853,F32.1,77.81,Paid,,,N,,25,2025-02-02
CLM-2025-000336,Summit Behavioral Health Plan,90837,F31.30,193.79,Paid,,,N,,22,2025-06-28
CLM-2025-000337,Harbor State Medicaid,90834,F33.1,120.63,Paid,,,N,,18,2025-03-03
CLM-2025-000338,Apex Medicare Advantage,90837,F33.1,173.26,Paid,,,N,,32,2025-04-16
CLM-2025-000339,Gateway Health Cooperative,90792,F90.0,379.77,Paid,,,N,,16,2025-02-01
CLM-2025-000340,Summit Behavioral Health Plan,96130,F33.1,191.33,Paid,,,N,,18,2025-04-03
CLM-2025-000341,Apex Medicare Advantage,90834,F31.30,125.86,Paid,,,N,,16,2025-07-03
CLM-2025-000342,Liberty Care PPO,90853,F33.1,63.45,Denied,CO-16 Claim lacks information needed for adjudication,2025-07-09,Y,upheld,86,2025-06-20
CLM-2025-000343,Apex Medicare Advantage,96130,F90.0,198.55,Paid,,,N,,27,2025-06-16
CLM-2025-000344,Liberty Care PPO,90837,F90.0,212.99,Denied,CO-50 Non-covered service - deemed not medically necessary,2025-06-18,N,not appealed,78,2025-06-06
CLM-2025-000345,Summit Behavioral Health Plan,90837,F43.12,207.76,Paid,,,N,,29,2025-02-01
CLM-2025-000346,Summit Behavioral Health Plan,90834,F33.1,147.45,Paid,,,N,,28,2025-06-26
CLM-2025-000347,Harbor State Medicaid,90834,F90.0,143.32,Denied,CO-97 Payment included in another service already adjudicated,2025-07-01,N,not appealed,64,2025-06-05
CLM-2025-000348,Harbor State Medicaid,90834,F33.1,160.33,Paid,,,N,,11,2025-02-05
CLM-2025-000349,Summit Behavioral Health Plan,90837,F90.0,190.65,Denied,CO-97 Payment included in another service already adjudicated,2025-06-24,Y,overturned,91,2025-06-07
CLM-2025-000350,Harbor State Medicaid,90792,F33.1,296.69,Paid,,,N,,23,2025-02-10
CLM-2025-000351,Liberty Care PPO,90791,F32.1,285.9,Denied,CO-16 Claim lacks information needed for adjudication,2025-06-08,Y,overturned,108,2025-05-10
CLM-2025-000352,Apex Medicare Advantage,90837,F41.1,186.63,Paid,,,N,,21,2025-01-27
CLM-2025-000353,Liberty Care PPO,90832,F41.1,111.5,Paid,,,N,,33,2025-07-24
CLM-2025-000354,Apex Medicare Advantage,90791,F43.12,261.42,Paid,,,N,,31,2025-08-04
CLM-2025-000355,Pinnacle Commercial Plan,90791,F43.12,321.9,Paid,,,N,,19,2025-03-02
CLM-2025-000356,Gateway Health Cooperative,90837,F32.1,174.85,Paid,,,N,,16,2025-05-01
CLM-2025-000357,Liberty Care PPO,96130,F41.1,242.05,Paid,,,N,,36,2025-02-28
CLM-2025-000358,Gateway Health Cooperative,96127,F90.0,34.15,Paid,,,N,,20,2025-02-17
CLM-2025-000359,Pinnacle Commercial Plan,90853,F43.12,77.1,Paid,,,N,,21,2025-03-18
CLM-2025-000360,Liberty Care PPO,90837,F33.1,177.36,Paid,,,N,,39,2025-09-06
CLM-2025-000361,Pinnacle Commercial Plan,90791,F90.0,325.01,Denied,CO-96 Non-covered charges,2025-09-14,N,not appealed,68,2025-08-29
CLM-2025-000362,Summit Behavioral Health Plan,90837,F31.30,209.71,Paid,,,N,,30,2025-04-16
CLM-2025-000363,Gateway Health Cooperative,90837,F32.1,182.51,Paid,,,N,,16,2025-06-17
CLM-2025-000364,Liberty Care PPO,90837,F33.1,201.68,Paid,,,N,,28,2025-05-02
CLM-2025-000365,Apex Medicare Advantage,96127,F32.1,37.71,Paid,,,N,,25,2025-07-12
CLM-2025-000366,Pinnacle Commercial Plan,90853,F90.0,71.93,Denied,CO-96 Non-covered charges,2025-08-26,Y,overturned,96,2025-08-05
CLM-2025-000367,Pinnacle Commercial Plan,90853,F32.1,86.82,Denied,CO-29 Timely filing - claim submitted past deadline,2025-02-12,Y,upheld,70,2025-01-17
CLM-2025-000368,Liberty Care PPO,90791,F41.1,345.8,Paid,,,N,,38,2025-07-01
CLM-2025-000369,Liberty Care PPO,96127,F32.1,38.15,Denied,CO-50 Non-covered service - deemed not medically necessary,2025-07-09,Y,upheld,109,2025-06-22
CLM-2025-000370,Gateway Health Cooperative,90834,F32.1,125.47,Denied,CO-50 Non-covered service - deemed not medically necessary,2025-02-05,Y,upheld,55,2025-01-06
CLM-2025-000371,Summit Behavioral Health Plan,90834,F90.0,127.24,Denied,CO-50 Non-covered service - deemed not medically necessary,2025-07-26,Y,upheld,56,2025-07-02
CLM-2025-000372,Liberty Care PPO,96127,F41.1,27.06,Paid,,,N,,22,2025-06-19
CLM-2025-000373,Summit Behavioral Health Plan,90834,F41.1,156.62,Paid,,,N,,18,2025-04-28
CLM-2025-000374,Gateway Health Cooperative,90792,F31.30,321.17,Paid,,,N,,16,2025-04-29
CLM-2025-000375,Pinnacle Commercial Plan,90792,F31.30,292.32,Denied,CO-96 Non-covered charges,2025-04-30,Y,upheld,75,2025-04-14
CLM-2025-000376,Apex Medicare Advantage,90837,F31.30,196.46,Paid,,,N,,23,2025-01-12
CLM-2025-000377,Summit Behavioral Health Plan,90837,F90.0,171.32,Paid,,,N,,19,2025-03-22
CLM-2025-000378,Apex Medicare Advantage,90791,F43.12,299.96,Paid,,,N,,14,2025-01-24
CLM-2025-000379,Harbor State Medicaid,96127,F43.12,26.98,Paid,,,N,,20,2025-04-23
CLM-2025-000380,Summit Behavioral Health Plan,90834,F32.1,179.24,Paid,,,N,,12,2025-01-10
CLM-2025-000381,Summit Behavioral Health Plan,90791,F90.0,256.05,Paid,,,N,,28,2025-05-15
CLM-2025-000382,Pinnacle Commercial Plan,90834,F31.30,144.14,Paid,,,N,,20,2025-05-23
CLM-2025-000383,Summit Behavioral Health Plan,90834,F41.1,150.68,Paid,,,N,,29,2025-09-12
CLM-2025-000384,Liberty Care PPO,90834,F31.30,165.79,Paid,,,N,,27,2025-06-29
CLM-2025-000385,Gateway Health Cooperative,90837,F32.1,210.79,Denied,CO-97 Payment included in another service already adjudicated,2025-04-04,N,not appealed,58,2025-03-09
CLM-2025-000386,Liberty Care PPO,90837,F32.1,204.44,Paid,,,N,,40,2025-01-09
CLM-2025-000387,Summit Behavioral Health Plan,90834,F43.12,140.8,Paid,,,N,,20,2025-07-25
CLM-2025-000388,Summit Behavioral Health Plan,90791,F33.1,328.11,Paid,,,N,,12,2025-07-12
CLM-2025-000389,Liberty Care PPO,90834,F33.1,151.43,Paid,,,N,,38,2025-07-07
CLM-2025-000390,Summit Behavioral Health Plan,90834,F90.0,141.61,Paid,,,N,,23,2025-08-13
CLM-2025-000391,Summit Behavioral Health Plan,90853,F31.30,86.83,Denied,CO-16 Claim lacks information needed for adjudication,2025-07-22,Y,upheld,65,2025-07-10
CLM-2025-000392,Summit Behavioral Health Plan,90834,F41.1,175.21,Paid,,,N,,13,2025-09-01
CLM-2025-000393,Apex Medicare Advantage,96127,F90.0,36.11,Paid,,,N,,27,2025-03-04
CLM-2025-000394,Harbor State Medicaid,90834,F43.12,169.56,Denied,CO-16 Claim lacks information needed for adjudication,2025-04-24,Y,upheld,47,2025-04-11
CLM-2025-000395,Harbor State Medicaid,90791,F33.1,296.51,Paid,,,N,,15,2025-07-23
CLM-2025-000396,Summit Behavioral Health Plan,90834,F33.1,142.14,Paid,,,N,,19,2025-05-30
CLM-2025-000397,Apex Medicare Advantage,90834,F41.1,149.6,Paid,,,N,,21,2025-07-12
CLM-2025-000398,Summit Behavioral Health Plan,96127,F43.12,25.36,Paid,,,N,,12,2025-04-04
CLM-2025-000399,Harbor State Medicaid,90791,F31.30,315.73,Paid,,,N,,13,2025-07-11
CLM-2025-000400,Apex Medicare Advantage,90832,F32.1,109.68,Paid,,,N,,22,2025-09-11
CLM-2025-000401,Summit Behavioral Health Plan,96127,F43.12,38.46,Paid,,,N,,23,2025-04-21
CLM-2025-000402,Liberty Care PPO,90837,F43.12,194.85,Paid,,,N,,30,2025-02-09
CLM-2025-000403,Summit Behavioral Health Plan,90834,F41.1,146.1,Paid,,,N,,22,2025-03-07
CLM-2025-000404,Harbor State Medicaid,90834,F33.1,169.91,Paid,,,N,,13,2025-03-28
CLM-2025-000405,Summit Behavioral Health Plan,90832,F43.12,121.2,Denied,CO-50 Non-covered service - deemed not medically necessary,2025-02-28,Y,pending,72,2025-02-02
CLM-2025-000406,Harbor State Medicaid,90832,F33.1,102.33,Denied,CO-50 Non-covered service - deemed not medically necessary,2025-09-02,N,not appealed,83,2025-08-12
CLM-2025-000407,Summit Behavioral Health Plan,90853,F32.1,69.83,Denied,CO-96 Non-covered charges,2025-08-04,Y,overturned,61,2025-07-07
CLM-2025-000408,Summit Behavioral Health Plan,90834,F31.30,147.13,Denied,CO-97 Payment included in another service already adjudicated,2025-06-11,Y,pending,64,2025-05-26
CLM-2025-000409,Summit Behavioral Health Plan,90853,F31.30,71.17,Paid,,,N,,30,2025-09-03
CLM-2025-000410,Apex Medicare Advantage,96127,F32.1,26.12,Paid,,,N,,28,2025-02-25
CLM-2025-000411,Pinnacle Commercial Plan,90791,F33.1,334.73,Denied,CO-96 Non-covered charges,2025-02-23,N,not appealed,87,2025-02-06
CLM-2025-000412,Pinnacle Commercial Plan,90834,F31.30,121.77,Denied,CO-96 Non-covered charges,2025-05-12,Y,overturned,69,2025-04-25
CLM-2025-000413,Summit Behavioral Health Plan,90837,F33.1,174.75,Paid,,,N,,29,2025-05-13
CLM-2025-000414,Apex Medicare Advantage,90791,F90.0,288.3,Paid,,,N,,30,2025-02-26
CLM-2025-000415,Summit Behavioral Health Plan,96130,F32.1,223.49,Paid,,,N,,23,2025-04-13
CLM-2025-000416,Apex Medicare Advantage,90853,F43.12,70.32,Paid,,,N,,22,2025-05-14
CLM-2025-000417,Summit Behavioral Health Plan,90834,F33.1,133.14,Paid,,,N,,27,2025-01-20
CLM-2025-000418,Apex Medicare Advantage,90853,F41.1,89.99,Paid,,,N,,21,2025-01-31
CLM-2025-000419,Summit Behavioral Health Plan,90853,F32.1,87.52,Paid,,,N,,19,2025-07-20
CLM-2025-000420,Apex Medicare Advantage,96130,F41.1,211.07,Paid,,,N,,24,2025-02-20
CLM-2025-000421,Pinnacle Commercial Plan,90837,F32.1,214.84,Paid,,,N,,34,2025-07-05
CLM-2025-000422,Apex Medicare Advantage,90834,F90.0,131.29,Paid,,,N,,29,2025-05-24
CLM-2025-000423,Summit Behavioral Health Plan,90791,F32.1,310.17,Paid,,,N,,22,2025-05-20
CLM-2025-000424,Harbor State Medicaid,90832,F31.30,95.22,Paid,,,N,,23,2025-02-20
CLM-2025-000425,Pinnacle Commercial Plan,90791,F31.30,264.77,Denied,CO-50 Non-covered service - deemed not medically necessary,2025-09-25,N,not appealed,64,2025-08-28
CLM-2025-000426,Liberty Care PPO,96130,F32.1,211.65,Denied,CO-50 Non-covered service - deemed not medically necessary,2025-04-19,N,not appealed,92,2025-04-02
CLM-2025-000427,Pinnacle Commercial Plan,96130,F41.1,231.93,Paid,,,N,,35,2025-07-06
CLM-2025-000428,Pinnacle Commercial Plan,90832,F41.1,113.56,Denied,CO-18 Duplicate claim/service,2025-04-28,Y,pending,104,2025-04-12
CLM-2025-000429,Harbor State Medicaid,90834,F43.12,179.66,Paid,,,N,,15,2025-01-14
CLM-2025-000430,Harbor State Medicaid,96130,F43.12,197.67,Paid,,,N,,12,2025-02-01
CLM-2025-000431,Liberty Care PPO,90791,F33.1,284.68,Paid,,,N,,20,2025-02-17
CLM-2025-000432,Pinnacle Commercial Plan,90837,F33.1,203.76,Denied,CO-96 Non-covered charges,2025-05-14,Y,upheld,60,2025-04-30
CLM-2025-000433,Summit Behavioral Health Plan,90834,F41.1,145.18,Paid,,,N,,24,2025-08-20
CLM-2025-000434,Liberty Care PPO,90834,F43.12,169.73,Paid,,,N,,25,2025-06-21
CLM-2025-000435,Summit Behavioral Health Plan,90791,F33.1,334.58,Paid,,,N,,15,2025-01-11
CLM-2025-000436,Summit Behavioral Health Plan,90792,F31.30,317.55,Paid,,,N,,14,2025-01-25
CLM-2025-000437,Liberty Care PPO,96130,F31.30,251.46,Paid,,,N,,38,2025-01-13
CLM-2025-000438,Summit Behavioral Health Plan,96127,F32.1,27.36,Denied,CO-50 Non-covered service - deemed not medically necessary,2025-04-29,N,not appealed,84,2025-03-31
CLM-2025-000439,Summit Behavioral Health Plan,90832,F32.1,99.5,Paid,,,N,,27,2025-04-16
CLM-2025-000440,Summit Behavioral Health Plan,90834,F33.1,145.66,Paid,,,N,,27,2025-08-04
CLM-2025-000441,Summit Behavioral Health Plan,90791,F33.1,267.08,Denied,PR-27 Expenses incurred after coverage terminated,2025-10-04,N,not appealed,80,2025-09-13
CLM-2025-000442,Apex Medicare Advantage,90837,F43.12,165.47,Paid,,,N,,26,2025-04-15
CLM-2025-000443,Liberty Care PPO,90834,F90.0,135.8,Denied,CO-50 Non-covered service - deemed not medically necessary,2025-03-27,Y,upheld,71,2025-03-14
CLM-2025-000444,Summit Behavioral Health Plan,90834,F43.12,152.49,Paid,,,N,,24,2025-03-05
CLM-2025-000445,Pinnacle Commercial Plan,90834,F90.0,152.13,Paid,,,N,,31,2025-06-01
CLM-2025-000446,Liberty Care PPO,90834,F32.1,171.24,Paid,,,N,,34,2025-05-14
CLM-2025-000447,Pinnacle Commercial Plan,90837,F32.1,197.22,Paid,,,N,,21,2025-09-06
CLM-2025-000448,Harbor State Medicaid,90792,F41.1,301.19,Denied,CO-50 Non-covered service - deemed not medically necessary,2025-03-04,Y,upheld,54,2025-02-07
CLM-2025-000449,Pinnacle Commercial Plan,90832,F32.1,126.43,Paid,,,N,,28,2025-01-28
CLM-2025-000450,Apex Medicare Advantage,96127,F32.1,32.8,Paid,,,N,,32,2025-07-26
CLM-2025-000451,Apex Medicare Advantage,90834,F41.1,144.87,Paid,,,N,,17,2025-05-31
CLM-2025-000452,Harbor State Medicaid,90834,F33.1,126.06,Paid,,,N,,15,2025-08-16
CLM-2025-000453,Pinnacle Commercial Plan,90832,F43.12,116.19,Paid,,,N,,21,2025-06-10
CLM-2025-000454,Summit Behavioral Health Plan,90792,F31.30,340.87,Denied,PR-27 Expenses incurred after coverage terminated,2025-05-10,N,not appealed,53,2025-04-18
CLM-2025-000455,Gateway Health Cooperative,96127,F32.1,38.46,Paid,,,N,,23,2025-04-02
CLM-2025-000456,Liberty Care PPO,96127,F31.30,37.87,Paid,,,N,,25,2025-01-31
CLM-2025-000457,Summit Behavioral Health Plan,96130,F33.1,215.45,Paid,,,N,,14,2025-03-15
CLM-2025-000458,Summit Behavioral Health Plan,90832,F31.30,122.96,Paid,,,N,,23,2025-05-10
CLM-2025-000459,Pinnacle Commercial Plan,90834,F33.1,129.54,Paid,,,N,,20,2025-07-06
CLM-2025-000460,Pinnacle Commercial Plan,90834,F41.1,154.12,Paid,,,N,,22,2025-02-24
CLM-2025-000461,Pinnacle Commercial Plan,90832,F33.1,108.26,Denied,CO-96 Non-covered charges,2025-07-31,N,not appealed,100,2025-07-05
CLM-2025-000462,Harbor State Medicaid,90837,F90.0,174.52,Paid,,,N,,23,2025-06-07
CLM-2025-000463,Apex Medicare Advantage,90834,F33.1,140.65,Paid,,,N,,16,2025-07-16
CLM-2025-000464,Liberty Care PPO,90834,F43.12,129.77,Paid,,,N,,25,2025-07-24
CLM-2025-000465,Gateway Health Cooperative,90837,F90.0,176.15,Denied,CO-16 Claim lacks information needed for adjudication,2025-05-29,Y,pending,66,2025-05-17
CLM-2025-000466,Apex Medicare Advantage,90791,F33.1,275.24,Paid,,,N,,22,2025-07-07
CLM-2025-000467,Liberty Care PPO,90834,F33.1,140.92,Paid,,,N,,39,2025-03-02
CLM-2025-000468,Apex Medicare Advantage,90837,F32.1,195.07,Paid,,,N,,25,2025-05-16
CLM-2025-000469,Apex Medicare Advantage,90834,F31.30,136.96,Paid,,,N,,24,2025-02-02
CLM-2025-000470,Harbor State Medicaid,90837,F33.1,211.69,Paid,,,N,,24,2025-06-22
CLM-2025-000471,Gateway Health Cooperative,90792,F41.1,331.73,Denied,PR-27 Expenses incurred after coverage terminated,2025-09-17,N,not appealed,98,2025-08-24
CLM-2025-000472,Summit Behavioral Health Plan,90791,F33.1,299.74,Paid,,,N,,24,2025-03-13
CLM-2025-000473,Liberty Care PPO,90791,F43.12,320.81,Denied,CO-29 Timely filing - claim submitted past deadline,2025-08-21,N,not appealed,105,2025-08-02
CLM-2025-000474,Pinnacle Commercial Plan,96127,F43.12,35.08,Paid,,,N,,33,2025-03-23
CLM-2025-000475,Summit Behavioral Health Plan,90791,F33.1,262.79,Paid,,,N,,17,2025-07-10
CLM-2025-000476,Harbor State Medicaid,96127,F41.1,34.82,Paid,,,N,,23,2025-04-06
CLM-2025-000477,Liberty Care PPO,90853,F33.1,69.94,Denied,CO-16 Claim lacks information needed for adjudication,2025-07-01,Y,upheld,102,2025-06-04
CLM-2025-000478,Harbor State Medicaid,90791,F43.12,338.94,Paid,,,N,,16,2025-02-05
CLM-2025-000479,Apex Medicare Advantage,90834,F41.1,172.25,Paid,,,N,,24,2025-02-10
CLM-2025-000480,Liberty Care PPO,90834,F90.0,174.4,Denied,CO-29 Timely filing - claim submitted past deadline,2025-02-25,Y,upheld,76,2025-02-11
CLM-2025-000481,Liberty Care PPO,90791,F41.1,295.21,Paid,,,N,,36,2025-07-19
CLM-2025-000482,Pinnacle Commercial Plan,90834,F32.1,165.81,Paid,,,N,,36,2025-02-08
CLM-2025-000483,Liberty Care PPO,90834,F32.1,148.64,Paid,,,N,,29,2025-01-15
CLM-2025-000484,Harbor State Medicaid,96127,F43.12,36.35,Denied,CO-50 Non-covered service - deemed not medically necessary,2025-03-14,Y,upheld,64,2025-02-23
CLM-2025-000485,Summit Behavioral Health Plan,90834,F41.1,155.32,Paid,,,N,,21,2025-01-22
CLM-2025-000486,Harbor State Medicaid,90834,F43.12,151.22,Paid,,,N,,20,2025-04-02
CLM-2025-000487,Harbor State Medicaid,90834,F33.1,174.08,Paid,,,N,,24,2025-07-17
CLM-2025-000488,Harbor State Medicaid,90834,F31.30,133.71,Paid,,,N,,10,2025-02-08
CLM-2025-000489,Apex Medicare Advantage,90792,F31.30,316.66,Denied,PR-27 Expenses incurred after coverage terminated,2025-08-16,N,not appealed,94,2025-07-27
CLM-2025-000490,Summit Behavioral Health Plan,96130,F31.30,232.96,Denied,CO-29 Timely filing - claim submitted past deadline,2025-09-02,Y,pending,66,2025-08-08
CLM-2025-000491,Apex Medicare Advantage,90792,F31.30,349.52,Paid,,,N,,17,2025-01-08
CLM-2025-000492,Gateway Health Cooperative,90832,F41.1,114.23,Paid,,,N,,17,2025-04-23
CLM-2025-000493,Apex Medicare Advantage,90837,F32.1,176.96,Paid,,,N,,20,2025-05-13
CLM-2025-000494,Pinnacle Commercial Plan,90853,F33.1,89.19,Paid,,,N,,21,2025-07-05
CLM-2025-000495,Summit Behavioral Health Plan,90834,F90.0,132.46,Denied,CO-50 Non-covered service - deemed not medically necessary,2025-04-14,N,not appealed,86,2025-03-31
CLM-2025-000496,Gateway Health Cooperative,90792,F43.12,289.01,Paid,,,N,,17,2025-01-25
CLM-2025-000497,Harbor State Medicaid,90837,F33.1,187.41,Paid,,,N,,11,2025-03-14
CLM-2025-000498,Pinnacle Commercial Plan,96127,F33.1,37.78,Paid,,,N,,29,2025-07-30
CLM-2025-000499,Gateway Health Cooperative,90791,F32.1,325.82,Paid,,,N,,34,2025-01-08
CLM-2025-000500,Summit Behavioral Health Plan,90834,F43.12,146.26,Paid,,,N,,14,2025-03-15
CLM-2025-000501,Liberty Care PPO,90834,F90.0,126.83,Paid,,,N,,30,2025-09-09
CLM-2025-000502,Gateway Health Cooperative,90834,F41.1,145.3,Denied,CO-16 Claim lacks information needed for adjudication,2025-02-20,Y,upheld,85,2025-02-03
CLM-2025-000503,Pinnacle Commercial Plan,90837,F90.0,170.88,Denied,CO-50 Non-covered service - deemed not medically necessary,2025-08-09,Y,overturned,86,2025-07-24
CLM-2025-000504,Liberty Care PPO,90791,F32.1,315.5,Paid,,,N,,34,2025-07-05
CLM-2025-000505,Pinnacle Commercial Plan,90834,F31.30,153.9,Denied,CO-96 Non-covered charges,2025-09-01,Y,upheld,90,2025-08-17
CLM-2025-000506,Liberty Care PPO,90837,F43.12,183.09,Paid,,,N,,19,2025-08-22
CLM-2025-000507,Summit Behavioral Health Plan,96127,F90.0,32.58,Paid,,,N,,17,2025-08-12
CLM-2025-000508,Summit Behavioral Health Plan,90834,F33.1,134.45,Paid,,,N,,29,2025-01-18
CLM-2025-000509,Gateway Health Cooperative,90834,F90.0,134.1,Paid,,,N,,28,2025-04-29
CLM-2025-000510,Summit Behavioral Health Plan,90834,F90.0,138.96,Paid,,,N,,15,2025-07-15
CLM-2025-000511,Liberty Care PPO,90791,F32.1,304.91,Paid,,,N,,37,2025-07-27
CLM-2025-000512,Gateway Health Cooperative,96127,F31.30,33.43,Paid,,,N,,24,2025-06-26
CLM-2025-000513,Liberty Care PPO,90791,F90.0,272.29,Paid,,,N,,37,2025-03-31
CLM-2025-000514,Apex Medicare Advantage,90837,F90.0,181.8,Denied,CO-29 Timely filing - claim submitted past deadline,2025-02-16,Y,upheld,73,2025-02-04
CLM-2025-000515,Apex Medicare Advantage,90834,F41.1,126.38,Denied,CO-16 Claim lacks information needed for adjudication,2025-06-06,Y,upheld,67,2025-05-12
CLM-2025-000516,Summit Behavioral Health Plan,96127,F41.1,28.23,Paid,,,N,,25,2025-07-08
CLM-2025-000517,Summit Behavioral Health Plan,90837,F32.1,200.33,Paid,,,N,,26,2025-07-22
CLM-2025-000518,Gateway Health Cooperative,96130,F90.0,190.77,Paid,,,N,,15,2025-01-07
CLM-2025-000519,Apex Medicare Advantage,90834,F43.12,155.11,Paid,,,N,,19,2025-07-24
CLM-2025-000520,Gateway Health Cooperative,90792,F32.1,361.52,Paid,,,N,,33,2025-04-15
CLM-2025-000521,Pinnacle Commercial Plan,90834,F43.12,143.08,Paid,,,N,,23,2025-08-28
CLM-2025-000522,Summit Behavioral Health Plan,96130,F90.0,257.64,Denied,CO-97 Payment included in another service already adjudicated,2025-08-28,Y,overturned,70,2025-07-31
CLM-2025-000523,Gateway Health Cooperative,96127,F41.1,34.49,Paid,,,N,,23,2025-02-28
CLM-2025-000524,Gateway Health Cooperative,96127,F31.30,26.99,Paid,,,N,,19,2025-06-21
CLM-2025-000525,Apex Medicare Advantage,90837,F32.1,179.34,Paid,,,N,,29,2025-07-19
CLM-2025-000526,Apex Medicare Advantage,96130,F31.30,236.81,Paid,,,N,,31,2025-07-16
CLM-2025-000527,Liberty Care PPO,96127,F43.12,37.12,Denied,CO-50 Non-covered service - deemed not medically necessary,2025-02-15,Y,upheld,75,2025-02-02
CLM-2025-000528,Harbor State Medicaid,90837,F32.1,168.79,Paid,,,N,,13,2025-07-01
CLM-2025-000529,Gateway Health Cooperative,90791,F32.1,331.4,Paid,,,N,,31,2025-06-12
CLM-2025-000530,Pinnacle Commercial Plan,90837,F41.1,193.68,Paid,,,N,,25,2025-05-16
CLM-2025-000531,Gateway Health Cooperative,90791,F90.0,288.16,Paid,,,N,,24,2025-09-07
CLM-2025-000532,Harbor State Medicaid,90791,F41.1,324.37,Paid,,,N,,23,2025-06-13
CLM-2025-000533,Pinnacle Commercial Plan,90853,F31.30,87.34,Paid,,,N,,34,2025-07-06
CLM-2025-000534,Apex Medicare Advantage,90837,F41.1,206.57,Paid,,,N,,16,2025-03-22
CLM-2025-000535,Summit Behavioral Health Plan,90792,F90.0,331.38,Paid,,,N,,29,2025-01-16
CLM-2025-000536,Summit Behavioral Health Plan,90792,F32.1,364.6,Paid,,,N,,16,2025-03-31
CLM-2025-000537,Summit Behavioral Health Plan,96127,F31.30,33.95,Paid,,,N,,21,2025-06-12
CLM-2025-000538,Apex Medicare Advantage,90834,F31.30,141.49,Paid,,,N,,19,2025-03-28
CLM-2025-000539,Apex Medicare Advantage,90853,F43.12,64.78,Paid,,,N,,25,2025-05-23
CLM-2025-000540,Summit Behavioral Health Plan,90832,F33.1,103.28,Denied,CO-16 Claim lacks information needed for adjudication,2025-04-19,Y,overturned,91,2025-03-22
CLM-2025-000541,Summit Behavioral Health Plan,90837,F31.30,186.74,Paid,,,N,,19,2025-06-12
CLM-2025-000542,Harbor State Medicaid,90837,F32.1,179.26,Paid,,,N,,21,2025-04-14
CLM-2025-000543,Liberty Care PPO,96127,F33.1,37.33,Paid,,,N,,32,2025-05-17
CLM-2025-000544,Apex Medicare Advantage,90832,F33.1,116.06,Denied,CO-50 Non-covered service - deemed not medically necessary,2025-06-15,N,not appealed,95,2025-05-17
CLM-2025-000545,Summit Behavioral Health Plan,90837,F31.30,206.41,Paid,,,N,,18,2025-04-24
CLM-2025-000546,Apex Medicare Advantage,90837,F90.0,218.57,Paid,,,N,,16,2025-06-20
CLM-2025-000547,Gateway Health Cooperative,90792,F33.1,325.92,Denied,CO-50 Non-covered service - deemed not medically necessary,2025-02-04,N,not appealed,91,2025-01-15
CLM-2025-000548,Pinnacle Commercial Plan,96127,F90.0,31.11,Denied,CO-96 Non-covered charges,2025-07-08,Y,upheld,94,2025-06-16
CLM-2025-000549,Summit Behavioral Health Plan,90837,F31.30,163.79,Denied,PR-27 Expenses incurred after coverage terminated,2025-06-27,N,not appealed,56,2025-06-04
CLM-2025-000550,Liberty Care PPO,90837,F33.1,196.39,Paid,,,N,,30,2025-07-20
CLM-2025-000551,Liberty Care PPO,90837,F43.12,188.44,Denied,CO-50 Non-covered service - deemed not medically necessary,2025-03-27,N,not appealed,99,2025-03-03
CLM-2025-000552,Liberty Care PPO,90837,F31.30,177.88,Denied,CO-50 Non-covered service - deemed not medically necessary,2025-07-02,Y,upheld,72,2025-06-20
CLM-2025-000553,Summit Behavioral Health Plan,90834,F43.12,143.64,Denied,CO-50 Non-covered service - deemed not medically necessary,2025-09-28,Y,upheld,82,2025-09-05
CLM-2025-000554,Summit Behavioral Health Plan,90792,F33.1,341.69,Denied,CO-29 Timely filing - claim submitted past deadline,2025-03-26,N,not appealed,85,2025-02-24
CLM-2025-000555,Apex Medicare Advantage,90834,F32.1,137.44,Denied,CO-16 Claim lacks information needed for adjudication,2025-04-07,N,not appealed,77,2025-03-11
CLM-2025-000556,Summit Behavioral Health Plan,90837,F43.12,166.0,Paid,,,N,,22,2025-01-23
CLM-2025-000557,Apex Medicare Advantage,90834,F31.30,159.57,Denied,CO-18 Duplicate claim/service,2025-06-26,N,not appealed,65,2025-06-04
CLM-2025-000558,Summit Behavioral Health Plan,90832,F31.30,98.86,Paid,,,N,,23,2025-06-19
CLM-2025-000559,Summit Behavioral Health Plan,90837,F90.0,212.67,Paid,,,N,,21,2025-04-30
CLM-2025-000560,Apex Medicare Advantage,90791,F32.1,314.56,Paid,,,N,,18,2025-08-09
CLM-2025-000561,Pinnacle Commercial Plan,90792,F31.30,353.35,Paid,,,N,,16,2025-01-25
CLM-2025-000562,Pinnacle Commercial Plan,90837,F43.12,208.76,Paid,,,N,,22,2025-04-19
CLM-2025-000563,Harbor State Medicaid,90834,F43.12,152.61,Paid,,,N,,12,2025-05-06
CLM-2025-000564,Liberty Care PPO,90832,F31.30,120.89,Denied,CO-96 Non-covered charges,2025-09-10,Y,overturned,65,2025-08-13
CLM-2025-000565,Gateway Health Cooperative,96127,F43.12,37.1,Denied,CO-18 Duplicate claim/service,2025-07-26,Y,overturned,91,2025-06-30
CLM-2025-000566,Gateway Health Cooperative,96130,F90.0,238.87,Paid,,,N,,21,2025-09-03
CLM-2025-000567,Pinnacle Commercial Plan,90832,F41.1,100.57,Paid,,,N,,32,2025-01-16
CLM-2025-000568,Harbor State Medicaid,90834,F90.0,148.18,Denied,OA-23 Impact of prior payer adjudication,2025-09-10,Y,upheld,85,2025-08-19
CLM-2025-000569,Pinnacle Commercial Plan,90853,F43.12,67.9,Denied,CO-18 Duplicate claim/service,2025-06-23,N,not appealed,64,2025-05-31
CLM-2025-000570,Apex Medicare Advantage,90834,F43.12,174.43,Paid,,,N,,25,2025-04-19
CLM-2025-000571,Apex Medicare Advantage,90834,F43.12,156.25,Denied,CO-50 Non-covered service - deemed not medically necessary,2025-09-02,N,not appealed,72,2025-08-19
CLM-2025-000572,Summit Behavioral Health Plan,90792,F31.30,316.22,Denied,CO-96 Non-covered charges,2025-08-25,N,not appealed,80,2025-08-03
CLM-2025-000573,Gateway Health Cooperative,90834,F31.30,155.45,Paid,,,N,,21,2025-08-07
CLM-2025-000574,Summit Behavioral Health Plan,90834,F31.30,129.67,Denied,CO-18 Duplicate claim/service,2025-05-30,Y,upheld,83,2025-05-17
CLM-2025-000575,Harbor State Medicaid,90834,F32.1,153.82,Paid,,,N,,20,2025-08-18
CLM-2025-000576,Pinnacle Commercial Plan,96130,F43.12,197.33,Paid,,,N,,21,2025-05-06
CLM-2025-000577,Summit Behavioral Health Plan,90834,F43.12,128.56,Paid,,,N,,28,2025-08-04
CLM-2025-000578,Summit Behavioral Health Plan,90837,F90.0,180.56,Paid,,,N,,19,2025-06-07
CLM-2025-000579,Liberty Care PPO,90791,F43.12,251.66,Paid,,,N,,39,2025-08-14
CLM-2025-000580,Liberty Care PPO,90792,F90.0,289.63,Paid,,,N,,19,2025-08-24
CLM-2025-000581,Pinnacle Commercial Plan,90834,F32.1,165.14,Paid,,,N,,35,2025-05-09
CLM-2025-000582,Apex Medicare Advantage,90791,F31.30,343.77,Paid,,,N,,27,2025-06-21
CLM-2025-000583,Liberty Care PPO,90791,F41.1,302.98,Paid,,,N,,30,2025-09-03
CLM-2025-000584,Liberty Care PPO,90853,F31.30,87.24,Denied,CO-50 Non-covered service - deemed not medically necessary,2025-06-29,N,not appealed,70,2025-06-02
CLM-2025-000585,Liberty Care PPO,96127,F41.1,31.13,Paid,,,N,,18,2025-01-07
CLM-2025-000586,Apex Medicare Advantage,90791,F31.30,250.72,Paid,,,N,,24,2025-02-27
CLM-2025-000587,Liberty Care PPO,90791,F43.12,292.61,Denied,CO-96 Non-covered charges,2025-04-10,Y,overturned,108,2025-03-11
CLM-2025-000588,Liberty Care PPO,90832,F43.12,112.08,Denied,CO-97 Payment included in another service already adjudicated,2025-06-05,Y,overturned,87,2025-05-09
CLM-2025-000589,Pinnacle Commercial Plan,90834,F31.30,128.28,Paid,,,N,,30,2025-02-05
CLM-2025-000590,Pinnacle Commercial Plan,96130,F43.12,188.02,Paid,,,N,,33,2025-04-18
CLM-2025-000591,Apex Medicare Advantage,90837,F90.0,163.12,Paid,,,N,,16,2025-09-09
CLM-2025-000592,Pinnacle Commercial Plan,90834,F32.1,156.01,Denied,CO-96 Non-covered charges,2025-02-04,N,not appealed,85,2025-01-22
CLM-2025-000593,Apex Medicare Advantage,90834,F43.12,162.7,Paid,,,N,,19,2025-01-20
CLM-2025-000594,Gateway Health Cooperative,90834,F31.30,132.1,Paid,,,N,,23,2025-09-01
CLM-2025-000595,Summit Behavioral Health Plan,90853,F31.30,75.32,Paid,,,N,,13,2025-03-06
CLM-2025-000596,Liberty Care PPO,90837,F32.1,218.54,Paid,,,N,,29,2025-03-17
CLM-2025-000597,Gateway Health Cooperative,90834,F32.1,132.02,Paid,,,N,,16,2025-07-13
CLM-2025-000598,Apex Medicare Advantage,90837,F43.12,193.55,Paid,,,N,,22,2025-04-05
CLM-2025-000599,Summit Behavioral Health Plan,96130,F90.0,216.38,Denied,CO-50 Non-covered service - deemed not medically necessary,2025-06-30,Y,pending,68,2025-06-02
CLM-2025-000600,Liberty Care PPO,90791,F33.1,301.33,Paid,,,N,,36,2025-08-18
CLM-2025-000601,Summit Behavioral Health Plan,90834,F90.0,142.62,Denied,CO-96 Non-covered charges,2025-08-17,N,not appealed,87,2025-07-22
CLM-2025-000602,Pinnacle Commercial Plan,90834,F90.0,135.47,Paid,,,N,,23,2025-06-17
CLM-2025-000603,Gateway Health Cooperative,90832,F33.1,102.63,Paid,,,N,,22,2025-05-18
CLM-2025-000604,Summit Behavioral Health Plan,90791,F33.1,317.37,Paid,,,N,,17,2025-01-25
CLM-2025-000605,Apex Medicare Advantage,90834,F33.1,173.66,Paid,,,N,,20,2025-02-21
CLM-2025-000606,Apex Medicare Advantage,90792,F33.1,353.54,Paid,,,N,,21,2025-02-27
CLM-2025-000607,Pinnacle Commercial Plan,90834,F32.1,166.74,Denied,CO-109 Claim not covered by this payer/contractor,2025-09-25,N,not appealed,94,2025-08-29
CLM-2025-000608,Harbor State Medicaid,96127,F33.1,30.57,Paid,,,N,,24,2025-05-12
CLM-2025-000609,Pinnacle Commercial Plan,96127,F43.12,32.36,Denied,CO-96 Non-covered charges,2025-04-17,Y,overturned,87,2025-03-18
CLM-2025-000610,Apex Medicare Advantage,90834,F90.0,150.15,Paid,,,N,,19,2025-08-14
CLM-2025-000611,Liberty Care PPO,90791,F33.1,301.82,Denied,CO-18 Duplicate claim/service,2025-07-25,N,not appealed,85,2025-07-01
CLM-2025-000612,Liberty Care PPO,96127,F33.1,27.81,Denied,CO-197 Precertification/authorization absent,2025-03-29,Y,overturned,78,2025-03-07
CLM-2025-000613,Liberty Care PPO,90837,F90.0,181.9,Denied,CO-50 Non-covered service - deemed not medically necessary,2025-04-17,Y,upheld,79,2025-03-18
CLM-2025-000614,Pinnacle Commercial Plan,90837,F43.12,208.25,Paid,,,N,,22,2025-04-26
CLM-2025-000615,Summit Behavioral Health Plan,96130,F32.1,191.96,Paid,,,N,,16,2025-02-20
CLM-2025-000616,Harbor State Medicaid,96127,F31.30,32.76,Paid,,,N,,14,2025-03-27
CLM-2025-000617,Summit Behavioral Health Plan,96127,F32.1,25.72,Denied,CO-50 Non-covered service - deemed not medically necessary,2025-07-21,Y,overturned,78,2025-07-01
CLM-2025-000618,Gateway Health Cooperative,90832,F43.12,104.41,Paid,,,N,,25,2025-09-01
CLM-2025-000619,Summit Behavioral Health Plan,90791,F43.12,336.74,Paid,,,N,,29,2025-02-25
CLM-2025-000620,Summit Behavioral Health Plan,90853,F31.30,70.65,Paid,,,N,,26,2025-05-16
CLM-2025-000621,Pinnacle Commercial Plan,90834,F31.30,137.19,Denied,CO-96 Non-covered charges,2025-09-29,Y,upheld,85,2025-09-07
CLM-2025-000622,Pinnacle Commercial Plan,90791,F41.1,266.2,Denied,CO-96 Non-covered charges,2025-04-16,N,not appealed,85,2025-03-27
CLM-2025-000623,Summit Behavioral Health Plan,90834,F33.1,171.77,Paid,,,N,,26,2025-07-16
CLM-2025-000624,Liberty Care PPO,90792,F31.30,282.31,Paid,,,N,,40,2025-03-07
CLM-2025-000625,Gateway Health Cooperative,90832,F32.1,105.88,Paid,,,N,,29,2025-01-22
CLM-2025-000626,Apex Medicare Advantage,90791,F32.1,289.7,Paid,,,N,,18,2025-02-01
CLM-2025-000627,Summit Behavioral Health Plan,96127,F41.1,30.85,Paid,,,N,,26,2025-03-10
CLM-2025-000628,Gateway Health Cooperative,90791,F32.1,333.85,Paid,,,N,,24,2025-01-14
CLM-2025-000629,Pinnacle Commercial Plan,90834,F33.1,172.25,Paid,,,N,,33,2025-05-26
CLM-2025-000630,Summit Behavioral Health Plan,90834,F31.30,157.86,Paid,,,N,,28,2025-08-18
CLM-2025-000631,Gateway Health Cooperative,90834,F90.0,174.54,Denied,CO-50 Non-covered service - deemed not medically necessary,2025-06-14,Y,overturned,74,2025-05-24
CLM-2025-000632,Summit Behavioral Health Plan,90834,F41.1,165.5,Paid,,,N,,29,2025-04-04
CLM-2025-000633,Summit Behavioral Health Plan,96127,F90.0,39.2,Denied,CO-97 Payment included in another service already adjudicated,2025-04-13,Y,overturned,85,2025-03-23
CLM-2025-000634,Liberty Care PPO,90834,F90.0,153.63,Denied,CO-29 Timely filing - claim submitted past deadline,2025-04-03,N,not appealed,79,2025-03-10
CLM-2025-000635,Summit Behavioral Health Plan,90834,F43.12,134.37,Paid,,,N,,20,2025-07-31
CLM-2025-000636,Liberty Care PPO,90837,F90.0,208.53,Paid,,,N,,23,2025-02-23
CLM-2025-000637,Summit Behavioral Health Plan,90791,F90.0,295.53,Paid,,,N,,27,2025-03-16
CLM-2025-000638,Summit Behavioral Health Plan,90791,F43.12,254.96,Denied,CO-50 Non-covered service - deemed not medically necessary,2025-01-31,Y,overturned,50,2025-01-11
CLM-2025-000639,Summit Behavioral Health Plan,90792,F33.1,329.36,Paid,,,N,,27,2025-04-23
CLM-2025-000640,Harbor State Medicaid,90834,F33.1,167.49,Paid,,,N,,12,2025-01-26
CLM-2025-000641,Summit Behavioral Health Plan,90853,F90.0,62.14,Denied,PR-27 Expenses incurred after coverage terminated,2025-03-17,N,not appealed,57,2025-02-21
CLM-2025-000642,Harbor State Medicaid,90837,F90.0,183.09,Paid,,,N,,10,2025-03-10
CLM-2025-000643,Summit Behavioral Health Plan,90837,F31.30,165.64,Paid,,,N,,21,2025-02-28
CLM-2025-000644,Harbor State Medicaid,90792,F31.30,352.82,Paid,,,N,,11,2025-09-02
CLM-2025-000645,Summit Behavioral Health Plan,90837,F32.1,171.92,Paid,,,N,,15,2025-08-15
CLM-2025-000646,Summit Behavioral Health Plan,90834,F33.1,120.9,Denied,CO-16 Claim lacks information needed for adjudication,2025-06-16,N,not appealed,87,2025-06-04
CLM-2025-000647,Pinnacle Commercial Plan,90834,F33.1,155.77,Denied,CO-50 Non-covered service - deemed not medically necessary,2025-08-05,N,not appealed,81,2025-07-22
CLM-2025-000648,Harbor State Medicaid,96130,F32.1,230.01,Paid,,,N,,21,2025-04-07
CLM-2025-000649,Apex Medicare Advantage,90791,F33.1,298.78,Paid,,,N,,25,2025-05-28
CLM-2025-000650,Pinnacle Commercial Plan,90834,F31.30,131.58,Denied,CO-50 Non-covered service - deemed not medically necessary,2025-04-25,Y,overturned,78,2025-04-12
CLM-2025-000651,Apex Medicare Advantage,90834,F43.12,154.0,Paid,,,N,,28,2025-04-05
CLM-2025-000652,Summit Behavioral Health Plan,90853,F43.12,87.43,Denied,CO-50 Non-covered service - deemed not medically necessary,2025-03-09,N,not appealed,84,2025-02-16
CLM-2025-000653,Liberty Care PPO,90791,F90.0,313.8,Denied,CO-50 Non-covered service - deemed not medically necessary,2025-08-04,N,not appealed,80,2025-07-12
CLM-2025-000654,Liberty Care PPO,90791,F90.0,346.72,Paid,,,N,,33,2025-02-23
CLM-2025-000655,Pinnacle Commercial Plan,90792,F90.0,308.31,Denied,CO-50 Non-covered service - deemed not medically necessary,2025-07-03,Y,upheld,71,2025-06-19
CLM-2025-000656,Pinnacle Commercial Plan,90832,F32.1,109.41,Paid,,,N,,28,2025-01-14
CLM-2025-000657,Gateway Health Cooperative,90834,F33.1,162.08,Paid,,,N,,33,2025-01-18
CLM-2025-000658,Gateway Health Cooperative,90791,F31.30,342.1,Paid,,,N,,16,2025-05-11
CLM-2025-000659,Apex Medicare Advantage,90837,F31.30,181.66,Paid,,,N,,25,2025-09-03
CLM-2025-000660,Pinnacle Commercial Plan,90791,F43.12,311.69,Paid,,,N,,25,2025-01-16
CLM-2025-000661,Summit Behavioral Health Plan,90832,F32.1,110.78,Denied,CO-97 Payment included in another service already adjudicated,2025-07-28,Y,overturned,90,2025-07-10
CLM-2025-000662,Harbor State Medicaid,90834,F31.30,153.49,Paid,,,N,,19,2025-02-02
CLM-2025-000663,Liberty Care PPO,90834,F32.1,159.91,Paid,,,N,,35,2025-02-17
CLM-2025-000664,Liberty Care PPO,90834,F43.12,129.49,Paid,,,N,,28,2025-04-29
CLM-2025-000665,Apex Medicare Advantage,96130,F90.0,247.59,Paid,,,N,,24,2025-07-20
CLM-2025-000666,Apex Medicare Advantage,90834,F43.12,132.84,Paid,,,N,,25,2025-08-31
CLM-2025-000667,Harbor State Medicaid,90834,F31.30,143.83,Paid,,,N,,19,2025-01-14
CLM-2025-000668,Summit Behavioral Health Plan,90791,F32.1,339.03,Paid,,,N,,18,2025-03-23
CLM-2025-000669,Pinnacle Commercial Plan,90791,F31.30,332.19,Denied,CO-97 Payment included in another service already adjudicated,2025-09-02,N,not appealed,96,2025-08-04
CLM-2025-000670,Summit Behavioral Health Plan,90791,F41.1,285.57,Paid,,,N,,30,2025-03-14
CLM-2025-000671,Summit Behavioral Health Plan,90832,F43.12,102.01,Paid,,,N,,18,2025-04-18
CLM-2025-000672,Gateway Health Cooperative,90837,F41.1,207.57,Paid,,,N,,32,2025-05-10
CLM-2025-000673,Pinnacle Commercial Plan,90791,F32.1,314.23,Paid,,,N,,28,2025-07-12
CLM-2025-000674,Summit Behavioral Health Plan,90791,F33.1,327.09,Paid,,,N,,25,2025-08-19
CLM-2025-000675,Harbor State Medicaid,90791,F31.30,327.04,Paid,,,N,,24,2025-06-22
CLM-2025-000676,Summit Behavioral Health Plan,90853,F33.1,71.47,Denied,CO-18 Duplicate claim/service,2025-06-05,Y,overturned,59,2025-05-20
CLM-2025-000677,Summit Behavioral Health Plan,90837,F90.0,183.57,Paid,,,N,,28,2025-07-17
CLM-2025-000678,Summit Behavioral Health Plan,90834,F41.1,167.18,Paid,,,N,,27,2025-02-08
CLM-2025-000679,Apex Medicare Advantage,90791,F32.1,289.92,Paid,,,N,,18,2025-04-18
CLM-2025-000680,Pinnacle Commercial Plan,90834,F90.0,131.89,Paid,,,N,,33,2025-06-21
CLM-2025-000681,Apex Medicare Advantage,90837,F32.1,174.77,Paid,,,N,,24,2025-03-15
CLM-2025-000682,Gateway Health Cooperative,90834,F90.0,126.75,Paid,,,N,,20,2025-04-24
CLM-2025-000683,Liberty Care PPO,90834,F33.1,121.45,Paid,,,N,,37,2025-02-18
CLM-2025-000684,Pinnacle Commercial Plan,90853,F90.0,78.7,Paid,,,N,,23,2025-01-17
CLM-2025-000685,Summit Behavioral Health Plan,90834,F32.1,165.46,Paid,,,N,,19,2025-02-03
CLM-2025-000686,Harbor State Medicaid,96127,F33.1,38.03,Paid,,,N,,22,2025-01-09
CLM-2025-000687,Summit Behavioral Health Plan,90834,F41.1,121.36,Paid,,,N,,18,2025-07-14
CLM-2025-000688,Apex Medicare Advantage,90837,F43.12,192.93,Paid,,,N,,14,2025-07-11
CLM-2025-000689,Liberty Care PPO,96127,F33.1,32.9,Denied,CO-50 Non-covered service - deemed not medically necessary,2025-03-10,Y,upheld,65,2025-02-18
CLM-2025-000690,Summit Behavioral Health Plan,90837,F31.30,199.78,Paid,,,N,,12,2025-04-08
CLM-2025-000691,Liberty Care PPO,96127,F90.0,30.8,Paid,,,N,,21,2025-05-16
CLM-2025-000692,Harbor State Medicaid,90834,F32.1,155.83,Paid,,,N,,17,2025-02-22
CLM-2025-000693,Apex Medicare Advantage,90837,F43.12,162.39,Paid,,,N,,26,2025-03-25
CLM-2025-000694,Gateway Health Cooperative,90791,F33.1,318.43,Paid,,,N,,30,2025-06-15
CLM-2025-000695,Summit Behavioral Health Plan,90791,F90.0,275.77,Paid,,,N,,12,2025-08-21
CLM-2025-000696,Harbor State Medicaid,96130,F33.1,198.05,Paid,,,N,,12,2025-08-23
CLM-2025-000697,Summit Behavioral Health Plan,90834,F43.12,177.64,Paid,,,N,,19,2025-08-17
CLM-2025-000698,Liberty Care PPO,90834,F33.1,145.59,Paid,,,N,,32,2025-08-26
CLM-2025-000699,Apex Medicare Advantage,90832,F43.12,95.54,Paid,,,N,,18,2025-06-30
CLM-2025-000700,Liberty Care PPO,90837,F41.1,191.43,Paid,,,N,,22,2025-04-26
CLM-2025-000701,Gateway Health Cooperative,90834,F32.1,129.48,Paid,,,N,,17,2025-05-28
CLM-2025-000702,Summit Behavioral Health Plan,90853,F32.1,64.37,Paid,,,N,,25,2025-07-20
CLM-2025-000703,Harbor State Medicaid,90834,F31.30,164.74,Paid,,,N,,12,2025-09-01
CLM-2025-000704,Pinnacle Commercial Plan,90791,F43.12,268.47,Denied,CO-97 Payment included in another service already adjudicated,2025-07-01,N,not appealed,74,2025-06-12
CLM-2025-000705,Gateway Health Cooperative,90834,F90.0,161.29,Paid,,,N,,33,2025-02-09
CLM-2025-000706,Apex Medicare Advantage,90837,F90.0,171.04,Paid,,,N,,19,2025-05-11
CLM-2025-000707,Summit Behavioral Health Plan,90791,F32.1,326.45,Denied,CO-97 Payment included in another service already adjudicated,2025-09-17,N,not appealed,54,2025-08-30
CLM-2025-000708,Summit Behavioral Health Plan,96130,F43.12,215.14,Paid,,,N,,26,2025-05-11
CLM-2025-000709,Pinnacle Commercial Plan,90834,F43.12,166.57,Paid,,,N,,26,2025-07-13
CLM-2025-000710,Liberty Care PPO,96127,F43.12,33.58,Paid,,,N,,40,2025-05-20
CLM-2025-000711,Pinnacle Commercial Plan,90834,F32.1,147.1,Paid,,,N,,32,2025-08-18
CLM-2025-000712,Apex Medicare Advantage,96130,F90.0,183.14,Paid,,,N,,15,2025-05-18
CLM-2025-000713,Summit Behavioral Health Plan,90834,F33.1,173.06,Denied,CO-96 Non-covered charges,2025-05-17,N,not appealed,59,2025-05-04
CLM-2025-000714,Apex Medicare Advantage,90837,F43.12,165.43,Denied,CO-29 Timely filing - claim submitted past deadline,2025-03-04,Y,upheld,83,2025-02-03
CLM-2025-000715,Summit Behavioral Health Plan,90834,F41.1,173.8,Paid,,,N,,20,2025-08-19
CLM-2025-000716,Liberty Care PPO,90837,F41.1,202.69,Paid,,,N,,20,2025-07-08
CLM-2025-000717,Summit Behavioral Health Plan,90834,F43.12,141.78,Paid,,,N,,28,2025-07-06
CLM-2025-000718,Apex Medicare Advantage,90792,F32.1,335.03,Denied,CO-96 Non-covered charges,2025-08-06,Y,pending,100,2025-07-21
CLM-2025-000719,Summit Behavioral Health Plan,90834,F90.0,163.81,Paid,,,N,,15,2025-03-20
CLM-2025-000720,Pinnacle Commercial Plan,96130,F33.1,180.28,Denied,CO-96 Non-covered charges,2025-02-05,N,not appealed,60,2025-01-09
CLM-2025-000721,Apex Medicare Advantage,90834,F31.30,133.01,Paid,,,N,,28,2025-05-07
CLM-2025-000722,Summit Behavioral Health Plan,90837,F43.12,174.68,Paid,,,N,,29,2025-03-18
CLM-2025-000723,Pinnacle Commercial Plan,90832,F32.1,97.39,Denied,CO-50 Non-covered service - deemed not medically necessary,2025-07-05,N,not appealed,98,2025-06-22
CLM-2025-000724,Liberty Care PPO,96127,F90.0,25.74,Denied,CO-50 Non-covered service - deemed not medically necessary,2025-03-22,N,not appealed,76,2025-02-20
CLM-2025-000725,Harbor State Medicaid,90837,F32.1,181.61,Paid,,,N,,15,2025-01-29
CLM-2025-000726,Liberty Care PPO,90834,F90.0,124.06,Paid,,,N,,27,2025-08-09
CLM-2025-000727,Apex Medicare Advantage,90791,F33.1,335.94,Paid,,,N,,20,2025-05-20
CLM-2025-000728,Gateway Health Cooperative,90837,F31.30,166.56,Paid,,,N,,16,2025-09-13
CLM-2025-000729,Apex Medicare Advantage,90837,F31.30,216.03,Paid,,,N,,24,2025-03-20
CLM-2025-000730,Summit Behavioral Health Plan,90834,F41.1,157.39,Paid,,,N,,28,2025-06-12
CLM-2025-000731,Gateway Health Cooperative,90834,F43.12,168.48,Paid,,,N,,20,2025-03-06
CLM-2025-000732,Summit Behavioral Health Plan,90791,F32.1,312.55,Paid,,,N,,25,2025-07-13
CLM-2025-000733,Liberty Care PPO,90834,F31.30,153.62,Denied,CO-50 Non-covered service - deemed not medically necessary,2025-03-22,Y,pending,84,2025-03-01
CLM-2025-000734,Apex Medicare Advantage,90834,F31.30,120.37,Paid,,,N,,32,2025-04-01
CLM-2025-000735,Apex Medicare Advantage,90791,F33.1,267.56,Paid,,,N,,29,2025-08-07
CLM-2025-000736,Harbor State Medicaid,90853,F90.0,79.37,Paid,,,N,,24,2025-02-14
CLM-2025-000737,Pinnacle Commercial Plan,96127,F90.0,31.94,Paid,,,N,,32,2025-08-31
CLM-2025-000738,Liberty Care PPO,90837,F43.12,178.93,Denied,CO-50 Non-covered service - deemed not medically necessary,2025-02-01,N,not appealed,87,2025-01-10
CLM-2025-000739,Summit Behavioral Health Plan,90792,F33.1,364.07,Paid,,,N,,17,2025-04-12
CLM-2025-000740,Apex Medicare Advantage,90834,F33.1,155.71,Paid,,,N,,15,2025-07-05
CLM-2025-000741,Summit Behavioral Health Plan,90791,F33.1,337.7,Paid,,,N,,21,2025-05-01
CLM-2025-000742,Summit Behavioral Health Plan,90834,F32.1,126.73,Denied,CO-50 Non-covered service - deemed not medically necessary,2025-08-21,Y,overturned,82,2025-07-24
CLM-2025-000743,Summit Behavioral Health Plan,90834,F43.12,149.01,Paid,,,N,,16,2025-03-26
CLM-2025-000744,Pinnacle Commercial Plan,90791,F43.12,348.23,Paid,,,N,,22,2025-06-28
CLM-2025-000745,Gateway Health Cooperative,90834,F43.12,162.82,Denied,CO-197 Precertification/authorization absent,2025-02-18,Y,upheld,61,2025-02-04
CLM-2025-000746,Apex Medicare Advantage,90837,F43.12,178.75,Paid,,,N,,20,2025-07-19
CLM-2025-000747,Liberty Care PPO,90792,F33.1,307.66,Paid,,,N,,21,2025-07-22
CLM-2025-000748,Summit Behavioral Health Plan,90792,F43.12,291.45,Paid,,,N,,18,2025-05-29
CLM-2025-000749,Apex Medicare Advantage,90834,F31.30,136.26,Paid,,,N,,21,2025-07-30
CLM-2025-000750,Summit Behavioral Health Plan,90834,F43.12,173.53,Denied,CO-50 Non-covered service - deemed not medically necessary,2025-05-12,Y,pending,77,2025-04-29
CLM-2025-000751,Liberty Care PPO,90837,F31.30,213.48,Paid,,,N,,32,2025-08-08
CLM-2025-000752,Apex Medicare Advantage,90834,F31.30,169.05,Paid,,,N,,31,2025-07-19
CLM-2025-000753,Summit Behavioral Health Plan,96127,F43.12,36.47,Denied,CO-16 Claim lacks information needed for adjudication,2025-03-06,Y,overturned,91,2025-02-08
CLM-2025-000754,Gateway Health Cooperative,90834,F41.1,133.9,Paid,,,N,,33,2025-02-11
CLM-2025-000755,Summit Behavioral Health Plan,90834,F31.30,131.0,Paid,,,N,,22,2025-03-31
CLM-2025-000756,Liberty Care PPO,90791,F33.1,297.53,Paid,,,N,,23,2025-05-08
CLM-2025-000757,Liberty Care PPO,90834,F43.12,154.48,Denied,CO-29 Timely filing - claim submitted past deadline,2025-02-16,Y,upheld,84,2025-02-01
CLM-2025-000758,Apex Medicare Advantage,90834,F43.12,144.81,Paid,,,N,,29,2025-03-09
CLM-2025-000759,Liberty Care PPO,90834,F43.12,168.83,Paid,,,N,,31,2025-04-26
CLM-2025-000760,Apex Medicare Advantage,90834,F41.1,161.65,Paid,,,N,,32,2025-06-24
CLM-2025-000761,Pinnacle Commercial Plan,90791,F33.1,309.61,Denied,CO-96 Non-covered charges,2025-06-18,N,not appealed,64,2025-05-28
CLM-2025-000762,Apex Medicare Advantage,90837,F90.0,195.78,Paid,,,N,,15,2025-03-30
CLM-2025-000763,Summit Behavioral Health Plan,90853,F31.30,86.62,Denied,CO-50 Non-covered service - deemed not medically necessary,2025-08-17,Y,overturned,89,2025-08-01
CLM-2025-000764,Apex Medicare Advantage,90792,F33.1,348.15,Paid,,,N,,23,2025-03-23
CLM-2025-000765,Harbor State Medicaid,96127,F33.1,35.77,Paid,,,N,,19,2025-01-28
CLM-2025-000766,Harbor State Medicaid,90834,F33.1,127.65,Paid,,,N,,18,2025-01-21
CLM-2025-000767,Harbor State Medicaid,90791,F33.1,306.0,Paid,,,N,,23,2025-02-03
CLM-2025-000768,Summit Behavioral Health Plan,90834,F31.30,155.41,Paid,,,N,,24,2025-03-28
CLM-2025-000769,Liberty Care PPO,90834,F90.0,159.75,Denied,CO-50 Non-covered service - deemed not medically necessary,2025-03-05,N,not appealed,74,2025-02-10
CLM-2025-000770,Liberty Care PPO,96127,F32.1,26.88,Paid,,,N,,22,2025-01-24
CLM-2025-000771,Gateway Health Cooperative,90834,F41.1,146.2,Denied,CO-16 Claim lacks information needed for adjudication,2025-02-22,N,not appealed,99,2025-01-27
CLM-2025-000772,Apex Medicare Advantage,90834,F43.12,130.79,Paid,,,N,,28,2025-04-24
CLM-2025-000773,Liberty Care PPO,90832,F32.1,106.99,Paid,,,N,,25,2025-06-02
CLM-2025-000774,Gateway Health Cooperative,90832,F43.12,127.06,Denied,CO-50 Non-covered service - deemed not medically necessary,2025-05-06,N,not appealed,62,2025-04-09
CLM-2025-000775,Apex Medicare Advantage,96130,F31.30,186.41,Paid,,,N,,22,2025-07-12
CLM-2025-000776,Apex Medicare Advantage,90791,F32.1,338.99,Paid,,,N,,16,2025-03-09
CLM-2025-000777,Gateway Health Cooperative,90834,F43.12,154.78,Paid,,,N,,31,2025-01-19
CLM-2025-000778,Pinnacle Commercial Plan,90834,F90.0,150.76,Paid,,,N,,29,2025-06-01
CLM-2025-000779,Liberty Care PPO,96130,F41.1,203.57,Paid,,,N,,37,2025-01-15
CLM-2025-000780,Gateway Health Cooperative,90837,F32.1,193.82,Paid,,,N,,19,2025-06-16
CLM-2025-000781,Apex Medicare Advantage,90837,F31.30,177.51,Denied,CO-18 Duplicate claim/service,2025-06-30,N,not appealed,72,2025-06-14
CLM-2025-000782,Summit Behavioral Health Plan,90837,F33.1,176.51,Paid,,,N,,17,2025-01-09
CLM-2025-000783,Harbor State Medicaid,90837,F33.1,199.55,Paid,,,N,,22,2025-07-31
CLM-2025-000784,Gateway Health Cooperative,90834,F32.1,167.96,Paid,,,N,,18,2025-04-03
CLM-2025-000785,Apex Medicare Advantage,90853,F90.0,85.13,Paid,,,N,,28,2025-07-22
CLM-2025-000786,Gateway Health Cooperative,90792,F33.1,337.78,Paid,,,N,,17,2025-01-19
CLM-2025-000787,Summit Behavioral Health Plan,90834,F90.0,148.57,Paid,,,N,,29,2025-07-16
CLM-2025-000788,Summit Behavioral Health Plan,90837,F33.1,183.4,Paid,,,N,,25,2025-02-12
CLM-2025-000789,Summit Behavioral Health Plan,96127,F31.30,31.73,Paid,,,N,,13,2025-03-27
CLM-2025-000790,Summit Behavioral Health Plan,90834,F90.0,141.23,Paid,,,N,,20,2025-06-11
CLM-2025-000791,Liberty Care PPO,90832,F31.30,93.93,Denied,CO-29 Timely filing - claim submitted past deadline,2025-06-23,N,not appealed,102,2025-06-04
CLM-2025-000792,Pinnacle Commercial Plan,90834,F41.1,160.66,Paid,,,N,,16,2025-03-27
CLM-2025-000793,Pinnacle Commercial Plan,90791,F32.1,259.77,Paid,,,N,,23,2025-06-30
CLM-2025-000794,Gateway Health Cooperative,90832,F43.12,91.36,Denied,CO-29 Timely filing - claim submitted past deadline,2025-02-16,N,not appealed,95,2025-01-29
CLM-2025-000795,Summit Behavioral Health Plan,96130,F43.12,186.91,Paid,,,N,,30,2025-02-08
CLM-2025-000796,Pinnacle Commercial Plan,90792,F41.1,291.08,Denied,CO-18 Duplicate claim/service,2025-03-25,N,not appealed,77,2025-03-11
CLM-2025-000797,Pinnacle Commercial Plan,90837,F33.1,200.05,Denied,CO-50 Non-covered service - deemed not medically necessary,2025-03-25,Y,overturned,63,2025-03-12
CLM-2025-000798,Summit Behavioral Health Plan,90853,F32.1,65.34,Paid,,,N,,18,2025-05-11
CLM-2025-000799,Apex Medicare Advantage,90792,F41.1,329.21,Paid,,,N,,20,2025-05-24
CLM-2025-000800,Apex Medicare Advantage,90791,F33.1,294.16,Denied,CO-50 Non-covered service - deemed not medically necessary,2025-02-21,N,not appealed,56,2025-02-01
CLM-2025-000801,Pinnacle Commercial Plan,90792,F32.1,344.03,Paid,,,N,,20,2025-06-25
CLM-2025-000802,Gateway Health Cooperative,96127,F43.12,33.62,Paid,,,N,,29,2025-07-06
CLM-2025-000803,Apex Medicare Advantage,90834,F32.1,163.67,Paid,,,N,,26,2025-05-24
CLM-2025-000804,Harbor State Medicaid,90853,F43.12,74.46,Paid,,,N,,15,2025-05-23
CLM-2025-000805,Liberty Care PPO,90834,F31.30,123.31,Denied,CO-16 Claim lacks information needed for adjudication,2025-02-20,Y,overturned,83,2025-01-29
CLM-2025-000806,Gateway Health Cooperative,90792,F90.0,283.93,Denied,CO-29 Timely filing - claim submitted past deadline,2025-07-09,N,not appealed,77,2025-06-24
CLM-2025-000807,Apex Medicare Advantage,96127,F41.1,31.57,Denied,CO-50 Non-covered service - deemed not medically necessary,2025-03-12,Y,overturned,89,2025-02-10
CLM-2025-000808,Gateway Health Cooperative,90834,F90.0,177.9,Paid,,,N,,15,2025-09-10
CLM-2025-000809,Liberty Care PPO,90834,F90.0,163.26,Denied,CO-18 Duplicate claim/service,2025-03-05,Y,upheld,99,2025-02-05
CLM-2025-000810,Summit Behavioral Health Plan,90834,F32.1,175.49,Denied,CO-29 Timely filing - claim submitted past deadline,2025-08-09,N,not appealed,89,2025-07-13
CLM-2025-000811,Summit Behavioral Health Plan,90837,F41.1,167.83,Denied,CO-96 Non-covered charges,2025-07-01,Y,overturned,87,2025-06-16
CLM-2025-000812,Summit Behavioral Health Plan,90853,F43.12,63.43,Paid,,,N,,14,2025-07-29
CLM-2025-000813,Pinnacle Commercial Plan,90834,F31.30,168.69,Paid,,,N,,19,2025-06-28
CLM-2025-000814,Harbor State Medicaid,90834,F41.1,128.24,Denied,CO-96 Non-covered charges,2025-08-03,Y,pending,71,2025-07-20
CLM-2025-000815,Summit Behavioral Health Plan,90834,F41.1,129.9,Paid,,,N,,16,2025-08-30
CLM-2025-000816,Summit Behavioral Health Plan,96127,F41.1,34.19,Paid,,,N,,14,2025-01-10
CLM-2025-000817,Summit Behavioral Health Plan,90792,F31.30,288.91,Paid,,,N,,25,2025-06-06
CLM-2025-000818,Gateway Health Cooperative,90853,F41.1,74.28,Denied,CO-96 Non-covered charges,2025-03-25,Y,upheld,94,2025-02-27
CLM-2025-000819,Gateway Health Cooperative,90834,F43.12,163.03,Denied,PR-27 Expenses incurred after coverage terminated,2025-09-27,Y,pending,70,2025-09-06
CLM-2025-000820,Summit Behavioral Health Plan,96130,F43.12,258.14,Paid,,,N,,29,2025-04-08
CLM-2025-000821,Apex Medicare Advantage,90834,F41.1,157.59,Denied,CO-50 Non-covered service - deemed not medically necessary,2025-04-02,N,not appealed,85,2025-03-17
CLM-2025-000822,Apex Medicare Advantage,90792,F32.1,372.27,Paid,,,N,,20,2025-06-20
CLM-2025-000823,Liberty Care PPO,90834,F90.0,168.31,Denied,CO-50 Non-covered service - deemed not medically necessary,2025-02-15,Y,upheld,96,2025-01-17
CLM-2025-000824,Apex Medicare Advantage,90791,F90.0,273.53,Paid,,,N,,27,2025-06-06
CLM-2025-000825,Summit Behavioral Health Plan,90837,F32.1,179.54,Denied,CO-96 Non-covered charges,2025-04-24,N,not appealed,74,2025-03-30
CLM-2025-000826,Pinnacle Commercial Plan,90791,F32.1,308.51,Paid,,,N,,22,2025-08-21
CLM-2025-000827,Harbor State Medicaid,90834,F41.1,143.24,Paid,,,N,,20,2025-05-03
CLM-2025-000828,Liberty Care PPO,90832,F32.1,103.44,Paid,,,N,,26,2025-07-02
CLM-2025-000829,Summit Behavioral Health Plan,96127,F41.1,31.88,Paid,,,N,,21,2025-07-19
CLM-2025-000830,Apex Medicare Advantage,90853,F43.12,79.14,Denied,CO-197 Precertification/authorization absent,2025-09-13,Y,upheld,86,2025-08-25
CLM-2025-000831,Pinnacle Commercial Plan,90832,F90.0,108.94,Denied,CO-96 Non-covered charges,2025-04-06,Y,overturned,74,2025-03-18
CLM-2025-000832,Pinnacle Commercial Plan,90834,F43.12,128.94,Denied,OA-23 Impact of prior payer adjudication,2025-09-05,N,not appealed,92,2025-08-23
CLM-2025-000833,Summit Behavioral Health Plan,90834,F31.30,148.76,Denied,CO-97 Payment included in another service already adjudicated,2025-08-18,Y,pending,76,2025-08-04
CLM-2025-000834,Harbor State Medicaid,90791,F31.30,279.58,Denied,CO-16 Claim lacks information needed for adjudication,2025-02-15,N,not appealed,81,2025-01-29
CLM-2025-000835,Gateway Health Cooperative,90791,F41.1,295.48,Paid,,,N,,19,2025-08-17
CLM-2025-000836,Pinnacle Commercial Plan,90834,F31.30,147.86,Paid,,,N,,18,2025-01-06
CLM-2025-000837,Liberty Care PPO,90837,F33.1,191.86,Paid,,,N,,40,2025-04-25
CLM-2025-000838,Harbor State Medicaid,90834,F31.30,167.67,Paid,,,N,,15,2025-01-26
CLM-2025-000839,Gateway Health Cooperative,90791,F31.30,344.53,Paid,,,N,,17,2025-04-09
CLM-2025-000840,Liberty Care PPO,90834,F33.1,122.45,Paid,,,N,,40,2025-02-19
CLM-2025-000841,Summit Behavioral Health Plan,90837,F33.1,172.28,Paid,,,N,,27,2025-03-08
CLM-2025-000842,Gateway Health Cooperative,90837,F31.30,212.27,Paid,,,N,,21,2025-02-28
CLM-2025-000843,Liberty Care PPO,96127,F90.0,32.55,Denied,CO-50 Non-covered service - deemed not medically necessary,2025-04-12,Y,overturned,72,2025-03-17
CLM-2025-000844,Apex Medicare Advantage,90834,F33.1,169.52,Paid,,,N,,16,2025-05-01
CLM-2025-000845,Summit Behavioral Health Plan,96127,F90.0,26.31,Denied,CO-197 Precertification/authorization absent,2025-09-06,Y,overturned,94,2025-08-23
CLM-2025-000846,Summit Behavioral Health Plan,90792,F31.30,300.43,Paid,,,N,,29,2025-01-11
CLM-2025-000847,Harbor State Medicaid,90834,F31.30,145.21,Denied,CO-96 Non-covered charges,2025-07-02,N,not appealed,59,2025-06-20
CLM-2025-000848,Pinnacle Commercial Plan,90834,F43.12,140.15,Paid,,,N,,26,2025-04-03
CLM-2025-000849,Apex Medicare Advantage,90837,F43.12,191.81,Paid,,,N,,32,2025-04-29
CLM-2025-000850,Summit Behavioral Health Plan,90853,F33.1,65.15,Paid,,,N,,21,2025-03-05
CLM-2025-000851,Pinnacle Commercial Plan,90791,F90.0,285.31,Denied,CO-109 Claim not covered by this payer/contractor,2025-10-06,Y,upheld,105,2025-09-07
CLM-2025-000852,Gateway Health Cooperative,90837,F41.1,169.21,Denied,CO-96 Non-covered charges,2025-02-20,Y,overturned,68,2025-02-04
CLM-2025-000853,Apex Medicare Advantage,90791,F33.1,281.69,Paid,,,N,,31,2025-02-12
CLM-2025-000854,Harbor State Medicaid,90834,F32.1,127.29,Paid,,,N,,22,2025-04-19
CLM-2025-000855,Summit Behavioral Health Plan,90834,F32.1,139.21,Paid,,,N,,28,2025-09-11
CLM-2025-000856,Liberty Care PPO,90837,F33.1,188.43,Paid,,,N,,36,2025-09-11
CLM-2025-000857,Gateway Health Cooperative,90853,F90.0,81.86,Paid,,,N,,29,2025-04-02
CLM-2025-000858,Harbor State Medicaid,90791,F33.1,305.1,Paid,,,N,,23,2025-01-12
CLM-2025-000859,Summit Behavioral Health Plan,90834,F43.12,139.58,Denied,CO-18 Duplicate claim/service,2025-07-09,Y,pending,78,2025-06-19
CLM-2025-000860,Gateway Health Cooperative,96130,F90.0,258.07,Paid,,,N,,33,2025-02-24
CLM-2025-000861,Apex Medicare Advantage,96130,F33.1,252.68,Denied,PR-27 Expenses incurred after coverage terminated,2025-05-10,Y,pending,77,2025-04-17
CLM-2025-000862,Liberty Care PPO,96130,F32.1,249.94,Paid,,,N,,32,2025-03-02
CLM-2025-000863,Gateway Health Cooperative,90834,F41.1,146.55,Paid,,,N,,27,2025-07-31
CLM-2025-000864,Gateway Health Cooperative,90834,F43.12,170.13,Denied,CO-96 Non-covered charges,2025-02-25,N,not appealed,59,2025-01-28
CLM-2025-000865,Harbor State Medicaid,90834,F32.1,142.55,Paid,,,N,,14,2025-04-20
CLM-2025-000866,Liberty Care PPO,90834,F41.1,162.61,Denied,CO-50 Non-covered service - deemed not medically necessary,2025-03-27,Y,upheld,84,2025-02-26
CLM-2025-000867,Pinnacle Commercial Plan,90834,F90.0,153.56,Denied,CO-50 Non-covered service - deemed not medically necessary,2025-03-24,Y,upheld,100,2025-03-04
CLM-2025-000868,Apex Medicare Advantage,90837,F90.0,213.56,Paid,,,N,,21,2025-02-20
CLM-2025-000869,Summit Behavioral Health Plan,90853,F32.1,74.79,Paid,,,N,,30,2025-06-08
CLM-2025-000870,Apex Medicare Advantage,90834,F31.30,135.47,Paid,,,N,,17,2025-05-07
CLM-2025-000871,Liberty Care PPO,90837,F33.1,161.05,Paid,,,N,,22,2025-02-16
CLM-2025-000872,Liberty Care PPO,96127,F41.1,27.03,Denied,CO-50 Non-covered service - deemed not medically necessary,2025-02-11,Y,overturned,105,2025-01-19
CLM-2025-000873,Harbor State Medicaid,90834,F41.1,165.99,Denied,CO-16 Claim lacks information needed for adjudication,2025-08-18,Y,overturned,64,2025-07-20
CLM-2025-000874,Summit Behavioral Health Plan,90837,F43.12,181.75,Paid,,,N,,16,2025-06-03
CLM-2025-000875,Summit Behavioral Health Plan,90834,F90.0,142.38,Paid,,,N,,17,2025-04-21
CLM-2025-000876,Summit Behavioral Health Plan,90792,F41.1,302.11,Paid,,,N,,28,2025-07-28
CLM-2025-000877,Pinnacle Commercial Plan,90837,F32.1,202.14,Paid,,,N,,18,2025-04-22
CLM-2025-000878,Summit Behavioral Health Plan,90791,F33.1,251.74,Paid,,,N,,16,2025-03-26
CLM-2025-000879,Pinnacle Commercial Plan,96127,F33.1,33.96,Paid,,,N,,16,2025-02-19
CLM-2025-000880,Gateway Health Cooperative,90791,F31.30,262.87,Paid,,,N,,23,2025-02-11
CLM-2025-000881,Summit Behavioral Health Plan,90791,F31.30,257.86,Paid,,,N,,14,2025-07-20
CLM-2025-000882,Summit Behavioral Health Plan,90834,F41.1,145.87,Denied,CO-29 Timely filing - claim submitted past deadline,2025-03-04,Y,pending,66,2025-02-02
CLM-2025-000883,Summit Behavioral Health Plan,90834,F32.1,120.62,Denied,CO-18 Duplicate claim/service,2025-08-24,N,not appealed,61,2025-07-25
CLM-2025-000884,Gateway Health Cooperative,90791,F31.30,264.56,Paid,,,N,,32,2025-09-04
CLM-2025-000885,Liberty Care PPO,90792,F31.30,330.06,Denied,CO-97 Payment included in another service already adjudicated,2025-06-26,N,not appealed,65,2025-06-11
CLM-2025-000886,Apex Medicare Advantage,90837,F41.1,217.86,Paid,,,N,,14,2025-08-24
CLM-2025-000887,Harbor State Medicaid,90791,F43.12,271.4,Paid,,,N,,15,2025-08-11
CLM-2025-000888,Gateway Health Cooperative,90792,F32.1,347.35,Paid,,,N,,26,2025-02-21
CLM-2025-000889,Liberty Care PPO,90834,F33.1,144.45,Paid,,,N,,34,2025-02-06
CLM-2025-000890,Summit Behavioral Health Plan,90853,F43.12,81.14,Denied,CO-96 Non-covered charges,2025-07-24,Y,overturned,69,2025-07-09
CLM-2025-000891,Gateway Health Cooperative,96127,F90.0,28.39,Paid,,,N,,27,2025-03-21
CLM-2025-000892,Summit Behavioral Health Plan,90791,F90.0,334.11,Paid,,,N,,17,2025-09-03
CLM-2025-000893,Summit Behavioral Health Plan,90837,F90.0,200.33,Paid,,,N,,14,2025-04-28
CLM-2025-000894,Summit Behavioral Health Plan,90834,F32.1,161.7,Paid,,,N,,17,2025-07-14
CLM-2025-000895,Summit Behavioral Health Plan,96130,F43.12,207.09,Paid,,,N,,15,2025-08-10
CLM-2025-000896,Summit Behavioral Health Plan,90834,F31.30,149.95,Paid,,,N,,20,2025-07-21
CLM-2025-000897,Gateway Health Cooperative,90853,F33.1,88.3,Paid,,,N,,26,2025-05-07
CLM-2025-000898,Harbor State Medicaid,90834,F90.0,128.84,Denied,CO-18 Duplicate claim/service,2025-02-21,N,not appealed,53,2025-02-02
CLM-2025-000899,Summit Behavioral Health Plan,90837,F90.0,209.82,Denied,CO-50 Non-covered service - deemed not medically necessary,2025-07-20,Y,overturned,56,2025-06-28
CLM-2025-000900,Pinnacle Commercial Plan,90837,F90.0,191.2,Paid,,,N,,25,2025-07-27
CLM-2025-000901,Gateway Health Cooperative,90834,F33.1,135.7,Paid,,,N,,31,2025-08-01
CLM-2025-000902,Summit Behavioral Health Plan,90853,F32.1,89.72,Paid,,,N,,24,2025-04-14
CLM-2025-000903,Liberty Care PPO,90791,F31.30,267.69,Paid,,,N,,40,2025-08-14
CLM-2025-000904,Summit Behavioral Health Plan,90834,F90.0,138.75,Paid,,,N,,30,2025-05-10
CLM-2025-000905,Gateway Health Cooperative,90837,F43.12,201.12,Paid,,,N,,19,2025-05-06
CLM-2025-000906,Apex Medicare Advantage,90834,F90.0,149.68,Paid,,,N,,23,2025-06-12
CLM-2025-000907,Liberty Care PPO,90791,F33.1,254.51,Paid,,,N,,36,2025-04-05
CLM-2025-000908,Summit Behavioral Health Plan,96127,F32.1,30.12,Paid,,,N,,23,2025-04-25
CLM-2025-000909,Liberty Care PPO,90791,F41.1,274.42,Denied,CO-50 Non-covered service - deemed not medically necessary,2025-07-04,N,not appealed,72,2025-06-20
CLM-2025-000910,Liberty Care PPO,90791,F90.0,282.61,Paid,,,N,,36,2025-06-23
CLM-2025-000911,Apex Medicare Advantage,90834,F90.0,121.22,Denied,CO-96 Non-covered charges,2025-07-05,Y,upheld,86,2025-06-05
CLM-2025-000912,Summit Behavioral Health Plan,90837,F43.12,180.16,Paid,,,N,,22,2025-08-01
CLM-2025-000913,Summit Behavioral Health Plan,90832,F41.1,128.78,Paid,,,N,,14,2025-05-13
CLM-2025-000914,Pinnacle Commercial Plan,90834,F32.1,137.24,Paid,,,N,,28,2025-03-23
CLM-2025-000915,Pinnacle Commercial Plan,90837,F31.30,217.48,Paid,,,N,,34,2025-08-10
CLM-2025-000916,Liberty Care PPO,90791,F90.0,330.12,Denied,CO-16 Claim lacks information needed for adjudication,2025-05-16,Y,overturned,107,2025-04-25
CLM-2025-000917,Apex Medicare Advantage,90832,F43.12,106.09,Paid,,,N,,31,2025-05-17
CLM-2025-000918,Summit Behavioral Health Plan,90791,F41.1,320.33,Paid,,,N,,26,2025-06-02
CLM-2025-000919,Summit Behavioral Health Plan,90837,F90.0,208.54,Paid,,,N,,13,2025-09-02
CLM-2025-000920,Apex Medicare Advantage,90834,F41.1,128.86,Paid,,,N,,23,2025-07-16
CLM-2025-000921,Pinnacle Commercial Plan,90834,F32.1,171.61,Denied,CO-96 Non-covered charges,2025-07-08,N,not appealed,76,2025-06-17
CLM-2025-000922,Gateway Health Cooperative,90832,F41.1,99.54,Denied,CO-16 Claim lacks information needed for adjudication,2025-03-17,Y,overturned,82,2025-02-24
CLM-2025-000923,Liberty Care PPO,96127,F33.1,28.03,Denied,CO-29 Timely filing - claim submitted past deadline,2025-03-01,N,not appealed,76,2025-02-09
CLM-2025-000924,Gateway Health Cooperative,90791,F32.1,322.25,Paid,,,N,,16,2025-01-20
CLM-2025-000925,Liberty Care PPO,90832,F90.0,92.54,Denied,CO-18 Duplicate claim/service,2025-09-06,Y,upheld,73,2025-08-23
CLM-2025-000926,Summit Behavioral Health Plan,90834,F32.1,150.01,Paid,,,N,,30,2025-05-19
CLM-2025-000927,Harbor State Medicaid,96127,F32.1,28.78,Paid,,,N,,22,2025-03-07
CLM-2025-000928,Pinnacle Commercial Plan,90834,F90.0,155.06,Paid,,,N,,23,2025-07-31
CLM-2025-000929,Harbor State Medicaid,90832,F41.1,94.27,Paid,,,N,,16,2025-09-11
CLM-2025-000930,Summit Behavioral Health Plan,90834,F33.1,149.42,Paid,,,N,,22,2025-07-04
CLM-2025-000931,Apex Medicare Advantage,90834,F33.1,134.78,Paid,,,N,,18,2025-08-19
CLM-2025-000932,Liberty Care PPO,90837,F32.1,209.28,Paid,,,N,,37,2025-06-20
CLM-2025-000933,Summit Behavioral Health Plan,90837,F32.1,207.94,Paid,,,N,,19,2025-07-01
CLM-2025-000934,Summit Behavioral Health Plan,90834,F31.30,158.34,Paid,,,N,,15,2025-04-08
CLM-2025-000935,Apex Medicare Advantage,90832,F32.1,107.7,Paid,,,N,,22,2025-08-26
CLM-2025-000936,Liberty Care PPO,96127,F33.1,36.35,Paid,,,N,,23,2025-02-28
CLM-2025-000937,Harbor State Medicaid,90837,F31.30,212.77,Paid,,,N,,14,2025-04-20
CLM-2025-000938,Pinnacle Commercial Plan,90853,F90.0,88.21,Paid,,,N,,26,2025-07-13
CLM-2025-000939,Gateway Health Cooperative,96127,F41.1,37.3,Paid,,,N,,16,2025-07-03
CLM-2025-000940,Liberty Care PPO,90837,F31.30,208.81,Denied,CO-50 Non-covered service - deemed not medically necessary,2025-04-11,N,not appealed,106,2025-03-30
CLM-2025-000941,Gateway Health Cooperative,90837,F41.1,207.46,Paid,,,N,,34,2025-01-06
CLM-2025-000942,Liberty Care PPO,90834,F41.1,126.65,Paid,,,N,,38,2025-05-18
CLM-2025-000943,Pinnacle Commercial Plan,96127,F33.1,35.29,Denied,CO-96 Non-covered charges,2025-05-17,Y,upheld,80,2025-05-01
CLM-2025-000944,Pinnacle Commercial Plan,90792,F41.1,321.45,Paid,,,N,,34,2025-04-16
CLM-2025-000945,Summit Behavioral Health Plan,96130,F31.30,253.85,Paid,,,N,,14,2025-06-11
CLM-2025-000946,Harbor State Medicaid,90792,F41.1,350.13,Paid,,,N,,16,2025-01-18
CLM-2025-000947,Apex Medicare Advantage,90792,F41.1,375.8,Paid,,,N,,14,2025-09-05
CLM-2025-000948,Gateway Health Cooperative,90834,F90.0,175.2,Paid,,,N,,17,2025-08-05
CLM-2025-000949,Summit Behavioral Health Plan,90832,F33.1,127.84,Paid,,,N,,24,2025-03-20
CLM-2025-000950,Summit Behavioral Health Plan,96127,F33.1,34.0,Paid,,,N,,25,2025-07-11
CLM-2025-000951,Summit Behavioral Health Plan,90853,F33.1,60.86,Paid,,,N,,19,2025-03-07
CLM-2025-000952,Liberty Care PPO,90837,F32.1,187.49,Denied,CO-50 Non-covered service - deemed not medically necessary,2025-05-28,N,not appealed,90,2025-05-06
CLM-2025-000953,Gateway Health Cooperative,90837,F31.30,202.51,Paid,,,N,,17,2025-06-07
CLM-2025-000954,Apex Medicare Advantage,90791,F90.0,343.11,Paid,,,N,,15,2025-08-26
CLM-2025-000955,Summit Behavioral Health Plan,90834,F90.0,142.86,Paid,,,N,,29,2025-06-26
CLM-2025-000956,Summit Behavioral Health Plan,90792,F90.0,296.99,Paid,,,N,,26,2025-09-01
CLM-2025-000957,Summit Behavioral Health Plan,90834,F41.1,151.83,Denied,CO-50 Non-covered service - deemed not medically necessary,2025-03-29,Y,upheld,67,2025-03-13
CLM-2025-000958,Gateway Health Cooperative,96127,F33.1,29.24,Paid,,,N,,22,2025-06-11
CLM-2025-000959,Apex Medicare Advantage,90834,F31.30,129.9,Paid,,,N,,18,2025-05-11
CLM-2025-000960,Apex Medicare Advantage,96127,F90.0,34.55,Paid,,,N,,15,2025-01-19
CLM-2025-000961,Summit Behavioral Health Plan,90791,F31.30,276.02,Paid,,,N,,27,2025-05-05
CLM-2025-000962,Summit Behavioral Health Plan,90834,F90.0,162.54,Paid,,,N,,16,2025-05-03
CLM-2025-000963,Summit Behavioral Health Plan,90791,F41.1,336.82,Denied,CO-97 Payment included in another service already adjudicated,2025-08-27,Y,overturned,63,2025-08-07
CLM-2025-000964,Apex Medicare Advantage,96130,F43.12,222.08,Paid,,,N,,16,2025-02-21
CLM-2025-000965,Summit Behavioral Health Plan,90834,F33.1,125.66,Paid,,,N,,15,2025-01-12
CLM-2025-000966,Liberty Care PPO,90834,F33.1,177.07,Denied,CO-96 Non-covered charges,2025-03-13,Y,upheld,103,2025-02-14
CLM-2025-000967,Gateway Health Cooperative,90834,F43.12,122.63,Paid,,,N,,32,2025-09-06
CLM-2025-000968,Summit Behavioral Health Plan,96127,F33.1,37.02,Paid,,,N,,14,2025-03-29
CLM-2025-000969,Apex Medicare Advantage,90837,F33.1,165.55,Paid,,,N,,26,2025-02-20
CLM-2025-000970,Summit Behavioral Health Plan,96127,F90.0,27.44,Paid,,,N,,16,2025-03-19
CLM-2025-000971,Summit Behavioral Health Plan,90834,F33.1,145.94,Paid,,,N,,16,2025-08-25
CLM-2025-000972,Liberty Care PPO,90791,F41.1,286.75,Paid,,,N,,30,2025-05-11
CLM-2025-000973,Apex Medicare Advantage,90834,F90.0,145.38,Paid,,,N,,19,2025-08-01
CLM-2025-000974,Liberty Care PPO,90834,F33.1,122.43,Paid,,,N,,25,2025-09-12
CLM-2025-000975,Gateway Health Cooperative,90837,F43.12,215.84,Paid,,,N,,16,2025-06-16
CLM-2025-000976,Liberty Care PPO,90834,F90.0,174.43,Denied,CO-50 Non-covered service - deemed not medically necessary,2025-04-13,N,not appealed,98,2025-03-23
CLM-2025-000977,Liberty Care PPO,90834,F32.1,153.06,Denied,CO-50 Non-covered service - deemed not medically necessary,2025-06-01,Y,upheld,81,2025-05-17
CLM-2025-000978,Liberty Care PPO,90834,F32.1,166.12,Paid,,,N,,32,2025-02-04
CLM-2025-000979,Summit Behavioral Health Plan,90792,F32.1,319.3,Paid,,,N,,21,2025-04-22
CLM-2025-000980,Liberty Care PPO,90837,F90.0,205.44,Paid,,,N,,28,2025-06-14
CLM-2025-000981,Harbor State Medicaid,96127,F41.1,27.81,Paid,,,N,,19,2025-01-26
CLM-2025-000982,Summit Behavioral Health Plan,90837,F32.1,186.03,Paid,,,N,,12,2025-01-07
CLM-2025-000983,Summit Behavioral Health Plan,90834,F31.30,161.51,Paid,,,N,,27,2025-09-10
CLM-2025-000984,Liberty Care PPO,90853,F31.30,78.5,Paid,,,N,,39,2025-06-27
CLM-2025-000985,Liberty Care PPO,90834,F32.1,127.51,Denied,CO-50 Non-covered service - deemed not medically necessary,2025-03-13,N,not appealed,78,2025-02-23
CLM-2025-000986,Apex Medicare Advantage,90792,F31.30,304.18,Paid,,,N,,20,2025-08-13
CLM-2025-000987,Summit Behavioral Health Plan,90853,F90.0,64.44,Denied,CO-109 Claim not covered by this payer/contractor,2025-02-06,N,not appealed,80,2025-01-11
CLM-2025-000988,Summit Behavioral Health Plan,90834,F33.1,134.56,Paid,,,N,,24,2025-05-31
CLM-2025-000989,Summit Behavioral Health Plan,90791,F31.30,313.04,Paid,,,N,,27,2025-04-26
CLM-2025-000990,Gateway Health Cooperative,90834,F33.1,153.26,Paid,,,N,,29,2025-01-15
CLM-2025-000991,Apex Medicare Advantage,90837,F90.0,216.12,Paid,,,N,,30,2025-03-06
CLM-2025-000992,Summit Behavioral Health Plan,90834,F33.1,153.2,Paid,,,N,,27,2025-08-22
CLM-2025-000993,Summit Behavioral Health Plan,90837,F90.0,198.77,Paid,,,N,,17,2025-07-03
CLM-2025-000994,Liberty Care PPO,90792,F41.1,314.38,Denied,PR-27 Expenses incurred after coverage terminated,2025-06-06,N,not appealed,110,2025-05-15
CLM-2025-000995,Gateway Health Cooperative,90791,F31.30,279.34,Paid,,,N,,34,2025-04-15
CLM-2025-000996,Gateway Health Cooperative,90853,F41.1,83.99,Denied,CO-29 Timely filing - claim submitted past deadline,2025-06-28,N,not appealed,63,2025-06-14
CLM-2025-000997,Summit Behavioral Health Plan,90792,F90.0,329.22,Paid,,,N,,21,2025-09-04
CLM-2025-000998,Summit Behavioral Health Plan,90834,F33.1,179.96,Denied,CO-29 Timely filing - claim submitted past deadline,2025-09-05,N,not appealed,82,2025-08-19
CLM-2025-000999,Summit Behavioral Health Plan,90791,F43.12,293.06,Denied,CO-96 Non-covered charges,2025-03-25,N,not appealed,72,2025-03-05
CLM-2025-001000,Pinnacle Commercial Plan,90853,F41.1,76.71,Paid,,,N,,32,2025-08-12
CLM-2025-001001,Apex Medicare Advantage,90791,F90.0,255.04,Paid,,,N,,17,2025-07-29
CLM-2025-001002,Harbor State Medicaid,90853,F32.1,78.29,Paid,,,N,,18,2025-08-04
CLM-2025-001003,Summit Behavioral Health Plan,90837,F33.1,212.25,Paid,,,N,,26,2025-02-15
CLM-2025-001004,Pinnacle Commercial Plan,90834,F41.1,172.23,Denied,CO-16 Claim lacks information needed for adjudication,2025-07-05,N,not appealed,88,2025-06-20
CLM-2025-001005,Harbor State Medicaid,90853,F90.0,60.2,Paid,,,N,,12,2025-04-03
CLM-2025-001006,Summit Behavioral Health Plan,90834,F33.1,165.29,Paid,,,N,,16,2025-06-16
CLM-2025-001007,Gateway Health Cooperative,90834,F41.1,167.23,Paid,,,N,,27,2025-07-30
CLM-2025-001008,Pinnacle Commercial Plan,96130,F31.30,221.29,Paid,,,N,,30,2025-04-08
CLM-2025-001009,Summit Behavioral Health Plan,90791,F32.1,330.62,Paid,,,N,,24,2025-01-27
CLM-2025-001010,Harbor State Medicaid,90792,F32.1,286.15,Paid,,,N,,12,2025-06-24
CLM-2025-001011,Harbor State Medicaid,90791,F31.30,313.16,Paid,,,N,,18,2025-07-29
CLM-2025-001012,Harbor State Medicaid,90834,F31.30,173.15,Paid,,,N,,21,2025-05-27
CLM-2025-001013,Gateway Health Cooperative,96127,F33.1,25.12,Paid,,,N,,18,2025-08-24
CLM-2025-001014,Gateway Health Cooperative,90834,F43.12,132.31,Paid,,,N,,34,2025-06-14
CLM-2025-001015,Liberty Care PPO,90834,F31.30,168.71,Paid,,,N,,27,2025-04-19
CLM-2025-001016,Summit Behavioral Health Plan,90834,F31.30,143.4,Paid,,,N,,28,2025-07-14
CLM-2025-001017,Harbor State Medicaid,90832,F43.12,93.71,Paid,,,N,,22,2025-03-26
CLM-2025-001018,Gateway Health Cooperative,90791,F43.12,339.03,Paid,,,N,,23,2025-06-06
CLM-2025-001019,Gateway Health Cooperative,96130,F32.1,188.84,Paid,,,N,,34,2025-08-09
CLM-2025-001020,Apex Medicare Advantage,90791,F32.1,325.66,Paid,,,N,,14,2025-04-30
CLM-2025-001021,Liberty Care PPO,96130,F43.12,244.43,Paid,,,N,,38,2025-05-30
CLM-2025-001022,Gateway Health Cooperative,96127,F33.1,28.51,Paid,,,N,,32,2025-03-19
CLM-2025-001023,Gateway Health Cooperative,90837,F41.1,191.18,Paid,,,N,,32,2025-02-01
CLM-2025-001024,Summit Behavioral Health Plan,90853,F41.1,73.63,Paid,,,N,,25,2025-07-07
CLM-2025-001025,Summit Behavioral Health Plan,90791,F90.0,338.85,Paid,,,N,,23,2025-03-01
CLM-2025-001026,Gateway Health Cooperative,90834,F90.0,153.54,Paid,,,N,,29,2025-08-17
CLM-2025-001027,Gateway Health Cooperative,96130,F90.0,235.12,Paid,,,N,,19,2025-07-12
CLM-2025-001028,Summit Behavioral Health Plan,90791,F41.1,321.12,Paid,,,N,,28,2025-09-10
CLM-2025-001029,Summit Behavioral Health Plan,90832,F31.30,108.93,Paid,,,N,,23,2025-02-15
CLM-2025-001030,Harbor State Medicaid,90791,F32.1,335.23,Paid,,,N,,14,2025-02-05
CLM-2025-001031,Summit Behavioral Health Plan,90792,F33.1,317.15,Paid,,,N,,12,2025-03-24
CLM-2025-001032,Pinnacle Commercial Plan,90792,F32.1,338.96,Paid,,,N,,25,2025-09-02
CLM-2025-001033,Summit Behavioral Health Plan,90853,F32.1,74.66,Paid,,,N,,13,2025-05-26
CLM-2025-001034,Liberty Care PPO,90834,F33.1,153.95,Denied,CO-16 Claim lacks information needed for adjudication,2025-08-10,N,not appealed,97,2025-07-25
CLM-2025-001035,Gateway Health Cooperative,90853,F41.1,80.02,Paid,,,N,,16,2025-08-15
CLM-2025-001036,Pinnacle Commercial Plan,90837,F41.1,184.58,Paid,,,N,,33,2025-08-24
CLM-2025-001037,Summit Behavioral Health Plan,90837,F33.1,186.59,Denied,CO-50 Non-covered service - deemed not medically necessary,2025-07-02,Y,overturned,95,2025-06-20
CLM-2025-001038,Liberty Care PPO,90837,F32.1,198.63,Paid,,,N,,35,2025-02-24
CLM-2025-001039,Apex Medicare Advantage,90791,F41.1,307.02,Paid,,,N,,14,2025-07-17
CLM-2025-001040,Summit Behavioral Health Plan,96127,F32.1,27.7,Paid,,,N,,19,2025-03-17
CLM-2025-001041,Pinnacle Commercial Plan,90853,F32.1,77.39,Paid,,,N,,26,2025-07-31
CLM-2025-001042,Liberty Care PPO,90791,F32.1,336.2,Paid,,,N,,31,2025-04-03
CLM-2025-001043,Summit Behavioral Health Plan,90834,F32.1,142.92,Paid,,,N,,29,2025-02-04
CLM-2025-001044,Summit Behavioral Health Plan,90792,F32.1,305.56,Paid,,,N,,25,2025-02-14
CLM-2025-001045,Gateway Health Cooperative,90791,F41.1,346.11,Paid,,,N,,23,2025-01-12
CLM-2025-001046,Liberty Care PPO,90834,F33.1,144.77,Denied,CO-16 Claim lacks information needed for adjudication,2025-03-28,Y,overturned,103,2025-03-13
CLM-2025-001047,Apex Medicare Advantage,90834,F90.0,165.14,Denied,CO-50 Non-covered service - deemed not medically necessary,2025-10-02,N,not appealed,59,2025-09-06
CLM-2025-001048,Apex Medicare Advantage,90834,F32.1,134.02,Paid,,,N,,32,2025-03-15
CLM-2025-001049,Gateway Health Cooperative,90832,F41.1,112.19,Paid,,,N,,28,2025-03-24
CLM-2025-001050,Summit Behavioral Health Plan,90837,F41.1,172.21,Paid,,,N,,17,2025-04-11
CLM-2025-001051,Pinnacle Commercial Plan,90834,F43.12,145.43,Denied,CO-16 Claim lacks information needed for adjudication,2025-05-22,N,not appealed,70,2025-05-01
CLM-2025-001052,Summit Behavioral Health Plan,96127,F43.12,32.23,Paid,,,N,,24,2025-03-11
CLM-2025-001053,Harbor State Medicaid,96127,F43.12,28.19,Denied,CO-16 Claim lacks information needed for adjudication,2025-04-18,Y,pending,52,2025-03-19
CLM-2025-001054,Pinnacle Commercial Plan,90837,F90.0,219.93,Paid,,,N,,26,2025-02-28
CLM-2025-001055,Pinnacle Commercial Plan,96130,F31.30,230.81,Denied,CO-96 Non-covered charges,2025-05-23,Y,overturned,98,2025-05-01
CLM-2025-001056,Liberty Care PPO,96127,F32.1,27.01,Paid,,,N,,18,2025-06-10
CLM-2025-001057,Gateway Health Cooperative,90834,F31.30,173.72,Paid,,,N,,31,2025-05-11
CLM-2025-001058,Summit Behavioral Health Plan,96127,F43.12,34.77,Paid,,,N,,26,2025-01-13
CLM-2025-001059,Gateway Health Cooperative,90834,F43.12,168.77,Paid,,,N,,14,2025-04-07
CLM-2025-001060,Summit Behavioral Health Plan,90834,F32.1,131.58,Paid,,,N,,20,2025-03-03
CLM-2025-001061,Gateway Health Cooperative,90837,F43.12,171.49,Paid,,,N,,21,2025-06-15
CLM-2025-001062,Summit Behavioral Health Plan,90834,F33.1,141.78,Paid,,,N,,18,2025-05-12
CLM-2025-001063,Summit Behavioral Health Plan,96130,F32.1,231.07,Denied,CO-97 Payment included in another service already adjudicated,2025-09-02,Y,overturned,86,2025-08-16
CLM-2025-001064,Gateway Health Cooperative,90837,F43.12,170.53,Paid,,,N,,18,2025-02-07
CLM-2025-001065,Summit Behavioral Health Plan,90834,F43.12,133.68,Paid,,,N,,18,2025-07-11
CLM-2025-001066,Pinnacle Commercial Plan,90791,F31.30,346.98,Paid,,,N,,33,2025-05-22
CLM-2025-001067,Pinnacle Commercial Plan,90791,F31.30,292.71,Paid,,,N,,26,2025-09-04
CLM-2025-001068,Liberty Care PPO,96130,F31.30,201.92,Paid,,,N,,29,2025-05-18
CLM-2025-001069,Apex Medicare Advantage,90791,F32.1,322.12,Paid,,,N,,31,2025-03-18
CLM-2025-001070,Liberty Care PPO,90791,F32.1,269.46,Paid,,,N,,18,2025-08-19
CLM-2025-001071,Harbor State Medicaid,90832,F32.1,117.58,Paid,,,N,,12,2025-08-28
CLM-2025-001072,Liberty Care PPO,90791,F32.1,312.53,Paid,,,N,,18,2025-05-08
CLM-2025-001073,Apex Medicare Advantage,90837,F33.1,180.06,Denied,CO-96 Non-covered charges,2025-04-01,N,not appealed,76,2025-03-10
CLM-2025-001074,Apex Medicare Advantage,90832,F43.12,92.92,Paid,,,N,,17,2025-06-13
CLM-2025-001075,Gateway Health Cooperative,90834,F32.1,125.13,Denied,CO-96 Non-covered charges,2025-09-11,N,not appealed,58,2025-08-28
CLM-2025-001076,Harbor State Medicaid,90834,F31.30,138.09,Denied,CO-16 Claim lacks information needed for adjudication,2025-05-25,Y,upheld,70,2025-04-26
CLM-2025-001077,Summit Behavioral Health Plan,90837,F43.12,173.99,Paid,,,N,,12,2025-07-26
CLM-2025-001078,Liberty Care PPO,90834,F43.12,145.69,Denied,CO-18 Duplicate claim/service,2025-06-25,Y,overturned,77,2025-06-13
CLM-2025-001079,Summit Behavioral Health Plan,90791,F43.12,321.33,Paid,,,N,,30,2025-07-27
CLM-2025-001080,Summit Behavioral Health Plan,90834,F90.0,141.32,Paid,,,N,,17,2025-07-10
CLM-2025-001081,Summit Behavioral Health Plan,90853,F33.1,61.81,Paid,,,N,,23,2025-06-04
CLM-2025-001082,Liberty Care PPO,96127,F41.1,36.63,Denied,CO-50 Non-covered service - deemed not medically necessary,2025-05-29,N,not appealed,98,2025-05-06
CLM-2025-001083,Apex Medicare Advantage,90837,F43.12,163.44,Paid,,,N,,15,2025-08-03
CLM-2025-001084,Liberty Care PPO,90792,F41.1,300.04,Denied,CO-50 Non-covered service - deemed not medically necessary,2025-08-22,N,not appealed,94,2025-07-26
CLM-2025-001085,Apex Medicare Advantage,90834,F33.1,154.7,Paid,,,N,,24,2025-06-12
CLM-2025-001086,Summit Behavioral Health Plan,90834,F32.1,167.35,Denied,CO-50 Non-covered service - deemed not medically necessary,2025-05-31,N,not appealed,79,2025-05-12
CLM-2025-001087,Gateway Health Cooperative,90832,F33.1,119.38,Paid,,,N,,20,2025-07-31
CLM-2025-001088,Liberty Care PPO,90853,F32.1,60.2,Denied,CO-97 Payment included in another service already adjudicated,2025-02-09,Y,overturned,102,2025-01-24
CLM-2025-001089,Harbor State Medicaid,90834,F41.1,178.52,Paid,,,N,,13,2025-02-25
CLM-2025-001090,Pinnacle Commercial Plan,90837,F43.12,180.39,Denied,CO-50 Non-covered service - deemed not medically necessary,2025-03-29,N,not appealed,61,2025-03-09
CLM-2025-001091,Pinnacle Commercial Plan,90791,F32.1,315.49,Paid,,,N,,25,2025-04-02
CLM-2025-001092,Liberty Care PPO,90834,F41.1,142.34,Paid,,,N,,37,2025-09-03
CLM-2025-001093,Pinnacle Commercial Plan,96127,F41.1,25.98,Paid,,,N,,22,2025-08-19
CLM-2025-001094,Summit Behavioral Health Plan,90834,F43.12,142.46,Paid,,,N,,19,2025-04-25
CLM-2025-001095,Harbor State Medicaid,90853,F43.12,77.62,Paid,,,N,,15,2025-03-22
CLM-2025-001096,Summit Behavioral Health Plan,90837,F41.1,176.8,Paid,,,N,,30,2025-08-11
CLM-2025-001097,Pinnacle Commercial Plan,90832,F90.0,93.26,Paid,,,N,,18,2025-07-27
CLM-2025-001098,Summit Behavioral Health Plan,90834,F43.12,172.95,Paid,,,N,,26,2025-04-11
CLM-2025-001099,Summit Behavioral Health Plan,90837,F90.0,191.53,Paid,,,N,,27,2025-07-08
CLM-2025-001100,Summit Behavioral Health Plan,90834,F43.12,175.27,Denied,CO-50 Non-covered service - deemed not medically necessary,2025-07-09,Y,overturned,63,2025-06-21
CLM-2025-001101,Liberty Care PPO,96127,F33.1,33.57,Paid,,,N,,22,2025-03-12
CLM-2025-001102,Gateway Health Cooperative,90832,F41.1,110.75,Denied,CO-18 Duplicate claim/service,2025-06-26,Y,overturned,81,2025-06-04
CLM-2025-001103,Liberty Care PPO,90834,F32.1,136.38,Paid,,,N,,26,2025-02-20
CLM-2025-001104,Gateway Health Cooperative,90834,F43.12,124.95,Paid,,,N,,16,2025-05-17
CLM-2025-001105,Pinnacle Commercial Plan,96127,F32.1,26.48,Denied,CO-96 Non-covered charges,2025-04-26,Y,upheld,76,2025-04-08
CLM-2025-001106,Liberty Care PPO,90853,F33.1,80.51,Paid,,,N,,22,2025-02-23
CLM-2025-001107,Harbor State Medicaid,90837,F33.1,204.39,Paid,,,N,,14,2025-01-08
CLM-2025-001108,Pinnacle Commercial Plan,90853,F90.0,72.11,Paid,,,N,,36,2025-08-04
CLM-2025-001109,Summit Behavioral Health Plan,90837,F41.1,219.36,Paid,,,N,,19,2025-08-15
CLM-2025-001110,Gateway Health Cooperative,90832,F43.12,99.35,Paid,,,N,,28,2025-07-26
CLM-2025-001111,Gateway Health Cooperative,90834,F33.1,167.51,Denied,CO-16 Claim lacks information needed for adjudication,2025-09-04,Y,overturned,90,2025-08-10
CLM-2025-001112,Summit Behavioral Health Plan,90791,F33.1,337.38,Paid,,,N,,27,2025-09-04
CLM-2025-001113,Pinnacle Commercial Plan,90853,F90.0,70.19,Paid,,,N,,28,2025-04-24
CLM-2025-001114,Pinnacle Commercial Plan,90837,F43.12,177.98,Paid,,,N,,17,2025-01-11
CLM-2025-001115,Harbor State Medicaid,90792,F33.1,375.26,Paid,,,N,,19,2025-05-31
CLM-2025-001116,Harbor State Medicaid,90834,F90.0,143.45,Paid,,,N,,11,2025-02-27
CLM-2025-001117,Apex Medicare Advantage,90792,F43.12,290.86,Paid,,,N,,23,2025-09-09
CLM-2025-001118,Summit Behavioral Health Plan,90791,F32.1,305.29,Paid,,,N,,27,2025-08-05
CLM-2025-001119,Summit Behavioral Health Plan,90792,F90.0,371.13,Denied,CO-96 Non-covered charges,2025-04-16,Y,pending,83,2025-03-19
CLM-2025-001120,Summit Behavioral Health Plan,90834,F90.0,174.59,Paid,,,N,,16,2025-02-15
CLM-2025-001121,Apex Medicare Advantage,90834,F41.1,124.13,Paid,,,N,,23,2025-02-08
CLM-2025-001122,Liberty Care PPO,90837,F43.12,188.49,Paid,,,N,,36,2025-06-02
CLM-2025-001123,Summit Behavioral Health Plan,90837,F41.1,187.54,Paid,,,N,,26,2025-01-07
CLM-2025-001124,Summit Behavioral Health Plan,90834,F43.12,168.45,Paid,,,N,,27,2025-03-31
CLM-2025-001125,Apex Medicare Advantage,90834,F33.1,164.24,Paid,,,N,,28,2025-06-20
CLM-2025-001126,Liberty Care PPO,96127,F90.0,36.89,Paid,,,N,,23,2025-06-11
CLM-2025-001127,Liberty Care PPO,90792,F90.0,341.77,Denied,CO-18 Duplicate claim/service,2025-06-02,Y,upheld,67,2025-05-03
CLM-2025-001128,Summit Behavioral Health Plan,96127,F31.30,29.11,Paid,,,N,,14,2025-05-23
CLM-2025-001129,Gateway Health Cooperative,90837,F90.0,173.04,Paid,,,N,,31,2025-04-21
CLM-2025-001130,Summit Behavioral Health Plan,90834,F43.12,165.32,Paid,,,N,,25,2025-07-21
CLM-2025-001131,Liberty Care PPO,90832,F90.0,110.24,Denied,CO-18 Duplicate claim/service,2025-02-07,Y,upheld,77,2025-01-12
CLM-2025-001132,Liberty Care PPO,90791,F41.1,261.47,Paid,,,N,,32,2025-03-30
CLM-2025-001133,Apex Medicare Advantage,90791,F41.1,304.84,Paid,,,N,,18,2025-07-07
CLM-2025-001134,Apex Medicare Advantage,90832,F32.1,96.45,Denied,CO-96 Non-covered charges,2025-07-09,N,not appealed,65,2025-06-10
CLM-2025-001135,Summit Behavioral Health Plan,90853,F41.1,80.32,Paid,,,N,,18,2025-04-28
CLM-2025-001136,Gateway Health Cooperative,96127,F90.0,32.98,Denied,CO-29 Timely filing - claim submitted past deadline,2025-07-31,N,not appealed,100,2025-07-03
CLM-2025-001137,Gateway Health Cooperative,90791,F90.0,319.03,Paid,,,N,,15,2025-01-19
CLM-2025-001138,Pinnacle Commercial Plan,90853,F33.1,87.86,Denied,CO-50 Non-covered service - deemed not medically necessary,2025-09-20,Y,pending,72,2025-08-26
CLM-2025-001139,Gateway Health Cooperative,90791,F32.1,345.87,Paid,,,N,,19,2025-07-29
CLM-2025-001140,Gateway Health Cooperative,90791,F33.1,301.25,Paid,,,N,,20,2025-03-29
CLM-2025-001141,Gateway Health Cooperative,96127,F90.0,30.93,Denied,CO-50 Non-covered service - deemed not medically necessary,2025-02-27,Y,overturned,75,2025-02-05
CLM-2025-001142,Summit Behavioral Health Plan,90832,F31.30,98.8,Denied,CO-29 Timely filing - claim submitted past deadline,2025-08-15,Y,overturned,69,2025-08-02
CLM-2025-001143,Pinnacle Commercial Plan,90834,F31.30,179.43,Paid,,,N,,34,2025-05-23
CLM-2025-001144,Summit Behavioral Health Plan,96130,F31.30,227.99,Paid,,,N,,16,2025-07-03
CLM-2025-001145,Liberty Care PPO,90837,F33.1,213.04,Paid,,,N,,33,2025-09-13
CLM-2025-001146,Summit Behavioral Health Plan,90791,F90.0,341.21,Paid,,,N,,19,2025-04-13
CLM-2025-001147,Apex Medicare Advantage,90837,F32.1,160.8,Paid,,,N,,17,2025-06-12
CLM-2025-001148,Liberty Care PPO,90837,F43.12,205.43,Denied,CO-50 Non-covered service - deemed not medically necessary,2025-02-18,Y,overturned,89,2025-01-26
CLM-2025-001149,Summit Behavioral Health Plan,90791,F43.12,342.34,Paid,,,N,,22,2025-09-05
CLM-2025-001150,Summit Behavioral Health Plan,90834,F32.1,167.22,Paid,,,N,,25,2025-05-19
CLM-2025-001151,Gateway Health Cooperative,90832,F31.30,90.95,Paid,,,N,,20,2025-03-31
CLM-2025-001152,Apex Medicare Advantage,96127,F41.1,34.98,Paid,,,N,,21,2025-07-30
CLM-2025-001153,Apex Medicare Advantage,90834,F90.0,139.3,Denied,PR-27 Expenses incurred after coverage terminated,2025-06-30,N,not appealed,58,2025-06-16
CLM-2025-001154,Gateway Health Cooperative,90792,F32.1,300.42,Paid,,,N,,20,2025-02-19
CLM-2025-001155,Summit Behavioral Health Plan,90791,F33.1,322.5,Paid,,,N,,19,2025-02-17
CLM-2025-001156,Liberty Care PPO,90837,F43.12,178.19,Paid,,,N,,24,2025-04-30
CLM-2025-001157,Summit Behavioral Health Plan,90853,F33.1,62.4,Paid,,,N,,27,2025-04-17
CLM-2025-001158,Liberty Care PPO,90834,F41.1,164.1,Paid,,,N,,33,2025-08-03
CLM-2025-001159,Summit Behavioral Health Plan,90834,F33.1,171.24,Paid,,,N,,29,2025-06-07
CLM-2025-001160,Gateway Health Cooperative,90832,F90.0,108.55,Paid,,,N,,33,2025-03-19
CLM-2025-001161,Apex Medicare Advantage,90834,F41.1,162.89,Paid,,,N,,14,2025-02-14
CLM-2025-001162,Summit Behavioral Health Plan,90834,F90.0,163.52,Paid,,,N,,24,2025-04-19
CLM-2025-001163,Harbor State Medicaid,90834,F31.30,149.37,Denied,CO-109 Claim not covered by this payer/contractor,2025-06-20,Y,overturned,57,2025-06-05
CLM-2025-001164,Pinnacle Commercial Plan,96130,F31.30,241.7,Denied,CO-96 Non-covered charges,2025-05-02,N,not appealed,83,2025-04-05
CLM-2025-001165,Gateway Health Cooperative,90837,F31.30,215.59,Denied,CO-50 Non-covered service - deemed not medically necessary,2025-04-02,N,not appealed,98,2025-03-10
CLM-2025-001166,Summit Behavioral Health Plan,90837,F43.12,168.87,Paid,,,N,,16,2025-05-02
CLM-2025-001167,Summit Behavioral Health Plan,90837,F41.1,217.11,Denied,CO-50 Non-covered service - deemed not medically necessary,2025-02-02,Y,overturned,55,2025-01-09
CLM-2025-001168,Apex Medicare Advantage,90792,F90.0,322.29,Paid,,,N,,30,2025-03-11
CLM-2025-001169,Harbor State Medicaid,90837,F33.1,182.97,Paid,,,N,,24,2025-07-12
CLM-2025-001170,Harbor State Medicaid,96127,F43.12,26.64,Paid,,,N,,23,2025-07-23
CLM-2025-001171,Summit Behavioral Health Plan,90837,F90.0,215.8,Paid,,,N,,17,2025-07-03
CLM-2025-001172,Pinnacle Commercial Plan,90791,F31.30,256.98,Paid,,,N,,36,2025-04-22
CLM-2025-001173,Liberty Care PPO,90834,F41.1,130.58,Denied,CO-96 Non-covered charges,2025-08-02,N,not appealed,93,2025-07-05
CLM-2025-001174,Apex Medicare Advantage,90832,F31.30,98.04,Paid,,,N,,20,2025-02-21
CLM-2025-001175,Summit Behavioral Health Plan,96127,F31.30,31.13,Paid,,,N,,17,2025-08-27
CLM-2025-001176,Summit Behavioral Health Plan,90791,F32.1,262.47,Denied,CO-96 Non-covered charges,2025-04-30,N,not appealed,56,2025-04-03
CLM-2025-001177,Summit Behavioral Health Plan,90832,F31.30,128.21,Paid,,,N,,13,2025-06-04
CLM-2025-001178,Summit Behavioral Health Plan,90834,F43.12,120.44,Paid,,,N,,20,2025-05-19
CLM-2025-001179,Harbor State Medicaid,90834,F90.0,140.22,Paid,,,N,,24,2025-04-02
CLM-2025-001180,Liberty Care PPO,90834,F33.1,134.38,Denied,CO-97 Payment included in another service already adjudicated,2025-07-18,N,not appealed,71,2025-06-25
CLM-2025-001181,Summit Behavioral Health Plan,96127,F41.1,31.03,Paid,,,N,,28,2025-01-12
CLM-2025-001182,Summit Behavioral Health Plan,90837,F33.1,208.9,Paid,,,N,,27,2025-05-01
CLM-2025-001183,Apex Medicare Advantage,90837,F31.30,160.19,Paid,,,N,,24,2025-09-08
CLM-2025-001184,Summit Behavioral Health Plan,90834,F31.30,122.75,Paid,,,N,,19,2025-03-30
CLM-2025-001185,Apex Medicare Advantage,90834,F32.1,156.76,Paid,,,N,,29,2025-04-05
CLM-2025-001186,Harbor State Medicaid,96127,F31.30,38.58,Paid,,,N,,13,2025-04-14
CLM-2025-001187,Gateway Health Cooperative,96127,F31.30,38.14,Denied,CO-18 Duplicate claim/service,2025-05-29,Y,upheld,90,2025-05-15
CLM-2025-001188,Harbor State Medicaid,90834,F32.1,173.78,Paid,,,N,,13,2025-05-09
CLM-2025-001189,Summit Behavioral Health Plan,90792,F31.30,374.42,Denied,OA-23 Impact of prior payer adjudication,2025-02-09,Y,upheld,74,2025-01-28
CLM-2025-001190,Pinnacle Commercial Plan,90832,F90.0,100.31,Paid,,,N,,19,2025-09-06
CLM-2025-001191,Gateway Health Cooperative,96127,F90.0,34.5,Paid,,,N,,24,2025-01-29
CLM-2025-001192,Pinnacle Commercial Plan,96127,F43.12,36.5,Paid,,,N,,28,2025-01-22
CLM-2025-001193,Harbor State Medicaid,90837,F31.30,203.5,Paid,,,N,,23,2025-06-19
CLM-2025-001194,Liberty Care PPO,90832,F33.1,100.36,Denied,CO-50 Non-covered service - deemed not medically necessary,2025-02-27,N,not appealed,72,2025-01-28
CLM-2025-001195,Apex Medicare Advantage,90791,F90.0,281.34,Paid,,,N,,23,2025-06-02
CLM-2025-001196,Summit Behavioral Health Plan,90834,F90.0,170.83,Paid,,,N,,16,2025-03-28
CLM-2025-001197,Apex Medicare Advantage,90837,F90.0,173.33,Paid,,,N,,28,2025-01-08
CLM-2025-001198,Liberty Care PPO,90853,F41.1,68.9,Paid,,,N,,22,2025-05-13
CLM-2025-001199,Apex Medicare Advantage,90792,F31.30,346.54,Paid,,,N,,23,2025-01-14
CLM-2025-001200,Apex Medicare Advantage,90837,F31.30,176.41,Paid,,,N,,20,2025-06-01
CLM-2025-001201,Apex Medicare Advantage,90837,F33.1,182.6,Paid,,,N,,20,2025-02-14
CLM-2025-001202,Pinnacle Commercial Plan,96127,F31.30,28.38,Paid,,,N,,21,2025-01-19
CLM-2025-001203,Pinnacle Commercial Plan,90837,F31.30,177.95,Paid,,,N,,16,2025-08-27
CLM-2025-001204,Apex Medicare Advantage,90834,F33.1,160.67,Paid,,,N,,16,2025-07-18
CLM-2025-001205,Apex Medicare Advantage,90832,F41.1,117.86,Paid,,,N,,26,2025-07-04
CLM-2025-001206,Summit Behavioral Health Plan,90834,F32.1,167.48,Paid,,,N,,21,2025-08-11
CLM-2025-001207,Liberty Care PPO,90792,F31.30,293.76,Denied,CO-50 Non-covered service - deemed not medically necessary,2025-05-27,N,not appealed,77,2025-05-09
CLM-2025-001208,Gateway Health Cooperative,90791,F43.12,322.6,Paid,,,N,,18,2025-02-01
CLM-2025-001209,Liberty Care PPO,96130,F41.1,234.36,Denied,CO-50 Non-covered service - deemed not medically necessary,2025-09-27,Y,pending,97,2025-08-31
CLM-2025-001210,Gateway Health Cooperative,90834,F31.30,178.18,Paid,,,N,,15,2025-07-09
CLM-2025-001211,Summit Behavioral Health Plan,90834,F43.12,138.16,Denied,CO-16 Claim lacks information needed for adjudication,2025-09-21,N,not appealed,91,2025-09-07
CLM-2025-001212,Liberty Care PPO,90837,F32.1,186.71,Denied,CO-50 Non-covered service - deemed not medically necessary,2025-02-20,Y,upheld,97,2025-02-05
CLM-2025-001213,Summit Behavioral Health Plan,90834,F90.0,179.24,Paid,,,N,,15,2025-03-17
CLM-2025-001214,Pinnacle Commercial Plan,90792,F31.30,328.42,Paid,,,N,,34,2025-07-04
CLM-2025-001215,Summit Behavioral Health Plan,90834,F43.12,162.83,Paid,,,N,,12,2025-02-22
CLM-2025-001216,Liberty Care PPO,90853,F43.12,83.5,Denied,CO-16 Claim lacks information needed for adjudication,2025-06-09,N,not appealed,106,2025-05-11
CLM-2025-001217,Summit Behavioral Health Plan,90837,F32.1,217.94,Paid,,,N,,17,2025-02-21
CLM-2025-001218,Summit Behavioral Health Plan,90834,F32.1,138.86,Paid,,,N,,17,2025-02-07
CLM-2025-001219,Summit Behavioral Health Plan,90832,F32.1,120.12,Denied,CO-96 Non-covered charges,2025-10-12,Y,upheld,92,2025-09-13
CLM-2025-001220,Summit Behavioral Health Plan,90834,F43.12,176.77,Paid,,,N,,29,2025-08-25
CLM-2025-001221,Liberty Care PPO,90834,F43.12,161.71,Paid,,,N,,29,2025-08-27
CLM-2025-001222,Apex Medicare Advantage,90834,F31.30,161.28,Denied,CO-50 Non-covered service - deemed not medically necessary,2025-08-19,Y,upheld,63,2025-08-03
CLM-2025-001223,Apex Medicare Advantage,90832,F41.1,104.36,Paid,,,N,,16,2025-07-11
CLM-2025-001224,Apex Medicare Advantage,90832,F41.1,115.99,Paid,,,N,,22,2025-04-18
CLM-2025-001225,Gateway Health Cooperative,96130,F41.1,191.46,Paid,,,N,,22,2025-01-24
CLM-2025-001226,Harbor State Medicaid,90837,F33.1,171.56,Paid,,,N,,23,2025-05-30
CLM-2025-001227,Apex Medicare Advantage,90792,F33.1,362.16,Paid,,,N,,14,2025-07-26
CLM-2025-001228,Harbor State Medicaid,90832,F43.12,100.81,Paid,,,N,,16,2025-02-03
CLM-2025-001229,Summit Behavioral Health Plan,90837,F33.1,181.77,Denied,PR-27 Expenses incurred after coverage terminated,2025-08-12,Y,pending,64,2025-07-24
CLM-2025-001230,Liberty Care PPO,90791,F41.1,342.56,Paid,,,N,,27,2025-05-20
CLM-2025-001231,Apex Medicare Advantage,90853,F33.1,62.87,Paid,,,N,,23,2025-07-04
CLM-2025-001232,Apex Medicare Advantage,90837,F41.1,213.79,Paid,,,N,,26,2025-03-28
CLM-2025-001233,Summit Behavioral Health Plan,90853,F43.12,80.33,Paid,,,N,,24,2025-05-27
CLM-2025-001234,Apex Medicare Advantage,90791,F43.12,250.95,Denied,CO-50 Non-covered service - deemed not medically necessary,2025-07-31,N,not appealed,72,2025-07-07
CLM-2025-001235,Summit Behavioral Health Plan,90837,F31.30,218.47,Denied,CO-18 Duplicate claim/service,2025-08-19,Y,upheld,79,2025-07-24
CLM-2025-001236,Apex Medicare Advantage,90832,F31.30,107.11,Paid,,,N,,21,2025-08-19
CLM-2025-001237,Liberty Care PPO,96127,F90.0,39.21,Denied,CO-50 Non-covered service - deemed not medically necessary,2025-08-05,Y,overturned,70,2025-07-22
CLM-2025-001238,Summit Behavioral Health Plan,90791,F43.12,324.34,Paid,,,N,,12,2025-08-31
CLM-2025-001239,Harbor State Medicaid,90834,F31.30,150.52,Paid,,,N,,18,2025-02-09
CLM-2025-001240,Gateway Health Cooperative,90837,F32.1,191.94,Denied,CO-50 Non-covered service - deemed not medically necessary,2025-05-01,N,not appealed,99,2025-04-19
CLM-2025-001241,Apex Medicare Advantage,90834,F31.30,179.65,Paid,,,N,,30,2025-09-06
CLM-2025-001242,Gateway Health Cooperative,90791,F41.1,294.87,Paid,,,N,,30,2025-06-27
CLM-2025-001243,Harbor State Medicaid,90792,F41.1,316.71,Paid,,,N,,10,2025-05-17
CLM-2025-001244,Liberty Care PPO,90834,F32.1,142.4,Paid,,,N,,25,2025-04-02
CLM-2025-001245,Pinnacle Commercial Plan,96127,F33.1,37.87,Denied,CO-96 Non-covered charges,2025-04-12,Y,upheld,96,2025-03-23
CLM-2025-001246,Liberty Care PPO,96127,F31.30,38.94,Paid,,,N,,19,2025-05-17
CLM-2025-001247,Harbor State Medicaid,96127,F32.1,37.73,Denied,CO-18 Duplicate claim/service,2025-04-28,Y,pending,56,2025-04-07
CLM-2025-001248,Liberty Care PPO,90791,F41.1,293.08,Paid,,,N,,22,2025-01-27
CLM-2025-001249,Liberty Care PPO,96127,F31.30,25.1,Denied,CO-50 Non-covered service - deemed not medically necessary,2025-04-01,Y,upheld,99,2025-03-11
CLM-2025-001250,Pinnacle Commercial Plan,90791,F90.0,293.86,Denied,CO-29 Timely filing - claim submitted past deadline,2025-02-28,Y,upheld,72,2025-02-16
CLM-2025-001251,Summit Behavioral Health Plan,90832,F90.0,95.35,Paid,,,N,,13,2025-07-15
CLM-2025-001252,Summit Behavioral Health Plan,90792,F31.30,327.93,Denied,CO-97 Payment included in another service already adjudicated,2025-04-11,N,not appealed,95,2025-03-15
CLM-2025-001253,Summit Behavioral Health Plan,90837,F90.0,206.82,Paid,,,N,,24,2025-05-14
CLM-2025-001254,Summit Behavioral Health Plan,96130,F41.1,243.42,Paid,,,N,,12,2025-02-14
CLM-2025-001255,Pinnacle Commercial Plan,90832,F33.1,117.13,Paid,,,N,,16,2025-04-25
CLM-2025-001256,Liberty Care PPO,90832,F90.0,109.44,Paid,,,N,,34,2025-03-10
CLM-2025-001257,Summit Behavioral Health Plan,90832,F33.1,94.6,Denied,CO-16 Claim lacks information needed for adjudication,2025-07-22,Y,overturned,56,2025-07-04
CLM-2025-001258,Gateway Health Cooperative,90834,F43.12,130.87,Paid,,,N,,21,2025-06-16
CLM-2025-001259,Summit Behavioral Health Plan,90834,F41.1,136.43,Denied,CO-50 Non-covered service - deemed not medically necessary,2025-09-18,Y,pending,76,2025-08-31
CLM-2025-001260,Apex Medicare Advantage,90837,F41.1,218.81,Paid,,,N,,15,2025-04-02
CLM-2025-001261,Apex Medicare Advantage,90837,F33.1,178.26,Paid,,,N,,25,2025-04-09
CLM-2025-001262,Gateway Health Cooperative,90832,F41.1,125.8,Denied,CO-29 Timely filing - claim submitted past deadline,2025-02-07,Y,overturned,93,2025-01-16
CLM-2025-001263,Summit Behavioral Health Plan,90792,F33.1,374.83,Paid,,,N,,15,2025-04-01
CLM-2025-001264,Gateway Health Cooperative,90837,F41.1,206.23,Paid,,,N,,25,2025-03-31
CLM-2025-001265,Gateway Health Cooperative,90834,F41.1,156.28,Paid,,,N,,32,2025-06-21
CLM-2025-001266,Liberty Care PPO,96127,F31.30,26.96,Denied,CO-97 Payment included in another service already adjudicated,2025-06-27,Y,overturned,71,2025-06-09
CLM-2025-001267,Summit Behavioral Health Plan,90834,F31.30,140.57,Paid,,,N,,18,2025-05-07
CLM-2025-001268,Apex Medicare Advantage,90792,F90.0,292.78,Paid,,,N,,31,2025-05-26
CLM-2025-001269,Harbor State Medicaid,96127,F31.30,31.73,Paid,,,N,,11,2025-02-05
CLM-2025-001270,Apex Medicare Advantage,90834,F32.1,177.15,Paid,,,N,,18,2025-02-17
CLM-2025-001271,Liberty Care PPO,96130,F31.30,184.86,Paid,,,N,,30,2025-02-23
CLM-2025-001272,Apex Medicare Advantage,90834,F32.1,150.81,Paid,,,N,,30,2025-02-17
CLM-2025-001273,Liberty Care PPO,90853,F33.1,72.03,Denied,CO-50 Non-covered service - deemed not medically necessary,2025-03-17,N,not appealed,65,2025-02-27
CLM-2025-001274,Pinnacle Commercial Plan,90853,F31.30,73.66,Paid,,,N,,25,2025-07-09
CLM-2025-001275,Pinnacle Commercial Plan,90832,F32.1,100.74,Denied,CO-96 Non-covered charges,2025-03-11,Y,pending,77,2025-02-18
CLM-2025-001276,Harbor State Medicaid,90832,F31.30,121.62,Paid,,,N,,23,2025-09-13
CLM-2025-001277,Summit Behavioral Health Plan,90791,F31.30,314.86,Paid,,,N,,22,2025-06-09
CLM-2025-001278,Summit Behavioral Health Plan,90837,F31.30,192.96,Paid,,,N,,21,2025-02-09
CLM-2025-001279,Liberty Care PPO,90791,F33.1,331.59,Paid,,,N,,26,2025-03-03
CLM-2025-001280,Summit Behavioral Health Plan,96130,F43.12,222.99,Paid,,,N,,24,2025-02-02
CLM-2025-001281,Harbor State Medicaid,90832,F43.12,115.05,Paid,,,N,,17,2025-05-27
CLM-2025-001282,Summit Behavioral Health Plan,90832,F90.0,113.27,Paid,,,N,,25,2025-02-14
CLM-2025-001283,Liberty Care PPO,96127,F41.1,26.41,Denied,CO-16 Claim lacks information needed for adjudication,2025-05-21,Y,upheld,76,2025-05-03
CLM-2025-001284,Gateway Health Cooperative,90791,F41.1,266.29,Paid,,,N,,33,2025-08-03
CLM-2025-001285,Summit Behavioral Health Plan,90792,F90.0,322.64,Paid,,,N,,24,2025-08-26
CLM-2025-001286,Summit Behavioral Health Plan,90834,F32.1,163.61,Denied,CO-97 Payment included in another service already adjudicated,2025-06-24,N,not appealed,91,2025-06-09
CLM-2025-001287,Harbor State Medicaid,90791,F33.1,327.01,Paid,,,N,,19,2025-02-11
CLM-2025-001288,Summit Behavioral Health Plan,96130,F32.1,256.61,Paid,,,N,,22,2025-05-24
CLM-2025-001289,Pinnacle Commercial Plan,90791,F43.12,263.92,Paid,,,N,,21,2025-08-22
CLM-2025-001290,Liberty Care PPO,90834,F43.12,134.63,Denied,CO-96 Non-covered charges,2025-07-14,N,not appealed,71,2025-07-02
CLM-2025-001291,Apex Medicare Advantage,90791,F90.0,338.65,Denied,CO-96 Non-covered charges,2025-03-02,Y,pending,96,2025-02-11
CLM-2025-001292,Liberty Care PPO,96127,F31.30,35.27,Paid,,,N,,21,2025-08-20
CLM-2025-001293,Apex Medicare Advantage,96130,F33.1,197.96,Denied,CO-96 Non-covered charges,2025-04-30,N,not appealed,60,2025-04-07
CLM-2025-001294,Pinnacle Commercial Plan,90837,F43.12,170.68,Paid,,,N,,29,2025-04-01
CLM-2025-001295,Summit Behavioral Health Plan,90837,F33.1,178.09,Paid,,,N,,20,2025-04-05
CLM-2025-001296,Harbor State Medicaid,90837,F31.30,215.97,Denied,CO-50 Non-covered service - deemed not medically necessary,2025-08-14,N,not appealed,54,2025-07-29
CLM-2025-001297,Liberty Care PPO,90834,F90.0,163.28,Denied,CO-97 Payment included in another service already adjudicated,2025-08-22,Y,overturned,73,2025-08-02
CLM-2025-001298,Summit Behavioral Health Plan,90834,F90.0,139.16,Paid,,,N,,25,2025-05-09
CLM-2025-001299,Apex Medicare Advantage,90837,F31.30,168.29,Paid,,,N,,27,2025-08-29
CLM-2025-001300,Apex Medicare Advantage,90834,F43.12,149.56,Paid,,,N,,16,2025-08-04
CLM-2025-001301,Apex Medicare Advantage,90834,F31.30,154.67,Paid,,,N,,16,2025-08-01
CLM-2025-001302,Summit Behavioral Health Plan,90791,F32.1,349.39,Paid,,,N,,16,2025-04-08
CLM-2025-001303,Harbor State Medicaid,90791,F41.1,284.93,Paid,,,N,,23,2025-03-22
CLM-2025-001304,Pinnacle Commercial Plan,96130,F41.1,253.04,Paid,,,N,,17,2025-02-28
CLM-2025-001305,Gateway Health Cooperative,90791,F41.1,319.58,Paid,,,N,,27,2025-04-12
CLM-2025-001306,Liberty Care PPO,90837,F32.1,199.76,Paid,,,N,,23,2025-05-08
CLM-2025-001307,Summit Behavioral Health Plan,90834,F32.1,124.74,Paid,,,N,,25,2025-01-09
CLM-2025-001308,Summit Behavioral Health Plan,90792,F31.30,354.36,Paid,,,N,,21,2025-05-21
CLM-2025-001309,Apex Medicare Advantage,90837,F31.30,186.64,Denied,CO-50 Non-covered service - deemed not medically necessary,2025-07-15,N,not appealed,57,2025-07-02
CLM-2025-001310,Apex Medicare Advantage,90792,F90.0,296.03,Paid,,,N,,28,2025-08-07
CLM-2025-001311,Apex Medicare Advantage,90853,F43.12,87.57,Paid,,,N,,27,2025-03-25
CLM-2025-001312,Harbor State Medicaid,90832,F90.0,93.68,Paid,,,N,,21,2025-09-13
CLM-2025-001313,Summit Behavioral Health Plan,90837,F41.1,173.13,Paid,,,N,,29,2025-08-04
CLM-2025-001314,Apex Medicare Advantage,90791,F90.0,319.24,Paid,,,N,,26,2025-03-27
CLM-2025-001315,Pinnacle Commercial Plan,90792,F31.30,360.33,Denied,CO-50 Non-covered service - deemed not medically necessary,2025-05-08,Y,upheld,81,2025-04-24
CLM-2025-001316,Summit Behavioral Health Plan,90832,F32.1,111.66,Paid,,,N,,21,2025-03-01
CLM-2025-001317,Summit Behavioral Health Plan,90832,F41.1,127.17,Denied,CO-18 Duplicate claim/service,2025-03-28,Y,overturned,52,2025-03-15
CLM-2025-001318,Summit Behavioral Health Plan,90791,F33.1,280.86,Paid,,,N,,24,2025-07-17
CLM-2025-001319,Apex Medicare Advantage,90834,F33.1,143.44,Denied,CO-29 Timely filing - claim submitted past deadline,2025-10-04,Y,upheld,61,2025-09-12
CLM-2025-001320,Apex Medicare Advantage,90853,F90.0,60.71,Paid,,,N,,15,2025-05-08
CLM-2025-001321,Liberty Care PPO,90792,F31.30,326.31,Paid,,,N,,25,2025-01-29
CLM-2025-001322,Pinnacle Commercial Plan,90853,F31.30,79.63,Paid,,,N,,32,2025-02-16
CLM-2025-001323,Apex Medicare Advantage,90837,F33.1,199.08,Paid,,,N,,24,2025-04-30
CLM-2025-001324,Liberty Care PPO,90837,F32.1,216.41,Paid,,,N,,39,2025-08-22
CLM-2025-001325,Liberty Care PPO,90832,F32.1,114.42,Denied,CO-97 Payment included in another service already adjudicated,2025-10-05,Y,pending,84,2025-09-08
CLM-2025-001326,Apex Medicare Advantage,96130,F32.1,242.52,Denied,CO-96 Non-covered charges,2025-06-03,Y,overturned,78,2025-05-13
CLM-2025-001327,Liberty Care PPO,90791,F90.0,321.07,Paid,,,N,,26,2025-03-13
CLM-2025-001328,Pinnacle Commercial Plan,90834,F32.1,175.45,Paid,,,N,,17,2025-09-11
CLM-2025-001329,Liberty Care PPO,90832,F43.12,106.36,Paid,,,N,,32,2025-08-28
CLM-2025-001330,Liberty Care PPO,96127,F33.1,39.28,Paid,,,N,,34,2025-01-27
CLM-2025-001331,Liberty Care PPO,96127,F32.1,39.87,Paid,,,N,,19,2025-06-13
CLM-2025-001332,Gateway Health Cooperative,90832,F32.1,122.85,Paid,,,N,,23,2025-02-14
CLM-2025-001333,Liberty Care PPO,90834,F41.1,171.23,Paid,,,N,,39,2025-04-15
CLM-2025-001334,Summit Behavioral Health Plan,90834,F90.0,158.55,Denied,CO-16 Claim lacks information needed for adjudication,2025-02-26,N,not appealed,62,2025-02-02
CLM-2025-001335,Liberty Care PPO,90791,F43.12,284.24,Denied,CO-29 Timely filing - claim submitted past deadline,2025-05-25,Y,pending,74,2025-05-10
CLM-2025-001336,Harbor State Medicaid,90792,F43.12,301.35,Paid,,,N,,22,2025-01-14
CLM-2025-001337,Liberty Care PPO,96127,F90.0,30.42,Paid,,,N,,19,2025-09-13
CLM-2025-001338,Summit Behavioral Health Plan,90791,F90.0,325.86,Denied,CO-50 Non-covered service - deemed not medically necessary,2025-04-01,Y,overturned,69,2025-03-16
CLM-2025-001339,Pinnacle Commercial Plan,90834,F41.1,145.18,Paid,,,N,,21,2025-06-26
CLM-2025-001340,Pinnacle Commercial Plan,90791,F33.1,340.16,Paid,,,N,,21,2025-09-09
CLM-2025-001341,Summit Behavioral Health Plan,96130,F43.12,218.53,Paid,,,N,,25,2025-07-01
CLM-2025-001342,Liberty Care PPO,90837,F32.1,183.35,Paid,,,N,,37,2025-05-29
CLM-2025-001343,Summit Behavioral Health Plan,90837,F41.1,194.71,Paid,,,N,,22,2025-03-29
CLM-2025-001344,Summit Behavioral Health Plan,96127,F90.0,39.01,Paid,,,N,,25,2025-08-15
CLM-2025-001345,Summit Behavioral Health Plan,90837,F41.1,219.29,Paid,,,N,,30,2025-06-17
CLM-2025-001346,Summit Behavioral Health Plan,90832,F90.0,129.16,Paid,,,N,,17,2025-07-03
CLM-2025-001347,Apex Medicare Advantage,90832,F41.1,98.39,Paid,,,N,,14,2025-09-11
CLM-2025-001348,Liberty Care PPO,90834,F33.1,138.12,Paid,,,N,,21,2025-05-14
CLM-2025-001349,Gateway Health Cooperative,90837,F90.0,187.36,Paid,,,N,,31,2025-04-06
CLM-2025-001350,Liberty Care PPO,96130,F41.1,206.87,Paid,,,N,,23,2025-05-03
CLM-2025-001351,Apex Medicare Advantage,90792,F33.1,323.59,Paid,,,N,,27,2025-08-10
CLM-2025-001352,Gateway Health Cooperative,90837,F32.1,216.27,Paid,,,N,,17,2025-01-28
CLM-2025-001353,Summit Behavioral Health Plan,90791,F32.1,343.25,Paid,,,N,,29,2025-05-13
CLM-2025-001354,Summit Behavioral Health Plan,90834,F32.1,154.87,Paid,,,N,,25,2025-06-25
CLM-2025-001355,Summit Behavioral Health Plan,90853,F32.1,76.55,Paid,,,N,,15,2025-02-25
CLM-2025-001356,Liberty Care PPO,90853,F31.30,73.92,Paid,,,N,,30,2025-07-05
CLM-2025-001357,Summit Behavioral Health Plan,90834,F33.1,133.44,Paid,,,N,,20,2025-03-15
CLM-2025-001358,Liberty Care PPO,96127,F31.30,38.64,Denied,PR-27 Expenses incurred after coverage terminated,2025-03-21,Y,overturned,88,2025-03-08
CLM-2025-001359,Pinnacle Commercial Plan,90834,F33.1,164.47,Denied,CO-97 Payment included in another service already adjudicated,2025-04-26,Y,upheld,72,2025-04-01
CLM-2025-001360,Apex Medicare Advantage,90834,F43.12,123.09,Denied,CO-29 Timely filing - claim submitted past deadline,2025-05-12,Y,overturned,65,2025-04-25
CLM-2025-001361,Liberty Care PPO,90791,F43.12,330.12,Paid,,,N,,30,2025-02-05
CLM-2025-001362,Pinnacle Commercial Plan,90837,F43.12,175.61,Paid,,,N,,22,2025-02-15
CLM-2025-001363,Summit Behavioral Health Plan,90791,F43.12,251.15,Denied,CO-29 Timely filing - claim submitted past deadline,2025-02-28,Y,pending,58,2025-02-14
CLM-2025-001364,Harbor State Medicaid,90837,F41.1,206.66,Paid,,,N,,13,2025-03-08
CLM-2025-001365,Liberty Care PPO,90834,F90.0,134.72,Denied,CO-50 Non-covered service - deemed not medically necessary,2025-08-05,N,not appealed,105,2025-07-22
CLM-2025-001366,Summit Behavioral Health Plan,96130,F32.1,249.36,Paid,,,N,,15,2025-05-03
CLM-2025-001367,Summit Behavioral Health Plan,90832,F32.1,125.78,Paid,,,N,,23,2025-01-25
CLM-2025-001368,Harbor State Medicaid,90832,F32.1,94.03,Denied,CO-197 Precertification/authorization absent,2025-05-05,Y,overturned,65,2025-04-21
CLM-2025-001369,Gateway Health Cooperative,90834,F33.1,129.67,Paid,,,N,,32,2025-01-08
CLM-2025-001370,Gateway Health Cooperative,96127,F33.1,26.76,Paid,,,N,,33,2025-04-04
CLM-2025-001371,Apex Medicare Advantage,90791,F33.1,302.17,Denied,CO-29 Timely filing - claim submitted past deadline,2025-09-29,Y,upheld,64,2025-08-31
CLM-2025-001372,Summit Behavioral Health Plan,90834,F32.1,173.91,Denied,CO-50 Non-covered service - deemed not medically necessary,2025-04-15,Y,overturned,55,2025-03-30
CLM-2025-001373,Liberty Care PPO,90834,F31.30,137.66,Paid,,,N,,34,2025-08-01
CLM-2025-001374,Harbor State Medicaid,96127,F41.1,28.75,Paid,,,N,,21,2025-06-30
CLM-2025-001375,Liberty Care PPO,90834,F43.12,155.02,Denied,CO-50 Non-covered service - deemed not medically necessary,2025-04-22,Y,overturned,103,2025-03-26
CLM-2025-001376,Gateway Health Cooperative,90853,F43.12,78.69,Paid,,,N,,32,2025-04-14
CLM-2025-001377,Liberty Care PPO,96127,F90.0,37.29,Paid,,,N,,34,2025-02-17
CLM-2025-001378,Summit Behavioral Health Plan,90834,F31.30,156.23,Paid,,,N,,23,2025-09-06
CLM-2025-001379,Liberty Care PPO,90791,F90.0,330.9,Denied,CO-50 Non-covered service - deemed not medically necessary,2025-08-14,N,not appealed,88,2025-07-27
CLM-2025-001380,Summit Behavioral Health Plan,90834,F31.30,120.58,Paid,,,N,,18,2025-01-08
CLM-2025-001381,Apex Medicare Advantage,90853,F43.12,86.96,Paid,,,N,,20,2025-01-22
CLM-2025-001382,Apex Medicare Advantage,90791,F43.12,277.8,Paid,,,N,,16,2025-09-05
CLM-2025-001383,Apex Medicare Advantage,90837,F90.0,200.93,Paid,,,N,,20,2025-03-28
CLM-2025-001384,Summit Behavioral Health Plan,90853,F33.1,74.96,Denied,CO-97 Payment included in another service already adjudicated,2025-05-15,Y,overturned,51,2025-04-23
CLM-2025-001385,Liberty Care PPO,90837,F32.1,211.37,Denied,CO-50 Non-covered service - deemed not medically necessary,2025-09-12,N,not appealed,90,2025-08-27
CLM-2025-001386,Summit Behavioral Health Plan,90834,F33.1,151.65,Denied,CO-97 Payment included in another service already adjudicated,2025-07-15,N,not appealed,67,2025-06-20
CLM-2025-001387,Liberty Care PPO,90834,F33.1,124.79,Paid,,,N,,30,2025-05-12
CLM-2025-001388,Liberty Care PPO,96130,F31.30,219.47,Paid,,,N,,29,2025-09-10
CLM-2025-001389,Harbor State Medicaid,90791,F32.1,272.4,Denied,CO-97 Payment included in another service already adjudicated,2025-03-07,Y,pending,68,2025-02-10
CLM-2025-001390,Pinnacle Commercial Plan,90834,F31.30,120.3,Denied,PR-27 Expenses incurred after coverage terminated,2025-08-29,Y,upheld,64,2025-08-16
CLM-2025-001391,Summit Behavioral Health Plan,90837,F90.0,207.5,Paid,,,N,,16,2025-03-16
CLM-2025-001392,Apex Medicare Advantage,90791,F41.1,281.93,Paid,,,N,,27,2025-07-17
CLM-2025-001393,Gateway Health Cooperative,90837,F41.1,191.31,Paid,,,N,,29,2025-06-02
CLM-2025-001394,Harbor State Medicaid,90834,F41.1,163.85,Paid,,,N,,14,2025-01-29
CLM-2025-001395,Gateway Health Cooperative,90834,F41.1,170.13,Paid,,,N,,20,2025-06-23
CLM-2025-001396,Gateway Health Cooperative,90791,F41.1,299.46,Paid,,,N,,28,2025-01-09
CLM-2025-001397,Pinnacle Commercial Plan,90792,F41.1,290.45,Paid,,,N,,32,2025-08-02
CLM-2025-001398,Apex Medicare Advantage,90834,F31.30,176.66,Paid,,,N,,30,2025-05-02
CLM-2025-001399,Summit Behavioral Health Plan,90791,F90.0,341.67,Paid,,,N,,28,2025-09-12
CLM-2025-001400,Summit Behavioral Health Plan,90834,F90.0,124.12,Paid,,,N,,30,2025-02-17
CLM-2025-001401,Gateway Health Cooperative,90792,F31.30,367.62,Denied,CO-109 Claim not covered by this payer/contractor,2025-02-20,Y,overturned,88,2025-02-03
CLM-2025-001402,Liberty Care PPO,90832,F32.1,127.08,Paid,,,N,,22,2025-04-06
CLM-2025-001403,Liberty Care PPO,90834,F90.0,140.02,Denied,CO-50 Non-covered service - deemed not medically necessary,2025-04-09,N,not appealed,92,2025-03-16
CLM-2025-001404,Summit Behavioral Health Plan,90792,F33.1,297.66,Paid,,,N,,28,2025-05-21
CLM-2025-001405,Liberty Care PPO,90837,F32.1,198.78,Denied,CO-50 Non-covered service - deemed not medically necessary,2025-03-16,Y,overturned,99,2025-03-03
CLM-2025-001406,Summit Behavioral Health Plan,90832,F31.30,114.81,Paid,,,N,,15,2025-04-19
CLM-2025-001407,Summit Behavioral Health Plan,90853,F90.0,80.75,Denied,CO-50 Non-covered service - deemed not medically necessary,2025-03-20,N,not appealed,68,2025-02-27
CLM-2025-001408,Gateway Health Cooperative,90791,F31.30,300.32,Paid,,,N,,23,2025-06-14
CLM-2025-001409,Pinnacle Commercial Plan,90837,F31.30,170.21,Denied,CO-96 Non-covered charges,2025-02-18,Y,pending,90,2025-01-23
CLM-2025-001410,Liberty Care PPO,90791,F32.1,347.44,Paid,,,N,,18,2025-02-18
CLM-2025-001411,Apex Medicare Advantage,96130,F90.0,226.65,Paid,,,N,,17,2025-08-17
CLM-2025-001412,Summit Behavioral Health Plan,90791,F33.1,318.0,Denied,CO-97 Payment included in another service already adjudicated,2025-08-23,N,not appealed,56,2025-08-07
CLM-2025-001413,Liberty Care PPO,90837,F31.30,187.16,Paid,,,N,,26,2025-04-05
CLM-2025-001414,Gateway Health Cooperative,90832,F33.1,108.35,Paid,,,N,,30,2025-03-24
CLM-2025-001415,Pinnacle Commercial Plan,96127,F43.12,38.53,Denied,CO-96 Non-covered charges,2025-06-06,N,not appealed,61,2025-05-09
CLM-2025-001416,Summit Behavioral Health Plan,90834,F41.1,133.22,Paid,,,N,,19,2025-04-07
CLM-2025-001417,Apex Medicare Advantage,90837,F41.1,185.84,Denied,CO-109 Claim not covered by this payer/contractor,2025-08-08,N,not appealed,72,2025-07-15
CLM-2025-001418,Pinnacle Commercial Plan,90837,F90.0,213.95,Paid,,,N,,21,2025-09-08
CLM-2025-001419,Summit Behavioral Health Plan,90837,F90.0,213.28,Paid,,,N,,20,2025-06-05
CLM-2025-001420,Liberty Care PPO,90791,F33.1,302.01,Paid,,,N,,31,2025-08-07
CLM-2025-001421,Pinnacle Commercial Plan,90834,F33.1,167.55,Denied,CO-50 Non-covered service - deemed not medically necessary,2025-04-05,Y,overturned,78,2025-03-20
CLM-2025-001422,Gateway Health Cooperative,90837,F33.1,178.22,Paid,,,N,,14,2025-01-22
CLM-2025-001423,Liberty Care PPO,90832,F32.1,123.02,Paid,,,N,,18,2025-01-19
CLM-2025-001424,Liberty Care PPO,90837,F33.1,160.04,Denied,CO-50 Non-covered service - deemed not medically necessary,2025-03-03,N,not appealed,97,2025-02-10
CLM-2025-001425,Gateway Health Cooperative,90853,F32.1,64.65,Paid,,,N,,20,2025-07-07
CLM-2025-001426,Liberty Care PPO,96127,F32.1,29.36,Paid,,,N,,25,2025-05-07
CLM-2025-001427,Pinnacle Commercial Plan,90837,F32.1,185.35,Denied,CO-96 Non-covered charges,2025-09-12,Y,overturned,80,2025-08-22
CLM-2025-001428,Pinnacle Commercial Plan,90791,F33.1,326.77,Paid,,,N,,22,2025-02-09
CLM-2025-001429,Liberty Care PPO,90791,F31.30,306.67,Paid,,,N,,30,2025-05-04
CLM-2025-001430,Pinnacle Commercial Plan,90853,F43.12,62.88,Paid,,,N,,32,2025-04-29
CLM-2025-001431,Harbor State Medicaid,90837,F90.0,188.1,Paid,,,N,,16,2025-05-05
CLM-2025-001432,Apex Medicare Advantage,96127,F90.0,25.4,Paid,,,N,,23,2025-01-28
CLM-2025-001433,Pinnacle Commercial Plan,90834,F43.12,142.39,Paid,,,N,,25,2025-05-25
CLM-2025-001434,Summit Behavioral Health Plan,96127,F31.30,26.89,Paid,,,N,,28,2025-01-07
CLM-2025-001435,Apex Medicare Advantage,90791,F31.30,255.47,Paid,,,N,,17,2025-02-02
CLM-2025-001436,Pinnacle Commercial Plan,90834,F32.1,161.44,Paid,,,N,,32,2025-02-06
CLM-2025-001437,Gateway Health Cooperative,90791,F41.1,270.51,Paid,,,N,,29,2025-05-29
CLM-2025-001438,Summit Behavioral Health Plan,96127,F41.1,34.6,Paid,,,N,,12,2025-03-24
CLM-2025-001439,Pinnacle Commercial Plan,90837,F32.1,172.04,Denied,CO-16 Claim lacks information needed for adjudication,2025-02-03,Y,overturned,90,2025-01-06
CLM-2025-001440,Summit Behavioral Health Plan,90834,F32.1,143.44,Paid,,,N,,17,2025-03-23
CLM-2025-001441,Pinnacle Commercial Plan,96127,F43.12,33.2,Denied,CO-96 Non-covered charges,2025-07-14,Y,upheld,71,2025-06-29
CLM-2025-001442,Summit Behavioral Health Plan,90837,F43.12,174.44,Paid,,,N,,18,2025-07-14
CLM-2025-001443,Apex Medicare Advantage,90832,F43.12,116.7,Paid,,,N,,22,2025-05-12
CLM-2025-001444,Liberty Care PPO,90837,F90.0,166.44,Denied,CO-50 Non-covered service - deemed not medically necessary,2025-08-14,Y,pending,89,2025-08-02
CLM-2025-001445,Summit Behavioral Health Plan,90834,F31.30,158.71,Paid,,,N,,23,2025-06-13
CLM-2025-001446,Harbor State Medicaid,90834,F33.1,163.38,Paid,,,N,,15,2025-01-08
CLM-2025-001447,Apex Medicare Advantage,96127,F31.30,28.16,Paid,,,N,,16,2025-05-20
CLM-2025-001448,Summit Behavioral Health Plan,90792,F43.12,345.59,Paid,,,N,,16,2025-04-02
CLM-2025-001449,Summit Behavioral Health Plan,90853,F90.0,69.09,Paid,,,N,,27,2025-01-23
CLM-2025-001450,Liberty Care PPO,90834,F43.12,159.54,Paid,,,N,,39,2025-07-06
CLM-2025-001451,Apex Medicare Advantage,90791,F43.12,282.41,Paid,,,N,,26,2025-04-05
CLM-2025-001452,Summit Behavioral Health Plan,90791,F41.1,323.29,Paid,,,N,,27,2025-01-30
CLM-2025-001453,Harbor State Medicaid,90834,F31.30,165.59,Paid,,,N,,24,2025-07-28
CLM-2025-001454,Pinnacle Commercial Plan,90837,F90.0,183.05,Denied,CO-97 Payment included in another service already adjudicated,2025-09-14,Y,upheld,88,2025-08-30
CLM-2025-001455,Pinnacle Commercial Plan,90837,F41.1,210.44,Denied,CO-96 Non-covered charges,2025-04-14,N,not appealed,96,2025-03-29
CLM-2025-001456,Apex Medicare Advantage,90792,F31.30,329.11,Paid,,,N,,19,2025-03-20
CLM-2025-001457,Liberty Care PPO,90834,F32.1,167.4,Denied,CO-197 Precertification/authorization absent,2025-06-19,Y,upheld,65,2025-06-04
CLM-2025-001458,Liberty Care PPO,90834,F32.1,152.79,Denied,CO-29 Timely filing - claim submitted past deadline,2025-05-01,Y,upheld,101,2025-04-03
CLM-2025-001459,Pinnacle Commercial Plan,90834,F43.12,141.39,Denied,CO-50 Non-covered service - deemed not medically necessary,2025-09-06,N,not appealed,64,2025-08-12
CLM-2025-001460,Apex Medicare Advantage,90791,F32.1,301.72,Paid,,,N,,15,2025-02-05
CLM-2025-001461,Apex Medicare Advantage,90834,F33.1,133.44,Paid,,,N,,26,2025-08-30
CLM-2025-001462,Gateway Health Cooperative,90791,F33.1,337.15,Paid,,,N,,21,2025-01-25
CLM-2025-001463,Pinnacle Commercial Plan,96127,F90.0,32.5,Denied,CO-96 Non-covered charges,2025-06-28,N,not appealed,76,2025-06-13
CLM-2025-001464,Gateway Health Cooperative,90791,F41.1,292.14,Paid,,,N,,15,2025-04-01
CLM-2025-001465,Summit Behavioral Health Plan,90834,F31.30,164.03,Paid,,,N,,19,2025-08-27
CLM-2025-001466,Apex Medicare Advantage,90853,F43.12,76.92,Paid,,,N,,15,2025-07-04
CLM-2025-001467,Liberty Care PPO,90791,F31.30,291.62,Paid,,,N,,35,2025-06-11
CLM-2025-001468,Apex Medicare Advantage,90791,F32.1,322.33,Paid,,,N,,21,2025-01-15
CLM-2025-001469,Gateway Health Cooperative,90834,F41.1,138.21,Paid,,,N,,14,2025-01-11
CLM-2025-001470,Pinnacle Commercial Plan,90853,F90.0,76.03,Paid,,,N,,16,2025-06-29
CLM-2025-001471,Apex Medicare Advantage,90791,F31.30,326.57,Paid,,,N,,27,2025-02-07
CLM-2025-001472,Apex Medicare Advantage,90791,F43.12,261.8,Paid,,,N,,20,2025-08-25
CLM-2025-001473,Liberty Care PPO,96127,F32.1,28.57,Denied,CO-50 Non-covered service - deemed not medically necessary,2025-07-04,Y,upheld,65,2025-06-05
CLM-2025-001474,Pinnacle Commercial Plan,90832,F32.1,92.28,Paid,,,N,,25,2025-02-07
CLM-2025-001475,Summit Behavioral Health Plan,90834,F41.1,159.31,Denied,CO-97 Payment included in another service already adjudicated,2025-04-05,N,not appealed,54,2025-03-21
CLM-2025-001476,Summit Behavioral Health Plan,90834,F31.30,149.7,Paid,,,N,,19,2025-08-02
CLM-2025-001477,Liberty Care PPO,90834,F43.12,142.02,Paid,,,N,,25,2025-03-21
CLM-2025-001478,Apex Medicare Advantage,90832,F43.12,117.91,Denied,CO-109 Claim not covered by this payer/contractor,2025-02-28,Y,overturned,63,2025-02-01
CLM-2025-001479,Pinnacle Commercial Plan,90834,F43.12,138.3,Denied,CO-29 Timely filing - claim submitted past deadline,2025-03-16,Y,overturned,88,2025-02-28
CLM-2025-001480,Gateway Health Cooperative,90834,F90.0,126.85,Denied,CO-96 Non-covered charges,2025-09-01,Y,upheld,58,2025-08-08
CLM-2025-001481,Summit Behavioral Health Plan,90837,F90.0,189.72,Paid,,,N,,19,2025-04-14
CLM-2025-001482,Summit Behavioral Health Plan,90792,F32.1,323.11,Paid,,,N,,29,2025-06-24
CLM-2025-001483,Pinnacle Commercial Plan,96127,F33.1,38.65,Paid,,,N,,24,2025-08-30
CLM-2025-001484,Pinnacle Commercial Plan,90834,F33.1,165.44,Paid,,,N,,29,2025-07-10
CLM-2025-001485,Pinnacle Commercial Plan,90853,F32.1,87.86,Denied,CO-96 Non-covered charges,2025-08-21,N,not appealed,94,2025-07-31
CLM-2025-001486,Apex Medicare Advantage,90834,F43.12,154.1,Denied,CO-97 Payment included in another service already adjudicated,2025-04-01,Y,pending,98,2025-03-13
CLM-2025-001487,Harbor State Medicaid,90791,F43.12,274.99,Paid,,,N,,16,2025-03-22
CLM-2025-001488,Summit Behavioral Health Plan,90832,F33.1,100.75,Paid,,,N,,12,2025-07-25
CLM-2025-001489,Summit Behavioral Health Plan,90834,F33.1,139.26,Denied,CO-97 Payment included in another service already adjudicated,2025-09-05,Y,pending,72,2025-08-10
CLM-2025-001490,Apex Medicare Advantage,96127,F32.1,28.27,Paid,,,N,,22,2025-06-03
CLM-2025-001491,Pinnacle Commercial Plan,90834,F90.0,177.2,Denied,CO-29 Timely filing - claim submitted past deadline,2025-03-13,N,not appealed,68,2025-02-21
CLM-2025-001492,Summit Behavioral Health Plan,90792,F31.30,367.12,Denied,CO-29 Timely filing - claim submitted past deadline,2025-02-04,N,not appealed,78,2025-01-18
CLM-2025-001493,Apex Medicare Advantage,90791,F32.1,321.74,Paid,,,N,,22,2025-09-06
CLM-2025-001494,Harbor State Medicaid,90791,F33.1,334.49,Paid,,,N,,19,2025-05-24
CLM-2025-001495,Summit Behavioral Health Plan,90791,F32.1,300.69,Denied,CO-50 Non-covered service - deemed not medically necessary,2025-06-15,Y,upheld,76,2025-05-16
CLM-2025-001496,Summit Behavioral Health Plan,90834,F32.1,136.99,Paid,,,N,,23,2025-03-30
CLM-2025-001497,Liberty Care PPO,90834,F90.0,159.12,Paid,,,N,,37,2025-09-04
CLM-2025-001498,Summit Behavioral Health Plan,90834,F41.1,137.45,Paid,,,N,,15,2025-08-27
CLM-2025-001499,Apex Medicare Advantage,90853,F31.30,75.32,Paid,,,N,,25,2025-05-16
CLM-2025-001500,Harbor State Medicaid,90834,F31.30,154.96,Paid,,,N,,22,2025-07-10
CLM-2025-001501,Harbor State Medicaid,90791,F41.1,257.73,Paid,,,N,,19,2025-05-30
CLM-2025-001502,Gateway Health Cooperative,90837,F32.1,192.34,Paid,,,N,,15,2025-08-10
CLM-2025-001503,Apex Medicare Advantage,90837,F33.1,191.22,Paid,,,N,,32,2025-03-15
CLM-2025-001504,Liberty Care PPO,90832,F33.1,99.72,Paid,,,N,,21,2025-03-06
CLM-2025-001505,Gateway Health Cooperative,90834,F90.0,177.46,Denied,CO-18 Duplicate claim/service,2025-04-22,N,not appealed,96,2025-04-08
CLM-2025-001506,Apex Medicare Advantage,90832,F41.1,121.45,Paid,,,N,,18,2025-05-31
CLM-2025-001507,Harbor State Medicaid,90832,F31.30,126.37,Paid,,,N,,19,2025-06-04
CLM-2025-001508,Summit Behavioral Health Plan,90832,F32.1,102.55,Paid,,,N,,16,2025-04-20
CLM-2025-001509,Apex Medicare Advantage,90837,F41.1,206.36,Paid,,,N,,19,2025-08-18
CLM-2025-001510,Summit Behavioral Health Plan,90832,F90.0,112.18,Denied,PR-27 Expenses incurred after coverage terminated,2025-08-09,Y,overturned,54,2025-07-15
CLM-2025-001511,Summit Behavioral Health Plan,96127,F90.0,38.78,Denied,CO-29 Timely filing - claim submitted past deadline,2025-04-25,N,not appealed,57,2025-04-06
CLM-2025-001512,Liberty Care PPO,90853,F43.12,70.1,Denied,CO-29 Timely filing - claim submitted past deadline,2025-06-26,N,not appealed,87,2025-06-12
CLM-2025-001513,Harbor State Medicaid,96127,F31.30,34.46,Paid,,,N,,22,2025-08-07
CLM-2025-001514,Apex Medicare Advantage,90791,F43.12,268.35,Paid,,,N,,30,2025-08-28
CLM-2025-001515,Summit Behavioral Health Plan,96127,F33.1,33.9,Paid,,,N,,24,2025-06-27
CLM-2025-001516,Liberty Care PPO,90792,F33.1,352.25,Paid,,,N,,25,2025-09-04
CLM-2025-001517,Liberty Care PPO,90834,F43.12,153.85,Paid,,,N,,31,2025-06-03
CLM-2025-001518,Liberty Care PPO,90834,F41.1,165.44,Paid,,,N,,24,2025-01-16
CLM-2025-001519,Liberty Care PPO,90832,F33.1,125.18,Denied,CO-50 Non-covered service - deemed not medically necessary,2025-02-21,Y,overturned,75,2025-01-31
CLM-2025-001520,Liberty Care PPO,96127,F32.1,39.83,Denied,CO-50 Non-covered service - deemed not medically necessary,2025-09-14,Y,upheld,75,2025-08-30
CLM-2025-001521,Summit Behavioral Health Plan,96127,F43.12,39.4,Paid,,,N,,12,2025-05-23
CLM-2025-001522,Apex Medicare Advantage,90853,F33.1,71.09,Paid,,,N,,27,2025-09-04
CLM-2025-001523,Gateway Health Cooperative,90834,F33.1,169.86,Denied,CO-16 Claim lacks information needed for adjudication,2025-09-13,Y,overturned,71,2025-08-29
CLM-2025-001524,Summit Behavioral Health Plan,90791,F31.30,277.85,Paid,,,N,,14,2025-02-04
CLM-2025-001525,Gateway Health Cooperative,90832,F41.1,92.97,Paid,,,N,,28,2025-05-15
CLM-2025-001526,Gateway Health Cooperative,90834,F31.30,166.62,Paid,,,N,,15,2025-07-01
CLM-2025-001527,Liberty Care PPO,96127,F33.1,36.91,Paid,,,N,,39,2025-02-23
CLM-2025-001528,Pinnacle Commercial Plan,90837,F31.30,216.95,Denied,CO-97 Payment included in another service already adjudicated,2025-01-27,N,not appealed,76,2025-01-08
CLM-2025-001529,Apex Medicare Advantage,90834,F90.0,131.23,Denied,CO-29 Timely filing - claim submitted past deadline,2025-04-02,N,not appealed,68,2025-03-19
CLM-2025-001530,Summit Behavioral Health Plan,90791,F41.1,305.77,Denied,CO-97 Payment included in another service already adjudicated,2025-07-26,Y,overturned,65,2025-07-06
CLM-2025-001531,Gateway Health Cooperative,90834,F41.1,159.42,Paid,,,N,,21,2025-08-18
CLM-2025-001532,Pinnacle Commercial Plan,90837,F31.30,189.41,Paid,,,N,,33,2025-04-16
CLM-2025-001533,Apex Medicare Advantage,90791,F33.1,261.24,Paid,,,N,,24,2025-04-23
CLM-2025-001534,Summit Behavioral Health Plan,90834,F33.1,130.57,Denied,CO-29 Timely filing - claim submitted past deadline,2025-07-10,N,not appealed,80,2025-06-24
CLM-2025-001535,Pinnacle Commercial Plan,96127,F31.30,34.02,Denied,CO-96 Non-covered charges,2025-03-27,N,not appealed,86,2025-03-07
CLM-2025-001536,Summit Behavioral Health Plan,90853,F33.1,67.85,Paid,,,N,,26,2025-04-21
CLM-2025-001537,Liberty Care PPO,90832,F90.0,92.19,Denied,CO-97 Payment included in another service already adjudicated,2025-07-24,Y,overturned,101,2025-07-11
CLM-2025-001538,Pinnacle Commercial Plan,90834,F32.1,166.77,Paid,,,N,,35,2025-09-05
CLM-2025-001539,Liberty Care PPO,90837,F31.30,161.2,Paid,,,N,,20,2025-01-11
CLM-2025-001540,Pinnacle Commercial Plan,90834,F43.12,141.16,Paid,,,N,,32,2025-01-22
CLM-2025-001541,Summit Behavioral Health Plan,90834,F43.12,179.11,Paid,,,N,,19,2025-04-17
CLM-2025-001542,Liberty Care PPO,90792,F90.0,317.39,Paid,,,N,,25,2025-03-02
CLM-2025-001543,Harbor State Medicaid,90791,F43.12,252.0,Paid,,,N,,22,2025-02-01
CLM-2025-001544,Apex Medicare Advantage,90792,F41.1,310.15,Paid,,,N,,21,2025-06-16
CLM-2025-001545,Summit Behavioral Health Plan,90837,F90.0,208.78,Paid,,,N,,20,2025-06-22
CLM-2025-001546,Pinnacle Commercial Plan,90791,F31.30,300.45,Paid,,,N,,16,2025-07-20
CLM-2025-001547,Summit Behavioral Health Plan,90853,F41.1,78.15,Paid,,,N,,24,2025-01-30
CLM-2025-001548,Summit Behavioral Health Plan,90837,F33.1,178.73,Paid,,,N,,12,2025-04-24
CLM-2025-001549,Liberty Care PPO,90834,F31.30,125.98,Paid,,,N,,27,2025-06-02
CLM-2025-001550,Liberty Care PPO,90832,F33.1,106.25,Denied,CO-18 Duplicate claim/service,2025-06-06,Y,pending,96,2025-05-09
CLM-2025-001551,Gateway Health Cooperative,96130,F31.30,241.02,Paid,,,N,,32,2025-02-02
CLM-2025-001552,Harbor State Medicaid,90834,F33.1,133.93,Paid,,,N,,20,2025-05-08
CLM-2025-001553,Liberty Care PPO,90792,F32.1,342.99,Paid,,,N,,24,2025-01-30
CLM-2025-001554,Pinnacle Commercial Plan,90834,F41.1,135.0,Paid,,,N,,31,2025-04-19
CLM-2025-001555,Apex Medicare Advantage,90853,F32.1,82.82,Paid,,,N,,27,2025-07-21
CLM-2025-001556,Liberty Care PPO,90834,F33.1,129.04,Paid,,,N,,31,2025-07-01
CLM-2025-001557,Pinnacle Commercial Plan,90832,F43.12,98.37,Paid,,,N,,31,2025-07-28
CLM-2025-001558,Liberty Care PPO,90837,F31.30,179.31,Denied,CO-50 Non-covered service - deemed not medically necessary,2025-05-23,N,not appealed,92,2025-05-09
CLM-2025-001559,Gateway Health Cooperative,90834,F41.1,165.41,Paid,,,N,,19,2025-05-19
CLM-2025-001560,Summit Behavioral Health Plan,96127,F90.0,26.7,Denied,CO-16 Claim lacks information needed for adjudication,2025-06-08,Y,upheld,76,2025-05-12
CLM-2025-001561,Liberty Care PPO,90832,F33.1,107.42,Paid,,,N,,39,2025-07-09
CLM-2025-001562,Summit Behavioral Health Plan,90834,F43.12,173.37,Denied,CO-96 Non-covered charges,2025-07-09,N,not appealed,95,2025-06-21
CLM-2025-001563,Liberty Care PPO,90837,F41.1,188.33,Denied,CO-50 Non-covered service - deemed not medically necessary,2025-09-18,Y,upheld,95,2025-09-02
CLM-2025-001564,Summit Behavioral Health Plan,90834,F32.1,129.02,Denied,CO-29 Timely filing - claim submitted past deadline,2025-10-01,N,not appealed,84,2025-09-13
CLM-2025-001565,Liberty Care PPO,90791,F43.12,312.5,Denied,CO-97 Payment included in another service already adjudicated,2025-03-06,Y,pending,77,2025-02-15
CLM-2025-001566,Summit Behavioral Health Plan,90853,F43.12,86.04,Paid,,,N,,24,2025-07-11
CLM-2025-001567,Harbor State Medicaid,90834,F41.1,158.5,Paid,,,N,,11,2025-01-25
CLM-2025-001568,Gateway Health Cooperative,90832,F32.1,100.52,Paid,,,N,,32,2025-02-07
CLM-2025-001569,Gateway Health Cooperative,90834,F43.12,154.54,Paid,,,N,,33,2025-06-09
CLM-2025-001570,Gateway Health Cooperative,90834,F41.1,130.09,Denied,CO-16 Claim lacks information needed for adjudication,2025-03-18,Y,overturned,55,2025-03-02
CLM-2025-001571,Liberty Care PPO,96127,F43.12,25.78,Paid,,,N,,39,2025-07-31
CLM-2025-001572,Apex Medicare Advantage,90834,F41.1,165.6,Paid,,,N,,26,2025-05-29
CLM-2025-001573,Gateway Health Cooperative,90834,F33.1,170.32,Denied,CO-29 Timely filing - claim submitted past deadline,2025-06-08,N,not appealed,95,2025-05-21
CLM-2025-001574,Pinnacle Commercial Plan,90837,F43.12,210.39,Paid,,,N,,24,2025-04-29
CLM-2025-001575,Gateway Health Cooperative,90834,F33.1,146.12,Denied,CO-97 Payment included in another service already adjudicated,2025-03-18,N,not appealed,77,2025-02-20
CLM-2025-001576,Gateway Health Cooperative,90832,F41.1,112.39,Paid,,,N,,14,2025-04-13
CLM-2025-001577,Summit Behavioral Health Plan,90834,F43.12,131.69,Paid,,,N,,23,2025-03-26
CLM-2025-001578,Harbor State Medicaid,90834,F33.1,120.78,Paid,,,N,,20,2025-01-14
CLM-2025-001579,Apex Medicare Advantage,90791,F33.1,319.55,Paid,,,N,,32,2025-03-17
CLM-2025-001580,Pinnacle Commercial Plan,96127,F43.12,38.91,Denied,CO-96 Non-covered charges,2025-07-03,Y,upheld,94,2025-06-16
CLM-2025-001581,Pinnacle Commercial Plan,90791,F31.30,252.88,Paid,,,N,,21,2025-02-14
CLM-2025-001582,Pinnacle Commercial Plan,90791,F32.1,291.96,Paid,,,N,,17,2025-01-20
CLM-2025-001583,Liberty Care PPO,96127,F41.1,29.16,Paid,,,N,,18,2025-06-22
CLM-2025-001584,Liberty Care PPO,90837,F31.30,213.98,Paid,,,N,,36,2025-02-18
CLM-2025-001585,Gateway Health Cooperative,90834,F31.30,120.85,Paid,,,N,,15,2025-04-19
CLM-2025-001586,Summit Behavioral Health Plan,90853,F31.30,75.05,Denied,CO-97 Payment included in another service already adjudicated,2025-04-04,Y,overturned,76,2025-03-15
CLM-2025-001587,Summit Behavioral Health Plan,90837,F32.1,210.27,Denied,CO-96 Non-covered charges,2025-04-17,Y,upheld,55,2025-03-26
CLM-2025-001588,Apex Medicare Advantage,90834,F32.1,126.98,Paid,,,N,,19,2025-02-21
CLM-2025-001589,Liberty Care PPO,90837,F41.1,161.21,Denied,CO-50 Non-covered service - deemed not medically necessary,2025-08-18,Y,upheld,80,2025-07-26
CLM-2025-001590,Liberty Care PPO,90837,F41.1,216.56,Paid,,,N,,22,2025-07-16
CLM-2025-001591,Liberty Care PPO,90834,F33.1,137.22,Paid,,,N,,31,2025-02-10
CLM-2025-001592,Summit Behavioral Health Plan,90792,F41.1,368.36,Paid,,,N,,26,2025-09-13
CLM-2025-001593,Summit Behavioral Health Plan,90834,F33.1,154.72,Paid,,,N,,26,2025-07-22
CLM-2025-001594,Pinnacle Commercial Plan,90837,F43.12,170.23,Denied,CO-97 Payment included in another service already adjudicated,2025-05-09,Y,upheld,78,2025-04-14
CLM-2025-001595,Summit Behavioral Health Plan,90837,F31.30,190.23,Denied,CO-97 Payment included in another service already adjudicated,2025-08-15,Y,overturned,52,2025-07-28
CLM-2025-001596,Harbor State Medicaid,90834,F90.0,157.87,Paid,,,N,,15,2025-02-10
CLM-2025-001597,Liberty Care PPO,90834,F32.1,155.3,Paid,,,N,,38,2025-03-29
CLM-2025-001598,Liberty Care PPO,96127,F90.0,27.38,Denied,PR-27 Expenses incurred after coverage terminated,2025-04-18,N,not appealed,84,2025-04-01
CLM-2025-001599,Summit Behavioral Health Plan,90834,F90.0,165.12,Paid,,,N,,30,2025-08-01
CLM-2025-001600,Apex Medicare Advantage,90834,F41.1,143.96,Paid,,,N,,24,2025-03-11
CLM-2025-001601,Apex Medicare Advantage,90834,F41.1,122.41,Paid,,,N,,30,2025-07-20
CLM-2025-001602,Summit Behavioral Health Plan,90834,F43.12,136.16,Paid,,,N,,17,2025-04-18
CLM-2025-001603,Apex Medicare Advantage,96127,F31.30,38.3,Paid,,,N,,32,2025-09-04
CLM-2025-001604,Gateway Health Cooperative,90791,F32.1,283.31,Denied,CO-16 Claim lacks information needed for adjudication,2025-09-27,N,not appealed,84,2025-09-11
CLM-2025-001605,Liberty Care PPO,90834,F41.1,159.52,Denied,CO-50 Non-covered service - deemed not medically necessary,2025-09-06,Y,overturned,70,2025-08-20
CLM-2025-001606,Gateway Health Cooperative,90792,F33.1,335.53,Paid,,,N,,25,2025-01-07
CLM-2025-001607,Summit Behavioral Health Plan,90834,F41.1,143.64,Paid,,,N,,24,2025-08-27
CLM-2025-001608,Pinnacle Commercial Plan,90837,F32.1,205.78,Denied,CO-29 Timely filing - claim submitted past deadline,2025-05-01,Y,overturned,78,2025-04-15
CLM-2025-001609,Pinnacle Commercial Plan,90837,F90.0,185.48,Denied,CO-96 Non-covered charges,2025-06-21,Y,upheld,71,2025-05-22
CLM-2025-001610,Pinnacle Commercial Plan,90834,F32.1,140.39,Paid,,,N,,28,2025-06-11
CLM-2025-001611,Harbor State Medicaid,90837,F41.1,168.28,Paid,,,N,,16,2025-01-17
CLM-2025-001612,Summit Behavioral Health Plan,90834,F41.1,130.79,Paid,,,N,,27,2025-03-19
CLM-2025-001613,Summit Behavioral Health Plan,96130,F41.1,213.74,Paid,,,N,,15,2025-04-17
CLM-2025-001614,Apex Medicare Advantage,90791,F32.1,318.61,Paid,,,N,,14,2025-06-22
CLM-2025-001615,Summit Behavioral Health Plan,90791,F31.30,300.7,Denied,CO-29 Timely filing - claim submitted past deadline,2025-05-26,Y,pending,77,2025-05-02
CLM-2025-001616,Summit Behavioral Health Plan,90837,F90.0,196.22,Paid,,,N,,27,2025-05-14
CLM-2025-001617,Gateway Health Cooperative,96127,F32.1,39.58,Denied,CO-97 Payment included in another service already adjudicated,2025-08-19,N,not appealed,60,2025-07-26
CLM-2025-001618,Summit Behavioral Health Plan,90834,F43.12,176.05,Denied,CO-16 Claim lacks information needed for adjudication,2025-04-08,Y,overturned,52,2025-03-13
CLM-2025-001619,Summit Behavioral Health Plan,90834,F43.12,142.03,Paid,,,N,,25,2025-06-30
CLM-2025-001620,Liberty Care PPO,90832,F43.12,122.77,Denied,CO-50 Non-covered service - deemed not medically necessary,2025-03-27,Y,overturned,67,2025-03-15
CLM-2025-001621,Apex Medicare Advantage,90834,F31.30,122.2,Paid,,,N,,16,2025-04-17
CLM-2025-001622,Apex Medicare Advantage,90791,F90.0,264.46,Paid,,,N,,25,2025-04-26
CLM-2025-001623,Harbor State Medicaid,90837,F31.30,174.65,Paid,,,N,,17,2025-08-04
CLM-2025-001624,Summit Behavioral Health Plan,90834,F43.12,122.3,Paid,,,N,,15,2025-09-13
CLM-2025-001625,Liberty Care PPO,96130,F31.30,186.3,Denied,CO-50 Non-covered service - deemed not medically necessary,2025-08-02,N,not appealed,81,2025-07-16
CLM-2025-001626,Gateway Health Cooperative,90837,F90.0,164.76,Denied,CO-50 Non-covered service - deemed not medically necessary,2025-09-30,N,not appealed,94,2025-09-10
CLM-2025-001627,Apex Medicare Advantage,96127,F32.1,28.66,Paid,,,N,,20,2025-04-11
CLM-2025-001628,Pinnacle Commercial Plan,90834,F41.1,164.81,Paid,,,N,,17,2025-03-17
CLM-2025-001629,Apex Medicare Advantage,96127,F33.1,35.17,Paid,,,N,,14,2025-01-07
CLM-2025-001630,Pinnacle Commercial Plan,90837,F90.0,176.49,Paid,,,N,,36,2025-06-08
CLM-2025-001631,Liberty Care PPO,90832,F33.1,90.72,Denied,CO-50 Non-covered service - deemed not medically necessary,2025-03-29,N,not appealed,105,2025-03-03
CLM-2025-001632,Apex Medicare Advantage,90834,F43.12,148.54,Paid,,,N,,24,2025-01-09
CLM-2025-001633,Liberty Care PPO,90834,F31.30,147.72,Denied,CO-18 Duplicate claim/service,2025-06-06,Y,pending,101,2025-05-13
CLM-2025-001634,Harbor State Medicaid,90837,F33.1,193.68,Paid,,,N,,18,2025-01-27
CLM-2025-001635,Liberty Care PPO,90832,F31.30,102.61,Denied,CO-97 Payment included in another service already adjudicated,2025-05-22,N,not appealed,101,2025-05-05
CLM-2025-001636,Liberty Care PPO,96130,F33.1,181.87,Paid,,,N,,25,2025-05-28
CLM-2025-001637,Liberty Care PPO,90834,F32.1,142.71,Denied,CO-50 Non-covered service - deemed not medically necessary,2025-02-14,Y,overturned,75,2025-01-30
CLM-2025-001638,Pinnacle Commercial Plan,96130,F43.12,258.31,Denied,CO-96 Non-covered charges,2025-05-08,Y,overturned,80,2025-04-20
CLM-2025-001639,Pinnacle Commercial Plan,90837,F31.30,199.85,Paid,,,N,,36,2025-09-08
CLM-2025-001640,Liberty Care PPO,90834,F90.0,143.53,Paid,,,N,,27,2025-05-12
CLM-2025-001641,Pinnacle Commercial Plan,90834,F41.1,175.43,Denied,CO-96 Non-covered charges,2025-05-10,N,not appealed,101,2025-04-18
CLM-2025-001642,Summit Behavioral Health Plan,96127,F31.30,30.75,Paid,,,N,,25,2025-04-23
CLM-2025-001643,Summit Behavioral Health Plan,90791,F43.12,272.42,Paid,,,N,,14,2025-06-13
CLM-2025-001644,Apex Medicare Advantage,90837,F33.1,216.73,Paid,,,N,,32,2025-06-11
CLM-2025-001645,Gateway Health Cooperative,90837,F32.1,217.11,Paid,,,N,,34,2025-07-15
CLM-2025-001646,Liberty Care PPO,90834,F41.1,131.58,Denied,PR-27 Expenses incurred after coverage terminated,2025-05-20,Y,upheld,77,2025-05-03
CLM-2025-001647,Liberty Care PPO,90832,F41.1,125.78,Paid,,,N,,25,2025-06-02
CLM-2025-001648,Gateway Health Cooperative,90834,F41.1,134.51,Paid,,,N,,34,2025-09-12
CLM-2025-001649,Summit Behavioral Health Plan,90837,F41.1,179.88,Paid,,,N,,14,2025-03-09
CLM-2025-001650,Summit Behavioral Health Plan,90791,F43.12,317.69,Paid,,,N,,14,2025-05-06
CLM-2025-001651,Pinnacle Commercial Plan,96130,F43.12,250.67,Paid,,,N,,35,2025-02-05
CLM-2025-001652,Gateway Health Cooperative,90834,F90.0,121.42,Paid,,,N,,23,2025-08-05
CLM-2025-001653,Pinnacle Commercial Plan,90853,F32.1,81.75,Paid,,,N,,32,2025-04-09
CLM-2025-001654,Gateway Health Cooperative,90834,F32.1,167.25,Paid,,,N,,32,2025-02-12
CLM-2025-001655,Gateway Health Cooperative,90791,F90.0,266.9,Paid,,,N,,21,2025-06-23
CLM-2025-001656,Pinnacle Commercial Plan,90832,F31.30,93.89,Denied,PR-27 Expenses incurred after coverage terminated,2025-07-29,N,not appealed,76,2025-07-02
CLM-2025-001657,Liberty Care PPO,90837,F90.0,179.84,Denied,CO-50 Non-covered service - deemed not medically necessary,2025-07-24,N,not appealed,73,2025-07-04
CLM-2025-001658,Summit Behavioral Health Plan,90832,F33.1,98.84,Paid,,,N,,21,2025-05-30
CLM-2025-001659,Liberty Care PPO,90837,F33.1,194.06,Paid,,,N,,39,2025-05-07
CLM-2025-001660,Liberty Care PPO,90837,F41.1,201.7,Denied,CO-50 Non-covered service - deemed not medically necessary,2025-07-04,Y,overturned,78,2025-06-10
CLM-2025-001661,Apex Medicare Advantage,90792,F33.1,281.21,Paid,,,N,,30,2025-07-09
CLM-2025-001662,Liberty Care PPO,90837,F33.1,170.22,Denied,CO-50 Non-covered service - deemed not medically necessary,2025-07-17,Y,overturned,96,2025-06-19
CLM-2025-001663,Gateway Health Cooperative,96127,F90.0,32.23,Paid,,,N,,16,2025-08-23
CLM-2025-001664,Liberty Care PPO,90834,F33.1,133.46,Paid,,,N,,21,2025-06-10
CLM-2025-001665,Gateway Health Cooperative,90834,F31.30,147.56,Denied,CO-16 Claim lacks information needed for adjudication,2025-09-23,N,not appealed,67,2025-08-26
CLM-2025-001666,Liberty Care PPO,90791,F33.1,312.64,Denied,CO-97 Payment included in another service already adjudicated,2025-06-13,N,not appealed,99,2025-05-15
CLM-2025-001667,Pinnacle Commercial Plan,96130,F43.12,184.48,Denied,CO-96 Non-covered charges,2025-06-08,N,not appealed,71,2025-05-19
CLM-2025-001668,Gateway Health Cooperative,90837,F31.30,174.71,Paid,,,N,,15,2025-07-08
CLM-2025-001669,Harbor State Medicaid,90832,F31.30,101.1,Paid,,,N,,24,2025-02-23
CLM-2025-001670,Summit Behavioral Health Plan,96127,F32.1,32.84,Denied,CO-18 Duplicate claim/service,2025-03-30,Y,pending,53,2025-02-28
CLM-2025-001671,Liberty Care PPO,90837,F32.1,171.79,Denied,CO-50 Non-covered service - deemed not medically necessary,2025-05-17,Y,upheld,103,2025-04-29
CLM-2025-001672,Apex Medicare Advantage,90834,F32.1,154.9,Paid,,,N,,20,2025-07-09
CLM-2025-001673,Apex Medicare Advantage,90837,F32.1,205.33,Paid,,,N,,22,2025-03-11
CLM-2025-001674,Apex Medicare Advantage,90792,F43.12,330.73,Paid,,,N,,23,2025-03-19
CLM-2025-001675,Summit Behavioral Health Plan,90834,F31.30,140.47,Paid,,,N,,26,2025-05-29
CLM-2025-001676,Summit Behavioral Health Plan,90837,F32.1,170.93,Paid,,,N,,28,2025-03-28
CLM-2025-001677,Apex Medicare Advantage,90792,F90.0,286.56,Paid,,,N,,28,2025-06-27
CLM-2025-001678,Liberty Care PPO,90837,F41.1,209.35,Denied,CO-50 Non-covered service - deemed not medically necessary,2025-08-12,Y,overturned,85,2025-07-24
CLM-2025-001679,Pinnacle Commercial Plan,90834,F43.12,161.08,Paid,,,N,,20,2025-02-28
CLM-2025-001680,Liberty Care PPO,90792,F41.1,319.62,Denied,CO-18 Duplicate claim/service,2025-09-03,N,not appealed,95,2025-08-12
CLM-2025-001681,Gateway Health Cooperative,90853,F33.1,83.39,Paid,,,N,,29,2025-03-05
CLM-2025-001682,Harbor State Medicaid,90853,F33.1,71.12,Paid,,,N,,23,2025-04-01
CLM-2025-001683,Gateway Health Cooperative,90834,F90.0,145.52,Paid,,,N,,26,2025-07-20
CLM-2025-001684,Summit Behavioral Health Plan,90834,F41.1,158.75,Paid,,,N,,20,2025-09-12
CLM-2025-001685,Summit Behavioral Health Plan,90837,F31.30,172.52,Paid,,,N,,23,2025-03-12
CLM-2025-001686,Summit Behavioral Health Plan,90834,F43.12,142.94,Paid,,,N,,18,2025-05-29
CLM-2025-001687,Apex Medicare Advantage,90834,F32.1,136.44,Denied,CO-16 Claim lacks information needed for adjudication,2025-04-08,N,not appealed,57,2025-03-09
CLM-2025-001688,Pinnacle Commercial Plan,90834,F31.30,177.58,Denied,OA-23 Impact of prior payer adjudication,2025-06-09,Y,pending,100,2025-05-10
CLM-2025-001689,Liberty Care PPO,90834,F33.1,146.29,Paid,,,N,,20,2025-02-03
CLM-2025-001690,Liberty Care PPO,90853,F41.1,72.41,Denied,CO-50 Non-covered service - deemed not medically necessary,2025-09-04,Y,overturned,85,2025-08-17
CLM-2025-001691,Apex Medicare Advantage,90853,F43.12,67.82,Paid,,,N,,14,2025-08-03
CLM-2025-001692,Summit Behavioral Health Plan,90853,F31.30,86.12,Paid,,,N,,23,2025-07-07
CLM-2025-001693,Harbor State Medicaid,90834,F41.1,173.08,Paid,,,N,,17,2025-03-29
CLM-2025-001694,Liberty Care PPO,90792,F33.1,377.14,Paid,,,N,,18,2025-03-12
CLM-2025-001695,Summit Behavioral Health Plan,90837,F90.0,185.64,Denied,CO-18 Duplicate claim/service,2025-08-26,Y,overturned,52,2025-07-29
CLM-2025-001696,Harbor State Medicaid,96127,F43.12,29.91,Paid,,,N,,15,2025-05-11
CLM-2025-001697,Gateway Health Cooperative,90837,F43.12,193.92,Denied,CO-50 Non-covered service - deemed not medically necessary,2025-08-21,N,not appealed,60,2025-07-24
CLM-2025-001698,Apex Medicare Advantage,90834,F41.1,159.01,Denied,CO-29 Timely filing - claim submitted past deadline,2025-08-06,N,not appealed,64,2025-07-17
CLM-2025-001699,Gateway Health Cooperative,90791,F33.1,314.78,Paid,,,N,,27,2025-05-02
CLM-2025-001700,Pinnacle Commercial Plan,90834,F43.12,137.63,Paid,,,N,,16,2025-08-06
CLM-2025-001701,Summit Behavioral Health Plan,90834,F41.1,135.53,Paid,,,N,,22,2025-06-04
CLM-2025-001702,Apex Medicare Advantage,90837,F43.12,172.02,Paid,,,N,,32,2025-08-30
CLM-2025-001703,Summit Behavioral Health Plan,90853,F41.1,66.18,Denied,CO-18 Duplicate claim/service,2025-02-13,N,not appealed,84,2025-01-31
CLM-2025-001704,Liberty Care PPO,90791,F41.1,337.06,Denied,CO-50 Non-covered service - deemed not medically necessary,2025-07-18,N,not appealed,79,2025-06-23
CLM-2025-001705,Harbor State Medicaid,90832,F41.1,104.21,Paid,,,N,,17,2025-08-18
CLM-2025-001706,Summit Behavioral Health Plan,96130,F31.30,182.03,Paid,,,N,,24,2025-08-12
CLM-2025-001707,Summit Behavioral Health Plan,90834,F90.0,131.92,Paid,,,N,,14,2025-06-06
CLM-2025-001708,Harbor State Medicaid,90834,F43.12,154.7,Paid,,,N,,13,2025-02-06
CLM-2025-001709,Summit Behavioral Health Plan,90834,F31.30,156.29,Paid,,,N,,18,2025-03-28
CLM-2025-001710,Harbor State Medicaid,90853,F33.1,70.8,Denied,CO-18 Duplicate claim/service,2025-05-28,Y,overturned,51,2025-05-16
CLM-2025-001711,Liberty Care PPO,96130,F90.0,246.92,Paid,,,N,,27,2025-09-05
CLM-2025-001712,Summit Behavioral Health Plan,90837,F90.0,199.03,Paid,,,N,,20,2025-08-18
CLM-2025-001713,Gateway Health Cooperative,96127,F41.1,25.68,Paid,,,N,,18,2025-02-20
CLM-2025-001714,Apex Medicare Advantage,90792,F32.1,326.98,Paid,,,N,,20,2025-01-21
CLM-2025-001715,Pinnacle Commercial Plan,90837,F90.0,182.3,Denied,CO-96 Non-covered charges,2025-09-01,N,not appealed,102,2025-08-04
CLM-2025-001716,Summit Behavioral Health Plan,96127,F41.1,26.64,Paid,,,N,,21,2025-01-13
CLM-2025-001717,Liberty Care PPO,90834,F43.12,170.49,Denied,CO-50 Non-covered service - deemed not medically necessary,2025-04-10,N,not appealed,67,2025-03-29
CLM-2025-001718,Gateway Health Cooperative,90792,F43.12,320.77,Paid,,,N,,30,2025-04-12
CLM-2025-001719,Summit Behavioral Health Plan,90791,F41.1,284.87,Paid,,,N,,14,2025-01-29
CLM-2025-001720,Summit Behavioral Health Plan,90834,F43.12,179.0,Denied,CO-18 Duplicate claim/service,2025-05-10,Y,overturned,66,2025-04-28
CLM-2025-001721,Summit Behavioral Health Plan,90837,F43.12,181.93,Paid,,,N,,27,2025-06-26
CLM-2025-001722,Apex Medicare Advantage,90853,F41.1,77.14,Paid,,,N,,18,2025-03-03
CLM-2025-001723,Summit Behavioral Health Plan,90791,F90.0,259.48,Paid,,,N,,15,2025-03-19
CLM-2025-001724,Summit Behavioral Health Plan,90832,F33.1,119.2,Paid,,,N,,26,2025-03-31
CLM-2025-001725,Gateway Health Cooperative,90834,F33.1,154.63,Paid,,,N,,24,2025-07-19
CLM-2025-001726,Liberty Care PPO,90837,F32.1,194.76,Paid,,,N,,30,2025-07-16
CLM-2025-001727,Gateway Health Cooperative,90853,F32.1,89.39,Paid,,,N,,21,2025-02-11
CLM-2025-001728,Summit Behavioral Health Plan,90834,F90.0,154.33,Paid,,,N,,30,2025-08-13
CLM-2025-001729,Liberty Care PPO,96130,F33.1,216.26,Paid,,,N,,26,2025-05-25
CLM-2025-001730,Gateway Health Cooperative,90834,F41.1,140.24,Paid,,,N,,29,2025-03-12
CLM-2025-001731,Pinnacle Commercial Plan,90834,F33.1,125.79,Paid,,,N,,18,2025-07-20
CLM-2025-001732,Pinnacle Commercial Plan,90834,F43.12,121.52,Denied,CO-197 Precertification/authorization absent,2025-02-22,Y,upheld,68,2025-02-07
CLM-2025-001733,Pinnacle Commercial Plan,90834,F32.1,146.17,Paid,,,N,,32,2025-09-10
CLM-2025-001734,Summit Behavioral Health Plan,90853,F43.12,86.57,Denied,CO-29 Timely filing - claim submitted past deadline,2025-03-08,Y,overturned,83,2025-02-24
CLM-2025-001735,Apex Medicare Advantage,90792,F43.12,365.99,Paid,,,N,,25,2025-01-18
CLM-2025-001736,Apex Medicare Advantage,90837,F41.1,219.83,Denied,CO-29 Timely filing - claim submitted past deadline,2025-04-30,N,not appealed,100,2025-04-11
CLM-2025-001737,Summit Behavioral Health Plan,96130,F41.1,228.77,Denied,CO-197 Precertification/authorization absent,2025-04-11,Y,upheld,76,2025-03-18
CLM-2025-001738,Pinnacle Commercial Plan,90834,F33.1,128.17,Denied,CO-18 Duplicate claim/service,2025-01-27,Y,upheld,98,2025-01-06
CLM-2025-001739,Harbor State Medicaid,90791,F41.1,291.04,Paid,,,N,,22,2025-05-09
CLM-2025-001740,Harbor State Medicaid,96130,F90.0,258.27,Paid,,,N,,16,2025-07-26
CLM-2025-001741,Liberty Care PPO,90792,F32.1,363.43,Paid,,,N,,26,2025-03-04
CLM-2025-001742,Summit Behavioral Health Plan,90834,F43.12,163.56,Paid,,,N,,18,2025-09-04
CLM-2025-001743,Liberty Care PPO,90837,F32.1,205.64,Denied,CO-50 Non-covered service - deemed not medically necessary,2025-07-09,Y,upheld,103,2025-06-18
CLM-2025-001744,Apex Medicare Advantage,90837,F32.1,177.93,Paid,,,N,,28,2025-05-24
CLM-2025-001745,Summit Behavioral Health Plan,96127,F31.30,36.31,Paid,,,N,,13,2025-04-03
CLM-2025-001746,Liberty Care PPO,96127,F90.0,26.69,Paid,,,N,,40,2025-04-25
CLM-2025-001747,Gateway Health Cooperative,90853,F41.1,82.75,Denied,OA-23 Impact of prior payer adjudication,2025-06-11,Y,upheld,86,2025-05-19
CLM-2025-001748,Pinnacle Commercial Plan,96130,F31.30,213.73,Paid,,,N,,24,2025-02-01
CLM-2025-001749,Pinnacle Commercial Plan,90837,F31.30,214.28,Denied,CO-18 Duplicate claim/service,2025-06-05,N,not appealed,65,2025-05-16
CLM-2025-001750,Summit Behavioral Health Plan,90837,F43.12,189.13,Denied,CO-97 Payment included in another service already adjudicated,2025-06-01,Y,overturned,95,2025-05-12
CLM-2025-001751,Apex Medicare Advantage,90837,F43.12,193.94,Paid,,,N,,26,2025-05-18
CLM-2025-001752,Summit Behavioral Health Plan,90791,F31.30,333.82,Denied,CO-50 Non-covered service - deemed not medically necessary,2025-09-26,Y,overturned,88,2025-09-07
CLM-2025-001753,Liberty Care PPO,90834,F33.1,164.66,Paid,,,N,,32,2025-06-20
CLM-2025-001754,Apex Medicare Advantage,90834,F31.30,176.41,Paid,,,N,,14,2025-07-15
CLM-2025-001755,Summit Behavioral Health Plan,90792,F33.1,343.05,Paid,,,N,,25,2025-01-31
CLM-2025-001756,Pinnacle Commercial Plan,90837,F33.1,210.97,Paid,,,N,,27,2025-04-07
CLM-2025-001757,Liberty Care PPO,96130,F32.1,202.13,Paid,,,N,,38,2025-03-30
CLM-2025-001758,Summit Behavioral Health Plan,90853,F43.12,66.28,Paid,,,N,,24,2025-06-20
CLM-2025-001759,Gateway Health Cooperative,90853,F90.0,65.16,Denied,CO-97 Payment included in another service already adjudicated,2025-09-11,N,not appealed,69,2025-08-13
CLM-2025-001760,Liberty Care PPO,90834,F32.1,174.85,Denied,CO-97 Payment included in another service already adjudicated,2025-07-05,N,not appealed,77,2025-06-18
CLM-2025-001761,Summit Behavioral Health Plan,90837,F90.0,181.04,Paid,,,N,,17,2025-08-23
CLM-2025-001762,Harbor State Medicaid,90834,F43.12,126.69,Paid,,,N,,21,2025-03-26
CLM-2025-001763,Gateway Health Cooperative,90832,F41.1,112.4,Paid,,,N,,16,2025-04-17
CLM-2025-001764,Summit Behavioral Health Plan,90791,F31.30,309.8,Paid,,,N,,16,2025-04-19
CLM-2025-001765,Gateway Health Cooperative,90834,F90.0,143.81,Paid,,,N,,23,2025-02-01
CLM-2025-001766,Apex Medicare Advantage,96130,F41.1,205.91,Paid,,,N,,21,2025-04-29
CLM-2025-001767,Apex Medicare Advantage,90837,F90.0,176.43,Paid,,,N,,21,2025-03-04
CLM-2025-001768,Summit Behavioral Health Plan,90832,F41.1,115.92,Denied,CO-96 Non-covered charges,2025-02-24,N,not appealed,80,2025-02-12
CLM-2025-001769,Pinnacle Commercial Plan,90834,F43.12,153.07,Paid,,,N,,32,2025-02-24
CLM-2025-001770,Apex Medicare Advantage,90837,F90.0,213.32,Paid,,,N,,25,2025-07-16
CLM-2025-001771,Pinnacle Commercial Plan,90832,F41.1,104.81,Paid,,,N,,18,2025-03-28
CLM-2025-001772,Harbor State Medicaid,90791,F31.30,335.99,Paid,,,N,,19,2025-03-10
CLM-2025-001773,Summit Behavioral Health Plan,96130,F43.12,242.74,Paid,,,N,,22,2025-07-06
CLM-2025-001774,Summit Behavioral Health Plan,90853,F33.1,66.83,Paid,,,N,,29,2025-07-08
CLM-2025-001775,Pinnacle Commercial Plan,90832,F32.1,100.77,Paid,,,N,,31,2025-05-03
CLM-2025-001776,Apex Medicare Advantage,90791,F32.1,349.58,Paid,,,N,,15,2025-05-29
CLM-2025-001777,Pinnacle Commercial Plan,90834,F32.1,162.38,Denied,CO-109 Claim not covered by this payer/contractor,2025-07-19,N,not appealed,61,2025-06-29
CLM-2025-001778,Gateway Health Cooperative,90834,F41.1,162.25,Denied,CO-97 Payment included in another service already adjudicated,2025-05-16,N,not appealed,74,2025-04-17
CLM-2025-001779,Liberty Care PPO,90834,F90.0,172.56,Paid,,,N,,39,2025-02-11
CLM-2025-001780,Apex Medicare Advantage,96127,F32.1,39.56,Paid,,,N,,32,2025-07-07
CLM-2025-001781,Summit Behavioral Health Plan,96130,F43.12,229.11,Paid,,,N,,18,2025-04-21
CLM-2025-001782,Summit Behavioral Health Plan,90837,F41.1,205.53,Denied,CO-29 Timely filing - claim submitted past deadline,2025-09-03,N,not appealed,71,2025-08-07
CLM-2025-001783,Summit Behavioral Health Plan,96130,F31.30,225.92,Paid,,,N,,24,2025-04-15
CLM-2025-001784,Gateway Health Cooperative,90791,F32.1,284.33,Paid,,,N,,27,2025-03-26
CLM-2025-001785,Pinnacle Commercial Plan,90834,F90.0,131.07,Denied,OA-23 Impact of prior payer adjudication,2025-03-12,Y,upheld,93,2025-02-26
CLM-2025-001786,Summit Behavioral Health Plan,96127,F43.12,25.91,Paid,,,N,,15,2025-01-21
CLM-2025-001787,Summit Behavioral Health Plan,96130,F32.1,222.33,Paid,,,N,,12,2025-03-30
CLM-2025-001788,Pinnacle Commercial Plan,90834,F32.1,142.49,Denied,CO-97 Payment included in another service already adjudicated,2025-10-04,Y,overturned,82,2025-09-07
CLM-2025-001789,Summit Behavioral Health Plan,90837,F33.1,169.28,Denied,CO-97 Payment included in another service already adjudicated,2025-06-18,Y,upheld,78,2025-06-01
CLM-2025-001790,Summit Behavioral Health Plan,90791,F32.1,303.76,Paid,,,N,,21,2025-07-31
CLM-2025-001791,Summit Behavioral Health Plan,90837,F41.1,195.41,Denied,CO-50 Non-covered service - deemed not medically necessary,2025-09-09,N,not appealed,71,2025-08-24
CLM-2025-001792,Harbor State Medicaid,96127,F90.0,33.22,Paid,,,N,,11,2025-07-25
CLM-2025-001793,Gateway Health Cooperative,90791,F41.1,274.62,Paid,,,N,,29,2025-03-08
CLM-2025-001794,Summit Behavioral Health Plan,90834,F90.0,141.5,Paid,,,N,,30,2025-08-01
CLM-2025-001795,Summit Behavioral Health Plan,90834,F33.1,159.81,Paid,,,N,,30,2025-08-27
CLM-2025-001796,Gateway Health Cooperative,90834,F31.30,165.42,Paid,,,N,,18,2025-02-26
CLM-2025-001797,Liberty Care PPO,90792,F90.0,374.42,Paid,,,N,,20,2025-04-19
CLM-2025-001798,Apex Medicare Advantage,90834,F90.0,139.29,Paid,,,N,,29,2025-06-11
CLM-2025-001799,Harbor State Medicaid,90853,F31.30,83.13,Paid,,,N,,10,2025-01-20
CLM-2025-001800,Summit Behavioral Health Plan,90791,F31.30,339.21,Paid,,,N,,17,2025-08-24
CLM-2025-001801,Gateway Health Cooperative,90837,F32.1,192.06,Paid,,,N,,20,2025-09-10
CLM-2025-001802,Liberty Care PPO,90834,F31.30,169.42,Paid,,,N,,34,2025-08-17
CLM-2025-001803,Apex Medicare Advantage,90792,F31.30,317.08,Paid,,,N,,17,2025-01-17
CLM-2025-001804,Liberty Care PPO,90792,F33.1,302.16,Paid,,,N,,33,2025-01-24
CLM-2025-001805,Summit Behavioral Health Plan,90837,F90.0,160.94,Paid,,,N,,15,2025-02-27
CLM-2025-001806,Harbor State Medicaid,90791,F33.1,274.04,Paid,,,N,,23,2025-02-20
CLM-2025-001807,Summit Behavioral Health Plan,96127,F41.1,31.03,Paid,,,N,,20,2025-02-11
CLM-2025-001808,Pinnacle Commercial Plan,90834,F31.30,154.23,Denied,CO-16 Claim lacks information needed for adjudication,2025-04-15,Y,pending,86,2025-03-26
CLM-2025-001809,Liberty Care PPO,96127,F90.0,27.84,Paid,,,N,,38,2025-03-11
CLM-2025-001810,Gateway Health Cooperative,90791,F41.1,326.71,Paid,,,N,,16,2025-06-24
CLM-2025-001811,Gateway Health Cooperative,90791,F90.0,340.22,Denied,CO-96 Non-covered charges,2025-02-12,N,not appealed,100,2025-01-23
CLM-2025-001812,Harbor State Medicaid,90834,F33.1,152.18,Paid,,,N,,11,2025-08-13
CLM-2025-001813,Pinnacle Commercial Plan,90834,F41.1,173.14,Denied,CO-16 Claim lacks information needed for adjudication,2025-09-24,Y,upheld,90,2025-09-06
CLM-2025-001814,Apex Medicare Advantage,90791,F90.0,253.8,Denied,CO-29 Timely filing - claim submitted past deadline,2025-03-08,Y,upheld,83,2025-02-22
CLM-2025-001815,Gateway Health Cooperative,90834,F31.30,166.15,Paid,,,N,,20,2025-09-02
CLM-2025-001816,Pinnacle Commercial Plan,90837,F32.1,162.63,Denied,CO-16 Claim lacks information needed for adjudication,2025-09-25,N,not appealed,82,2025-09-05
CLM-2025-001817,Apex Medicare Advantage,96127,F90.0,25.85,Paid,,,N,,30,2025-02-14
CLM-2025-001818,Summit Behavioral Health Plan,90792,F31.30,299.43,Paid,,,N,,26,2025-07-09
CLM-2025-001819,Summit Behavioral Health Plan,90832,F43.12,111.14,Denied,CO-197 Precertification/authorization absent,2025-03-01,Y,pending,83,2025-02-16
CLM-2025-001820,Apex Medicare Advantage,90837,F33.1,170.19,Denied,CO-109 Claim not covered by this payer/contractor,2025-04-29,Y,pending,58,2025-04-10
CLM-2025-001821,Pinnacle Commercial Plan,90853,F41.1,63.59,Paid,,,N,,34,2025-07-20
CLM-2025-001822,Apex Medicare Advantage,90791,F90.0,332.4,Paid,,,N,,26,2025-09-02
CLM-2025-001823,Liberty Care PPO,90837,F31.30,186.98,Paid,,,N,,37,2025-03-07
CLM-2025-001824,Summit Behavioral Health Plan,96130,F90.0,230.94,Paid,,,N,,26,2025-08-29
CLM-2025-001825,Apex Medicare Advantage,90834,F31.30,128.66,Denied,CO-197 Precertification/authorization absent,2025-08-01,N,not appealed,78,2025-07-12
CLM-2025-001826,Gateway Health Cooperative,90834,F32.1,137.99,Paid,,,N,,31,2025-05-03
CLM-2025-001827,Pinnacle Commercial Plan,96130,F31.30,190.0,Denied,CO-96 Non-covered charges,2025-04-30,Y,overturned,88,2025-04-06
CLM-2025-001828,Liberty Care PPO,90834,F33.1,141.81,Denied,CO-29 Timely filing - claim submitted past deadline,2025-07-13,Y,upheld,101,2025-06-25
CLM-2025-001829,Summit Behavioral Health Plan,96127,F43.12,34.89,Paid,,,N,,29,2025-04-09
CLM-2025-001830,Pinnacle Commercial Plan,90853,F33.1,71.24,Paid,,,N,,31,2025-03-01
CLM-2025-001831,Summit Behavioral Health Plan,90837,F43.12,178.02,Denied,CO-50 Non-covered service - deemed not medically necessary,2025-05-20,N,not appealed,92,2025-04-21
CLM-2025-001832,Liberty Care PPO,90834,F90.0,130.82,Paid,,,N,,30,2025-01-12
CLM-2025-001833,Apex Medicare Advantage,90792,F31.30,378.36,Paid,,,N,,26,2025-05-30
CLM-2025-001834,Apex Medicare Advantage,90853,F33.1,64.52,Paid,,,N,,18,2025-05-05
CLM-2025-001835,Pinnacle Commercial Plan,90834,F43.12,156.62,Paid,,,N,,17,2025-05-21
CLM-2025-001836,Gateway Health Cooperative,90853,F32.1,62.57,Paid,,,N,,15,2025-08-29
CLM-2025-001837,Liberty Care PPO,90791,F33.1,343.16,Paid,,,N,,24,2025-02-26
CLM-2025-001838,Liberty Care PPO,90791,F33.1,312.32,Paid,,,N,,32,2025-06-04
CLM-2025-001839,Apex Medicare Advantage,90837,F32.1,177.38,Paid,,,N,,18,2025-07-30
CLM-2025-001840,Summit Behavioral Health Plan,90791,F90.0,341.02,Paid,,,N,,27,2025-02-15
CLM-2025-001841,Gateway Health Cooperative,90832,F41.1,123.92,Denied,CO-197 Precertification/authorization absent,2025-10-08,Y,pending,79,2025-09-12
CLM-2025-001842,Apex Medicare Advantage,90834,F43.12,166.03,Paid,,,N,,25,2025-07-01
CLM-2025-001843,Harbor State Medicaid,90834,F32.1,130.91,Paid,,,N,,20,2025-09-11
CLM-2025-001844,Apex Medicare Advantage,96127,F33.1,39.82,Denied,CO-29 Timely filing - claim submitted past deadline,2025-02-16,N,not appealed,62,2025-01-23
CLM-2025-001845,Harbor State Medicaid,90853,F31.30,80.07,Paid,,,N,,22,2025-03-29
CLM-2025-001846,Harbor State Medicaid,90791,F90.0,310.28,Paid,,,N,,19,2025-01-10
CLM-2025-001847,Liberty Care PPO,90792,F41.1,365.13,Denied,CO-96 Non-covered charges,2025-05-29,Y,upheld,68,2025-05-17
CLM-2025-001848,Gateway Health Cooperative,90837,F90.0,175.79,Denied,CO-16 Claim lacks information needed for adjudication,2025-04-28,N,not appealed,76,2025-04-02
CLM-2025-001849,Apex Medicare Advantage,90791,F43.12,347.82,Paid,,,N,,14,2025-01-08
CLM-2025-001850,Liberty Care PPO,90792,F90.0,327.01,Paid,,,N,,26,2025-01-15
CLM-2025-001851,Gateway Health Cooperative,90834,F90.0,168.19,Paid,,,N,,18,2025-04-20
CLM-2025-001852,Harbor State Medicaid,90837,F90.0,193.14,Paid,,,N,,24,2025-03-19
CLM-2025-001853,Liberty Care PPO,90837,F33.1,208.33,Denied,CO-50 Non-covered service - deemed not medically necessary,2025-08-29,Y,pending,71,2025-08-14
CLM-2025-001854,Summit Behavioral Health Plan,90792,F43.12,286.5,Denied,CO-50 Non-covered service - deemed not medically necessary,2025-08-13,Y,pending,71,2025-07-30
CLM-2025-001855,Pinnacle Commercial Plan,90837,F31.30,169.37,Paid,,,N,,30,2025-09-10
CLM-2025-001856,Gateway Health Cooperative,90834,F43.12,159.9,Denied,CO-50 Non-covered service - deemed not medically necessary,2025-02-20,Y,upheld,60,2025-02-06
CLM-2025-001857,Summit Behavioral Health Plan,90853,F32.1,66.99,Denied,CO-96 Non-covered charges,2025-08-05,Y,upheld,95,2025-07-08
CLM-2025-001858,Harbor State Medicaid,90837,F33.1,171.16,Paid,,,N,,23,2025-07-12
CLM-2025-001859,Pinnacle Commercial Plan,90834,F32.1,150.46,Paid,,,N,,24,2025-02-20
CLM-2025-001860,Summit Behavioral Health Plan,90834,F31.30,178.36,Paid,,,N,,14,2025-02-06
CLM-2025-001861,Summit Behavioral Health Plan,96127,F41.1,36.34,Paid,,,N,,30,2025-02-16
CLM-2025-001862,Liberty Care PPO,90834,F41.1,158.44,Denied,CO-50 Non-covered service - deemed not medically necessary,2025-05-14,Y,upheld,108,2025-04-25
CLM-2025-001863,Summit Behavioral Health Plan,90837,F32.1,163.88,Paid,,,N,,13,2025-05-12
CLM-2025-001864,Apex Medicare Advantage,90853,F31.30,62.4,Denied,CO-16 Claim lacks information needed for adjudication,2025-05-14,Y,upheld,78,2025-04-30
CLM-2025-001865,Gateway Health Cooperative,90837,F43.12,217.56,Paid,,,N,,24,2025-03-14
CLM-2025-001866,Liberty Care PPO,90837,F90.0,188.83,Paid,,,N,,28,2025-03-23
CLM-2025-001867,Apex Medicare Advantage,90837,F41.1,173.69,Paid,,,N,,27,2025-01-16
CLM-2025-001868,Apex Medicare Advantage,90834,F90.0,175.41,Paid,,,N,,28,2025-05-04
CLM-2025-001869,Liberty Care PPO,90792,F90.0,355.06,Denied,CO-50 Non-covered service - deemed not medically necessary,2025-09-28,Y,upheld,74,2025-09-06
CLM-2025-001870,Liberty Care PPO,90791,F31.30,329.14,Denied,CO-97 Payment included in another service already adjudicated,2025-09-11,Y,pending,95,2025-08-25
CLM-2025-001871,Summit Behavioral Health Plan,90834,F90.0,121.3,Paid,,,N,,29,2025-02-15
CLM-2025-001872,Summit Behavioral Health Plan,90792,F90.0,340.68,Paid,,,N,,17,2025-04-26
CLM-2025-001873,Apex Medicare Advantage,90837,F32.1,181.2,Paid,,,N,,29,2025-01-23
CLM-2025-001874,Apex Medicare Advantage,90792,F90.0,331.88,Paid,,,N,,29,2025-07-30
CLM-2025-001875,Summit Behavioral Health Plan,90834,F31.30,129.52,Paid,,,N,,25,2025-03-26
CLM-2025-001876,Apex Medicare Advantage,90834,F33.1,151.78,Paid,,,N,,18,2025-07-10
CLM-2025-001877,Liberty Care PPO,96130,F90.0,185.05,Denied,CO-50 Non-covered service - deemed not medically necessary,2025-05-02,N,not appealed,85,2025-04-10
CLM-2025-001878,Gateway Health Cooperative,96127,F33.1,32.14,Paid,,,N,,24,2025-05-28
CLM-2025-001879,Gateway Health Cooperative,96127,F31.30,39.48,Paid,,,N,,21,2025-06-01
CLM-2025-001880,Gateway Health Cooperative,90837,F41.1,208.8,Paid,,,N,,14,2025-05-11
CLM-2025-001881,Liberty Care PPO,96127,F41.1,30.76,Denied,CO-96 Non-covered charges,2025-07-10,N,not appealed,82,2025-06-14
CLM-2025-001882,Summit Behavioral Health Plan,90834,F33.1,131.59,Denied,PR-27 Expenses incurred after coverage terminated,2025-07-20,Y,overturned,50,2025-07-07
CLM-2025-001883,Liberty Care PPO,90853,F41.1,74.48,Denied,CO-50 Non-covered service - deemed not medically necessary,2025-08-16,N,not appealed,99,2025-07-25
CLM-2025-001884,Summit Behavioral Health Plan,90853,F43.12,65.65,Denied,CO-16 Claim lacks information needed for adjudication,2025-06-27,Y,overturned,65,2025-06-09
CLM-2025-001885,Pinnacle Commercial Plan,90834,F32.1,169.12,Denied,CO-50 Non-covered service - deemed not medically necessary,2025-04-04,Y,upheld,86,2025-03-23
CLM-2025-001886,Summit Behavioral Health Plan,90834,F41.1,174.59,Paid,,,N,,29,2025-04-30
CLM-2025-001887,Summit Behavioral Health Plan,90834,F33.1,138.85,Denied,CO-29 Timely filing - claim submitted past deadline,2025-05-28,Y,overturned,70,2025-05-02
CLM-2025-001888,Harbor State Medicaid,90791,F43.12,336.77,Paid,,,N,,15,2025-05-08
CLM-2025-001889,Pinnacle Commercial Plan,90834,F90.0,121.53,Denied,CO-96 Non-covered charges,2025-07-03,N,not appealed,80,2025-06-20
CLM-2025-001890,Apex Medicare Advantage,90834,F32.1,173.0,Paid,,,N,,18,2025-07-10
CLM-2025-001891,Apex Medicare Advantage,96127,F32.1,27.1,Denied,CO-16 Claim lacks information needed for adjudication,2025-06-02,N,not appealed,77,2025-05-19
CLM-2025-001892,Liberty Care PPO,90834,F90.0,165.05,Paid,,,N,,34,2025-04-18
CLM-2025-001893,Liberty Care PPO,90853,F43.12,80.84,Denied,CO-50 Non-covered service - deemed not medically necessary,2025-08-21,Y,upheld,81,2025-08-04
CLM-2025-001894,Summit Behavioral Health Plan,90791,F32.1,318.35,Paid,,,N,,19,2025-01-19
CLM-2025-001895,Apex Medicare Advantage,90791,F41.1,325.85,Paid,,,N,,30,2025-09-07
CLM-2025-001896,Liberty Care PPO,90834,F90.0,158.06,Paid,,,N,,27,2025-01-10
CLM-2025-001897,Apex Medicare Advantage,90837,F43.12,201.83,Denied,CO-29 Timely filing - claim submitted past deadline,2025-02-10,Y,upheld,77,2025-01-23
CLM-2025-001898,Gateway Health Cooperative,90834,F41.1,142.09,Denied,CO-18 Duplicate claim/service,2025-05-08,Y,overturned,79,2025-04-17
CLM-2025-001899,Summit Behavioral Health Plan,90832,F33.1,114.3,Paid,,,N,,20,2025-02-25
CLM-2025-001900,Liberty Care PPO,90837,F90.0,187.1,Paid,,,N,,39,2025-06-09
CLM-2025-001901,Apex Medicare Advantage,90834,F32.1,131.09,Paid,,,N,,20,2025-04-15
CLM-2025-001902,Summit Behavioral Health Plan,90834,F31.30,164.84,Denied,CO-18 Duplicate claim/service,2025-07-18,Y,pending,90,2025-06-27
CLM-2025-001903,Summit Behavioral Health Plan,96127,F41.1,37.65,Denied,CO-50 Non-covered service - deemed not medically necessary,2025-06-02,N,not appealed,63,2025-05-16
CLM-2025-001904,Apex Medicare Advantage,90837,F90.0,203.2,Paid,,,N,,19,2025-04-16
CLM-2025-001905,Harbor State Medicaid,90834,F31.30,155.8,Paid,,,N,,11,2025-08-13
CLM-2025-001906,Apex Medicare Advantage,96127,F43.12,37.79,Paid,,,N,,22,2025-01-18
CLM-2025-001907,Harbor State Medicaid,90834,F43.12,142.89,Paid,,,N,,10,2025-09-09
CLM-2025-001908,Liberty Care PPO,90837,F31.30,218.26,Denied,CO-50 Non-covered service - deemed not medically necessary,2025-09-07,Y,pending,67,2025-08-18
CLM-2025-001909,Pinnacle Commercial Plan,90834,F41.1,135.76,Paid,,,N,,16,2025-02-05
CLM-2025-001910,Pinnacle Commercial Plan,96127,F32.1,27.62,Paid,,,N,,30,2025-01-28
CLM-2025-001911,Pinnacle Commercial Plan,90834,F33.1,153.45,Paid,,,N,,31,2025-01-11
CLM-2025-001912,Summit Behavioral Health Plan,90837,F90.0,172.93,Paid,,,N,,13,2025-06-28
CLM-2025-001913,Apex Medicare Advantage,90853,F32.1,72.37,Paid,,,N,,16,2025-06-02
CLM-2025-001914,Harbor State Medicaid,96127,F31.30,35.65,Paid,,,N,,14,2025-05-08
CLM-2025-001915,Summit Behavioral Health Plan,90832,F41.1,124.88,Paid,,,N,,12,2025-07-01
CLM-2025-001916,Harbor State Medicaid,90791,F90.0,306.32,Paid,,,N,,17,2025-05-29
CLM-2025-001917,Pinnacle Commercial Plan,90837,F33.1,204.55,Denied,CO-96 Non-covered charges,2025-05-06,N,not appealed,83,2025-04-09
CLM-2025-001918,Gateway Health Cooperative,90834,F41.1,153.06,Paid,,,N,,25,2025-03-29
CLM-2025-001919,Liberty Care PPO,90834,F33.1,142.33,Denied,CO-16 Claim lacks information needed for adjudication,2025-08-17,N,not appealed,91,2025-07-21
CLM-2025-001920,Liberty Care PPO,90834,F41.1,156.13,Paid,,,N,,38,2025-04-01
CLM-2025-001921,Apex Medicare Advantage,90837,F41.1,211.71,Denied,CO-18 Duplicate claim/service,2025-09-06,N,not appealed,89,2025-08-21
CLM-2025-001922,Gateway Health Cooperative,90837,F43.12,211.07,Paid,,,N,,20,2025-02-10
CLM-2025-001923,Pinnacle Commercial Plan,90834,F32.1,169.41,Paid,,,N,,32,2025-05-14
CLM-2025-001924,Summit Behavioral Health Plan,90791,F31.30,343.45,Denied,CO-96 Non-covered charges,2025-09-26,Y,overturned,73,2025-09-04
CLM-2025-001925,Apex Medicare Advantage,90834,F90.0,159.41,Paid,,,N,,27,2025-03-03
CLM-2025-001926,Gateway Health Cooperative,96130,F31.30,198.07,Denied,CO-29 Timely filing - claim submitted past deadline,2025-05-20,N,not appealed,87,2025-05-02
CLM-2025-001927,Pinnacle Commercial Plan,90834,F31.30,174.95,Denied,CO-29 Timely filing - claim submitted past deadline,2025-09-27,N,not appealed,94,2025-09-06
CLM-2025-001928,Gateway Health Cooperative,96130,F32.1,195.28,Paid,,,N,,20,2025-01-13
CLM-2025-001929,Summit Behavioral Health Plan,90853,F33.1,62.14,Paid,,,N,,25,2025-05-01
CLM-2025-001930,Harbor State Medicaid,90837,F43.12,160.63,Paid,,,N,,15,2025-03-23
CLM-2025-001931,Summit Behavioral Health Plan,90834,F90.0,155.38,Paid,,,N,,13,2025-06-17
CLM-2025-001932,Gateway Health Cooperative,96130,F33.1,220.0,Paid,,,N,,29,2025-01-13
CLM-2025-001933,Pinnacle Commercial Plan,90834,F32.1,152.34,Paid,,,N,,35,2025-04-24
CLM-2025-001934,Pinnacle Commercial Plan,96130,F32.1,234.79,Denied,CO-96 Non-covered charges,2025-05-10,N,not appealed,65,2025-04-13
CLM-2025-001935,Apex Medicare Advantage,90834,F31.30,124.98,Paid,,,N,,17,2025-08-06
CLM-2025-001936,Liberty Care PPO,90837,F90.0,174.48,Denied,CO-50 Non-covered service - deemed not medically necessary,2025-02-12,N,not appealed,93,2025-01-14
CLM-2025-001937,Summit Behavioral Health Plan,90834,F41.1,120.62,Paid,,,N,,12,2025-06-06
CLM-2025-001938,Harbor State Medicaid,90834,F90.0,150.12,Paid,,,N,,16,2025-03-17
CLM-2025-001939,Pinnacle Commercial Plan,90834,F33.1,163.46,Denied,CO-96 Non-covered charges,2025-06-21,N,not appealed,78,2025-06-04
CLM-2025-001940,Pinnacle Commercial Plan,90791,F90.0,310.11,Paid,,,N,,18,2025-02-03
CLM-2025-001941,Summit Behavioral Health Plan,90834,F31.30,120.34,Paid,,,N,,17,2025-07-31
CLM-2025-001942,Pinnacle Commercial Plan,90791,F33.1,268.27,Paid,,,N,,31,2025-08-15
CLM-2025-001943,Summit Behavioral Health Plan,90834,F32.1,162.05,Denied,CO-50 Non-covered service - deemed not medically necessary,2025-03-02,Y,overturned,94,2025-01-31
CLM-2025-001944,Liberty Care PPO,90837,F33.1,213.86,Denied,CO-50 Non-covered service - deemed not medically necessary,2025-07-12,Y,overturned,100,2025-06-17
CLM-2025-001945,Gateway Health Cooperative,90791,F31.30,258.72,Paid,,,N,,30,2025-04-07
CLM-2025-001946,Harbor State Medicaid,96127,F32.1,38.13,Paid,,,N,,19,2025-01-12
CLM-2025-001947,Summit Behavioral Health Plan,90792,F43.12,345.99,Paid,,,N,,27,2025-04-11
CLM-2025-001948,Summit Behavioral Health Plan,90853,F90.0,65.57,Paid,,,N,,19,2025-02-04
CLM-2025-001949,Summit Behavioral Health Plan,90834,F90.0,164.8,Paid,,,N,,28,2025-01-08
CLM-2025-001950,Pinnacle Commercial Plan,90791,F43.12,316.59,Denied,PR-27 Expenses incurred after coverage terminated,2025-06-06,Y,overturned,90,2025-05-21
CLM-2025-001951,Pinnacle Commercial Plan,90792,F90.0,327.48,Denied,CO-96 Non-covered charges,2025-03-30,N,not appealed,64,2025-03-01
CLM-2025-001952,Summit Behavioral Health Plan,90791,F32.1,300.99,Paid,,,N,,14,2025-05-08
CLM-2025-001953,Apex Medicare Advantage,90832,F31.30,120.14,Paid,,,N,,22,2025-04-08
CLM-2025-001954,Liberty Care PPO,90837,F33.1,162.57,Denied,CO-50 Non-covered service - deemed not medically necessary,2025-08-11,N,not appealed,88,2025-07-24
CLM-2025-001955,Liberty Care PPO,90837,F31.30,212.02,Denied,CO-50 Non-covered service - deemed not medically necessary,2025-09-23,N,not appealed,106,2025-08-26
CLM-2025-001956,Pinnacle Commercial Plan,90837,F43.12,174.48,Paid,,,N,,18,2025-03-20
CLM-2025-001957,Liberty Care PPO,90791,F32.1,256.63,Paid,,,N,,22,2025-07-05
CLM-2025-001958,Pinnacle Commercial Plan,90791,F33.1,277.74,Paid,,,N,,26,2025-05-04
CLM-2025-001959,Liberty Care PPO,90834,F33.1,139.63,Paid,,,N,,34,2025-08-12
CLM-2025-001960,Apex Medicare Advantage,90837,F43.12,210.37,Paid,,,N,,32,2025-07-02
CLM-2025-001961,Summit Behavioral Health Plan,90834,F33.1,161.49,Paid,,,N,,14,2025-05-22
CLM-2025-001962,Summit Behavioral Health Plan,90832,F33.1,100.85,Paid,,,N,,22,2025-06-07
CLM-2025-001963,Harbor State Medicaid,90834,F41.1,134.36,Paid,,,N,,13,2025-04-05
CLM-2025-001964,Pinnacle Commercial Plan,90834,F33.1,144.69,Paid,,,N,,22,2025-06-08
CLM-2025-001965,Pinnacle Commercial Plan,96127,F31.30,27.09,Denied,CO-96 Non-covered charges,2025-04-14,N,not appealed,95,2025-03-22
CLM-2025-001966,Liberty Care PPO,90853,F41.1,77.45,Paid,,,N,,27,2025-02-05
CLM-2025-001967,Gateway Health Cooperative,90832,F33.1,121.6,Paid,,,N,,29,2025-02-21
CLM-2025-001968,Liberty Care PPO,90834,F43.12,163.02,Paid,,,N,,22,2025-05-03
CLM-2025-001969,Summit Behavioral Health Plan,90791,F90.0,262.44,Paid,,,N,,24,2025-08-02
CLM-2025-001970,Summit Behavioral Health Plan,90792,F90.0,373.41,Paid,,,N,,29,2025-05-02
CLM-2025-001971,Apex Medicare Advantage,90832,F41.1,112.7,Denied,CO-97 Payment included in another service already adjudicated,2025-04-11,N,not appealed,85,2025-03-15
CLM-2025-001972,Liberty Care PPO,90834,F32.1,128.38,Paid,,,N,,19,2025-04-08
CLM-2025-001973,Summit Behavioral Health Plan,90791,F43.12,260.75,Denied,CO-50 Non-covered service - deemed not medically necessary,2025-04-09,Y,upheld,86,2025-03-15
CLM-2025-001974,Summit Behavioral Health Plan,90791,F31.30,347.68,Paid,,,N,,19,2025-03-17
CLM-2025-001975,Summit Behavioral Health Plan,90837,F33.1,194.24,Paid,,,N,,19,2025-08-31
CLM-2025-001976,Summit Behavioral Health Plan,90834,F41.1,139.0,Paid,,,N,,24,2025-02-18
CLM-2025-001977,Summit Behavioral Health Plan,90837,F32.1,217.27,Paid,,,N,,20,2025-06-01
CLM-2025-001978,Pinnacle Commercial Plan,90791,F90.0,274.62,Denied,CO-97 Payment included in another service already adjudicated,2025-03-20,N,not appealed,77,2025-03-03
CLM-2025-001979,Summit Behavioral Health Plan,90832,F43.12,102.34,Paid,,,N,,24,2025-08-14
CLM-2025-001980,Liberty Care PPO,90832,F90.0,123.89,Paid,,,N,,22,2025-07-07
CLM-2025-001981,Gateway Health Cooperative,90834,F90.0,156.9,Paid,,,N,,22,2025-01-11
CLM-2025-001982,Summit Behavioral Health Plan,90837,F43.12,186.2,Paid,,,N,,27,2025-04-03
CLM-2025-001983,Apex Medicare Advantage,90834,F41.1,146.53,Denied,CO-50 Non-covered service - deemed not medically necessary,2025-05-05,Y,upheld,68,2025-04-11
CLM-2025-001984,Liberty Care PPO,90834,F33.1,134.93,Denied,CO-97 Payment included in another service already adjudicated,2025-09-20,N,not appealed,108,2025-08-24
CLM-2025-001985,Harbor State Medicaid,90832,F90.0,117.9,Paid,,,N,,16,2025-07-07
CLM-2025-001986,Apex Medicare Advantage,90834,F90.0,121.23,Paid,,,N,,27,2025-07-10
CLM-2025-001987,Summit Behavioral Health Plan,90832,F33.1,99.14,Paid,,,N,,27,2025-08-27
CLM-2025-001988,Summit Behavioral Health Plan,90832,F43.12,113.42,Paid,,,N,,18,2025-06-08
CLM-2025-001989,Pinnacle Commercial Plan,96130,F41.1,209.17,Paid,,,N,,21,2025-01-29
CLM-2025-001990,Summit Behavioral Health Plan,90837,F32.1,163.0,Paid,,,N,,26,2025-05-20
CLM-2025-001991,Summit Behavioral Health Plan,90792,F41.1,323.59,Paid,,,N,,17,2025-03-05
CLM-2025-001992,Apex Medicare Advantage,90832,F32.1,93.69,Paid,,,N,,19,2025-06-01
CLM-2025-001993,Liberty Care PPO,90834,F41.1,145.4,Denied,CO-197 Precertification/authorization absent,2025-03-21,Y,pending,76,2025-03-07
CLM-2025-001994,Apex Medicare Advantage,90853,F33.1,76.6,Denied,CO-18 Duplicate claim/service,2025-07-27,Y,pending,65,2025-07-10
CLM-2025-001995,Pinnacle Commercial Plan,90834,F43.12,121.24,Denied,CO-50 Non-covered service - deemed not medically necessary,2025-09-05,Y,upheld,75,2025-08-23
CLM-2025-001996,Pinnacle Commercial Plan,90853,F33.1,77.22,Denied,CO-96 Non-covered charges,2025-05-19,N,not appealed,70,2025-05-04
CLM-2025-001997,Gateway Health Cooperative,90837,F90.0,164.02,Denied,CO-97 Payment included in another service already adjudicated,2025-03-08,N,not appealed,80,2025-02-09
CLM-2025-001998,Apex Medicare Advantage,90837,F90.0,213.33,Paid,,,N,,30,2025-09-09
CLM-2025-001999,Liberty Care PPO,90837,F31.30,203.1,Paid,,,N,,34,2025-04-19
CLM-2025-002000,Harbor State Medicaid,90792,F41.1,365.79,Denied,CO-50 Non-covered service - deemed not medically necessary,2025-08-23,N,not appealed,52,2025-07-31
CLM-2025-002001,Apex Medicare Advantage,90834,F33.1,142.56,Paid,,,N,,20,2025-01-12
CLM-2025-002002,Gateway Health Cooperative,90832,F41.1,121.0,Paid,,,N,,18,2025-05-01
CLM-2025-002003,Gateway Health Cooperative,90834,F32.1,134.67,Denied,CO-97 Payment included in another service already adjudicated,2025-09-20,Y,upheld,78,2025-08-24
CLM-2025-002004,Pinnacle Commercial Plan,90834,F32.1,144.95,Paid,,,N,,36,2025-03-09
CLM-2025-002005,Harbor State Medicaid,90832,F90.0,92.12,Paid,,,N,,20,2025-08-26
CLM-2025-002006,Pinnacle Commercial Plan,90791,F43.12,279.4,Paid,,,N,,31,2025-05-27
CLM-2025-002007,Summit Behavioral Health Plan,90834,F43.12,138.62,Denied,CO-50 Non-covered service - deemed not medically necessary,2025-03-18,Y,pending,63,2025-02-17
CLM-2025-002008,Gateway Health Cooperative,90834,F33.1,146.9,Paid,,,N,,25,2025-07-29
CLM-2025-002009,Gateway Health Cooperative,90832,F43.12,92.04,Denied,CO-97 Payment included in another service already adjudicated,2025-07-01,Y,overturned,97,2025-06-04
CLM-2025-002010,Pinnacle Commercial Plan,90837,F32.1,193.98,Denied,CO-16 Claim lacks information needed for adjudication,2025-10-02,N,not appealed,88,2025-09-10
CLM-2025-002011,Gateway Health Cooperative,90837,F41.1,168.64,Paid,,,N,,22,2025-01-29
CLM-2025-002012,Liberty Care PPO,90791,F41.1,280.29,Denied,CO-50 Non-covered service - deemed not medically necessary,2025-03-12,Y,upheld,78,2025-02-24
CLM-2025-002013,Summit Behavioral Health Plan,90791,F33.1,335.88,Paid,,,N,,14,2025-07-11
CLM-2025-002014,Summit Behavioral Health Plan,96127,F31.30,27.48,Denied,CO-29 Timely filing - claim submitted past deadline,2025-06-03,Y,upheld,80,2025-05-12
CLM-2025-002015,Harbor State Medicaid,90832,F31.30,112.34,Paid,,,N,,15,2025-03-31
CLM-2025-002016,Apex Medicare Advantage,90837,F43.12,210.12,Paid,,,N,,21,2025-05-19
CLM-2025-002017,Summit Behavioral Health Plan,90791,F33.1,298.34,Paid,,,N,,27,2025-09-03
CLM-2025-002018,Harbor State Medicaid,96130,F43.12,184.1,Paid,,,N,,14,2025-03-23
CLM-2025-002019,Summit Behavioral Health Plan,90792,F41.1,302.36,Paid,,,N,,26,2025-08-19
CLM-2025-002020,Harbor State Medicaid,96127,F43.12,35.46,Paid,,,N,,16,2025-04-08
CLM-2025-002021,Liberty Care PPO,90834,F41.1,124.87,Paid,,,N,,39,2025-06-14
CLM-2025-002022,Summit Behavioral Health Plan,90834,F90.0,173.36,Paid,,,N,,16,2025-04-19
CLM-2025-002023,Liberty Care PPO,96130,F33.1,206.7,Denied,CO-96 Non-covered charges,2025-03-04,N,not appealed,90,2025-02-05
CLM-2025-002024,Apex Medicare Advantage,90834,F33.1,170.97,Paid,,,N,,19,2025-03-09
CLM-2025-002025,Liberty Care PPO,90834,F32.1,155.61,Denied,CO-16 Claim lacks information needed for adjudication,2025-02-12,Y,overturned,70,2025-01-31
CLM-2025-002026,Harbor State Medicaid,90853,F41.1,80.92,Denied,CO-96 Non-covered charges,2025-02-04,Y,upheld,67,2025-01-19
CLM-2025-002027,Gateway Health Cooperative,90791,F33.1,266.52,Denied,OA-23 Impact of prior payer adjudication,2025-04-14,N,not appealed,94,2025-03-31
CLM-2025-002028,Summit Behavioral Health Plan,96127,F90.0,36.84,Paid,,,N,,15,2025-08-04
CLM-2025-002029,Summit Behavioral Health Plan,90832,F32.1,123.47,Paid,,,N,,16,2025-08-06
CLM-2025-002030,Summit Behavioral Health Plan,90837,F31.30,175.6,Paid,,,N,,15,2025-07-23
CLM-2025-002031,Apex Medicare Advantage,90832,F90.0,101.35,Paid,,,N,,19,2025-08-12
CLM-2025-002032,Gateway Health Cooperative,90853,F43.12,70.76,Paid,,,N,,26,2025-03-25
CLM-2025-002033,Liberty Care PPO,96127,F33.1,36.91,Denied,CO-50 Non-covered service - deemed not medically necessary,2025-07-11,N,not appealed,67,2025-06-25
CLM-2025-002034,Summit Behavioral Health Plan,90834,F32.1,127.06,Denied,CO-16 Claim lacks information needed for adjudication,2025-05-21,N,not appealed,94,2025-04-30
CLM-2025-002035,Liberty Care PPO,90832,F90.0,109.26,Paid,,,N,,39,2025-02-06
CLM-2025-002036,Harbor State Medicaid,90834,F31.30,155.26,Paid,,,N,,20,2025-02-28
CLM-2025-002037,Summit Behavioral Health Plan,90792,F32.1,299.15,Denied,PR-27 Expenses incurred after coverage terminated,2025-02-07,Y,upheld,79,2025-01-18
CLM-2025-002038,Gateway Health Cooperative,90834,F33.1,162.55,Denied,CO-96 Non-covered charges,2025-05-26,N,not appealed,91,2025-05-01
CLM-2025-002039,Pinnacle Commercial Plan,90792,F41.1,366.92,Denied,CO-50 Non-covered service - deemed not medically necessary,2025-09-29,Y,upheld,75,2025-09-07
CLM-2025-002040,Apex Medicare Advantage,90834,F41.1,136.67,Paid,,,N,,15,2025-07-09
CLM-2025-002041,Pinnacle Commercial Plan,90837,F43.12,202.68,Denied,CO-50 Non-covered service - deemed not medically necessary,2025-05-09,Y,pending,103,2025-04-11
CLM-2025-002042,Gateway Health Cooperative,90837,F43.12,190.3,Paid,,,N,,32,2025-04-16
CLM-2025-002043,Apex Medicare Advantage,90837,F31.30,186.1,Denied,CO-197 Precertification/authorization absent,2025-08-28,N,not appealed,89,2025-07-29
CLM-2025-002044,Harbor State Medicaid,90834,F32.1,137.07,Paid,,,N,,22,2025-04-20
CLM-2025-002045,Summit Behavioral Health Plan,90853,F90.0,72.52,Paid,,,N,,30,2025-08-28
CLM-2025-002046,Summit Behavioral Health Plan,90834,F90.0,155.45,Paid,,,N,,13,2025-03-14
CLM-2025-002047,Pinnacle Commercial Plan,90837,F90.0,194.77,Denied,CO-96 Non-covered charges,2025-04-02,N,not appealed,88,2025-03-14
CLM-2025-002048,Summit Behavioral Health Plan,90791,F32.1,254.78,Paid,,,N,,29,2025-07-30
CLM-2025-002049,Pinnacle Commercial Plan,90834,F43.12,145.01,Paid,,,N,,36,2025-08-16
CLM-2025-002050,Pinnacle Commercial Plan,90853,F90.0,79.9,Denied,CO-18 Duplicate claim/service,2025-06-24,N,not appealed,75,2025-06-03
CLM-2025-002051,Harbor State Medicaid,90834,F41.1,163.54,Paid,,,N,,10,2025-05-25
CLM-2025-002052,Gateway Health Cooperative,90791,F90.0,314.68,Denied,CO-197 Precertification/authorization absent,2025-01-31,Y,overturned,71,2025-01-11
CLM-2025-002053,Liberty Care PPO,96127,F41.1,28.06,Denied,CO-109 Claim not covered by this payer/contractor,2025-04-29,N,not appealed,109,2025-04-08
CLM-2025-002054,Apex Medicare Advantage,90791,F32.1,348.28,Paid,,,N,,21,2025-08-12
CLM-2025-002055,Summit Behavioral Health Plan,90853,F33.1,82.75,Denied,CO-16 Claim lacks information needed for adjudication,2025-10-02,Y,overturned,84,2025-09-10
CLM-2025-002056,Apex Medicare Advantage,90791,F33.1,316.8,Denied,CO-16 Claim lacks information needed for adjudication,2025-08-18,Y,upheld,89,2025-07-26
CLM-2025-002057,Harbor State Medicaid,90837,F43.12,214.66,Paid,,,N,,22,2025-07-30
CLM-2025-002058,Summit Behavioral Health Plan,90791,F41.1,264.58,Paid,,,N,,29,2025-05-19
CLM-2025-002059,Summit Behavioral Health Plan,96130,F33.1,240.59,Paid,,,N,,24,2025-01-13
CLM-2025-002060,Pinnacle Commercial Plan,90834,F90.0,168.44,Denied,CO-97 Payment included in another service already adjudicated,2025-03-28,N,not appealed,104,2025-03-01
CLM-2025-002061,Summit Behavioral Health Plan,96130,F31.30,198.14,Paid,,,N,,27,2025-09-02
CLM-2025-002062,Apex Medicare Advantage,90834,F33.1,139.33,Paid,,,N,,15,2025-02-25
CLM-2025-002063,Liberty Care PPO,90791,F31.30,285.54,Denied,CO-50 Non-covered service - deemed not medically necessary,2025-09-14,N,not appealed,94,2025-09-02
CLM-2025-002064,Summit Behavioral Health Plan,96127,F43.12,33.92,Denied,CO-50 Non-covered service - deemed not medically necessary,2025-08-17,Y,overturned,71,2025-07-21
CLM-2025-002065,Summit Behavioral Health Plan,90853,F31.30,83.58,Denied,CO-18 Duplicate claim/service,2025-04-22,Y,upheld,53,2025-03-28
CLM-2025-002066,Harbor State Medicaid,90837,F31.30,219.9,Paid,,,N,,12,2025-03-13
CLM-2025-002067,Liberty Care PPO,96127,F43.12,39.72,Denied,CO-50 Non-covered service - deemed not medically necessary,2025-04-30,Y,pending,83,2025-04-09
CLM-2025-002068,Liberty Care PPO,90837,F43.12,212.17,Paid,,,N,,21,2025-06-09
CLM-2025-002069,Liberty Care PPO,90791,F33.1,276.42,Paid,,,N,,23,2025-03-28
CLM-2025-002070,Apex Medicare Advantage,90834,F32.1,124.73,Paid,,,N,,31,2025-03-17
CLM-2025-002071,Gateway Health Cooperative,96127,F31.30,26.19,Paid,,,N,,31,2025-05-26
CLM-2025-002072,Liberty Care PPO,90834,F90.0,137.85,Paid,,,N,,27,2025-07-17
CLM-2025-002073,Harbor State Medicaid,90834,F33.1,159.47,Denied,CO-50 Non-covered service - deemed not medically necessary,2025-08-13,Y,upheld,47,2025-07-14
CLM-2025-002074,Apex Medicare Advantage,90834,F33.1,152.52,Paid,,,N,,31,2025-02-15
CLM-2025-002075,Pinnacle Commercial Plan,90832,F41.1,103.36,Paid,,,N,,19,2025-06-21
CLM-2025-002076,Gateway Health Cooperative,90791,F31.30,271.84,Denied,CO-197 Precertification/authorization absent,2025-03-07,Y,overturned,98,2025-02-07
CLM-2025-002077,Apex Medicare Advantage,90832,F41.1,121.79,Paid,,,N,,15,2025-05-12
CLM-2025-002078,Liberty Care PPO,90837,F43.12,183.31,Denied,CO-50 Non-covered service - deemed not medically necessary,2025-04-14,N,not appealed,91,2025-03-21
CLM-2025-002079,Harbor State Medicaid,90832,F32.1,99.96,Paid,,,N,,20,2025-07-05
CLM-2025-002080,Apex Medicare Advantage,90791,F43.12,261.46,Paid,,,N,,18,2025-02-23
CLM-2025-002081,Apex Medicare Advantage,90853,F31.30,77.41,Denied,CO-50 Non-covered service - deemed not medically necessary,2025-03-29,N,not appealed,59,2025-03-10
CLM-2025-002082,Gateway Health Cooperative,90791,F32.1,271.81,Denied,CO-96 Non-covered charges,2025-06-17,N,not appealed,55,2025-06-02
CLM-2025-002083,Liberty Care PPO,90834,F41.1,146.82,Paid,,,N,,21,2025-07-10
CLM-2025-002084,Pinnacle Commercial Plan,90834,F31.30,144.67,Paid,,,N,,30,2025-05-18
CLM-2025-002085,Gateway Health Cooperative,96127,F90.0,27.19,Denied,CO-29 Timely filing - claim submitted past deadline,2025-04-25,Y,upheld,82,2025-04-06
CLM-2025-002086,Summit Behavioral Health Plan,90791,F32.1,296.36,Paid,,,N,,13,2025-07-25
CLM-2025-002087,Gateway Health Cooperative,90834,F32.1,132.23,Paid,,,N,,23,2025-08-19
CLM-2025-002088,Summit Behavioral Health Plan,90834,F43.12,120.83,Paid,,,N,,23,2025-01-22
CLM-2025-002089,Liberty Care PPO,90832,F33.1,98.04,Paid,,,N,,30,2025-08-08
CLM-2025-002090,Summit Behavioral Health Plan,90834,F41.1,146.29,Paid,,,N,,27,2025-01-10
CLM-2025-002091,Liberty Care PPO,96130,F31.30,224.14,Denied,CO-50 Non-covered service - deemed not medically necessary,2025-09-25,Y,upheld,82,2025-09-02
CLM-2025-002092,Pinnacle Commercial Plan,90834,F90.0,138.61,Denied,CO-109 Claim not covered by this payer/contractor,2025-01-26,Y,overturned,75,2025-01-11
CLM-2025-002093,Gateway Health Cooperative,90837,F43.12,193.36,Paid,,,N,,30,2025-06-02
CLM-2025-002094,Harbor State Medicaid,90837,F32.1,218.65,Paid,,,N,,15,2025-02-13
CLM-2025-002095,Pinnacle Commercial Plan,90853,F33.1,72.59,Paid,,,N,,21,2025-01-06
CLM-2025-002096,Summit Behavioral Health Plan,90834,F33.1,165.85,Paid,,,N,,30,2025-07-03
CLM-2025-002097,Summit Behavioral Health Plan,90834,F43.12,170.51,Paid,,,N,,15,2025-05-30
CLM-2025-002098,Liberty Care PPO,90837,F33.1,213.42,Paid,,,N,,29,2025-01-17
CLM-2025-002099,Apex Medicare Advantage,90832,F41.1,103.34,Paid,,,N,,14,2025-04-26
CLM-2025-002100,Gateway Health Cooperative,90791,F41.1,339.59,Paid,,,N,,20,2025-04-21
CLM-2025-002101,Apex Medicare Advantage,90834,F32.1,164.32,Paid,,,N,,31,2025-06-29
CLM-2025-002102,Liberty Care PPO,90791,F41.1,323.8,Denied,CO-50 Non-covered service - deemed not medically necessary,2025-05-10,Y,upheld,106,2025-04-10
CLM-2025-002103,Apex Medicare Advantage,90834,F33.1,132.55,Paid,,,N,,17,2025-08-30
CLM-2025-002104,Summit Behavioral Health Plan,90832,F31.30,113.93,Paid,,,N,,19,2025-06-16
CLM-2025-002105,Summit Behavioral Health Plan,90837,F31.30,192.46,Paid,,,N,,12,2025-07-18
CLM-2025-002106,Harbor State Medicaid,90834,F90.0,179.54,Paid,,,N,,11,2025-08-21
CLM-2025-002107,Apex Medicare Advantage,90832,F32.1,113.03,Paid,,,N,,25,2025-04-25
CLM-2025-002108,Gateway Health Cooperative,90834,F31.30,129.86,Paid,,,N,,32,2025-01-30
CLM-2025-002109,Summit Behavioral Health Plan,90832,F41.1,96.88,Paid,,,N,,17,2025-03-06
CLM-2025-002110,Summit Behavioral Health Plan,90832,F90.0,95.31,Paid,,,N,,19,2025-01-21
CLM-2025-002111,Apex Medicare Advantage,90791,F31.30,322.57,Paid,,,N,,23,2025-02-27
CLM-2025-002112,Pinnacle Commercial Plan,90834,F41.1,161.28,Denied,CO-96 Non-covered charges,2025-05-20,N,not appealed,103,2025-05-07
CLM-2025-002113,Pinnacle Commercial Plan,90834,F41.1,125.09,Denied,CO-96 Non-covered charges,2025-03-26,Y,upheld,77,2025-03-01
CLM-2025-002114,Gateway Health Cooperative,90837,F43.12,213.03,Paid,,,N,,32,2025-09-06
CLM-2025-002115,Pinnacle Commercial Plan,96127,F90.0,39.77,Paid,,,N,,35,2025-02-15
CLM-2025-002116,Apex Medicare Advantage,90834,F90.0,177.22,Paid,,,N,,28,2025-02-19
CLM-2025-002117,Summit Behavioral Health Plan,90832,F31.30,98.57,Paid,,,N,,12,2025-07-29
CLM-2025-002118,Summit Behavioral Health Plan,90832,F90.0,120.9,Denied,CO-18 Duplicate claim/service,2025-09-16,N,not appealed,64,2025-08-31
CLM-2025-002119,Gateway Health Cooperative,90834,F43.12,171.43,Paid,,,N,,34,2025-05-08
CLM-2025-002120,Apex Medicare Advantage,90837,F43.12,168.11,Paid,,,N,,21,2025-02-21
CLM-2025-002121,Pinnacle Commercial Plan,90832,F43.12,92.03,Paid,,,N,,23,2025-05-25
CLM-2025-002122,Apex Medicare Advantage,90791,F32.1,302.51,Paid,,,N,,31,2025-03-13
CLM-2025-002123,Summit Behavioral Health Plan,90792,F41.1,322.77,Paid,,,N,,19,2025-02-10
CLM-2025-002124,Gateway Health Cooperative,90791,F90.0,264.78,Paid,,,N,,34,2025-01-24
CLM-2025-002125,Apex Medicare Advantage,90837,F41.1,179.31,Paid,,,N,,24,2025-06-29
CLM-2025-002126,Summit Behavioral Health Plan,90853,F31.30,83.4,Denied,CO-16 Claim lacks information needed for adjudication,2025-07-13,Y,overturned,90,2025-07-01
CLM-2025-002127,Apex Medicare Advantage,90791,F32.1,269.04,Paid,,,N,,31,2025-04-28
CLM-2025-002128,Gateway Health Cooperative,90791,F43.12,313.08,Paid,,,N,,25,2025-01-12
CLM-2025-002129,Liberty Care PPO,90837,F43.12,207.68,Denied,CO-50 Non-covered service - deemed not medically necessary,2025-07-11,Y,pending,74,2025-06-20
CLM-2025-002130,Apex Medicare Advantage,90834,F90.0,148.61,Paid,,,N,,16,2025-05-19
CLM-2025-002131,Summit Behavioral Health Plan,90853,F43.12,68.67,Denied,CO-97 Payment included in another service already adjudicated,2025-08-08,Y,overturned,52,2025-07-26
CLM-2025-002132,Apex Medicare Advantage,90791,F41.1,276.13,Paid,,,N,,24,2025-04-12
CLM-2025-002133,Summit Behavioral Health Plan,90837,F41.1,176.5,Paid,,,N,,15,2025-04-19
CLM-2025-002134,Summit Behavioral Health Plan,90792,F41.1,306.94,Paid,,,N,,13,2025-03-29
CLM-2025-002135,Liberty Care PPO,90853,F90.0,83.55,Denied,CO-29 Timely filing - claim submitted past deadline,2025-08-07,Y,overturned,91,2025-07-11
CLM-2025-002136,Apex Medicare Advantage,90837,F33.1,187.6,Paid,,,N,,30,2025-07-26
CLM-2025-002137,Summit Behavioral Health Plan,90791,F32.1,276.78,Denied,CO-97 Payment included in another service already adjudicated,2025-09-28,Y,overturned,83,2025-08-31
CLM-2025-002138,Gateway Health Cooperative,90832,F31.30,119.33,Paid,,,N,,29,2025-02-20
CLM-2025-002139,Apex Medicare Advantage,96127,F90.0,32.73,Paid,,,N,,30,2025-07-08
CLM-2025-002140,Gateway Health Cooperative,90834,F31.30,134.53,Denied,CO-97 Payment included in another service already adjudicated,2025-02-12,N,not appealed,88,2025-01-22
CLM-2025-002141,Apex Medicare Advantage,90837,F90.0,203.83,Denied,CO-96 Non-covered charges,2025-04-17,N,not appealed,63,2025-03-23
CLM-2025-002142,Liberty Care PPO,90837,F41.1,191.7,Denied,CO-50 Non-covered service - deemed not medically necessary,2025-02-21,Y,upheld,89,2025-02-01
CLM-2025-002143,Liberty Care PPO,96130,F33.1,211.19,Paid,,,N,,27,2025-09-05
CLM-2025-002144,Pinnacle Commercial Plan,90791,F41.1,290.33,Paid,,,N,,26,2025-07-09
CLM-2025-002145,Apex Medicare Advantage,90792,F31.30,299.17,Paid,,,N,,29,2025-01-11
CLM-2025-002146,Liberty Care PPO,90834,F33.1,136.79,Paid,,,N,,34,2025-05-17
CLM-2025-002147,Apex Medicare Advantage,96127,F31.30,36.58,Paid,,,N,,31,2025-02-02
CLM-2025-002148,Gateway Health Cooperative,90834,F33.1,169.82,Paid,,,N,,18,2025-03-31
CLM-2025-002149,Apex Medicare Advantage,90853,F31.30,61.85,Denied,CO-29 Timely filing - claim submitted past deadline,2025-04-16,N,not appealed,73,2025-04-03
CLM-2025-002150,Summit Behavioral Health Plan,96127,F33.1,28.13,Paid,,,N,,20,2025-02-24
CLM-2025-002151,Apex Medicare Advantage,96127,F31.30,26.83,Paid,,,N,,17,2025-03-03
CLM-2025-002152,Summit Behavioral Health Plan,90837,F90.0,187.28,Paid,,,N,,15,2025-07-09
CLM-2025-002153,Apex Medicare Advantage,90837,F43.12,171.92,Paid,,,N,,20,2025-01-29
CLM-2025-002154,Apex Medicare Advantage,90791,F41.1,314.4,Paid,,,N,,15,2025-01-16
CLM-2025-002155,Gateway Health Cooperative,96130,F43.12,253.45,Paid,,,N,,24,2025-07-19
CLM-2025-002156,Harbor State Medicaid,90791,F90.0,346.07,Paid,,,N,,23,2025-07-24
CLM-2025-002157,Apex Medicare Advantage,90791,F41.1,341.15,Denied,CO-16 Claim lacks information needed for adjudication,2025-09-03,Y,upheld,62,2025-08-04
CLM-2025-002158,Apex Medicare Advantage,90853,F32.1,75.72,Paid,,,N,,24,2025-03-09
CLM-2025-002159,Apex Medicare Advantage,90837,F33.1,175.83,Paid,,,N,,17,2025-08-04
CLM-2025-002160,Harbor State Medicaid,96127,F43.12,38.75,Paid,,,N,,15,2025-06-29
CLM-2025-002161,Apex Medicare Advantage,90834,F32.1,173.15,Paid,,,N,,17,2025-03-26
CLM-2025-002162,Pinnacle Commercial Plan,90837,F32.1,194.5,Denied,CO-96 Non-covered charges,2025-06-21,Y,upheld,97,2025-05-24
CLM-2025-002163,Summit Behavioral Health Plan,96130,F31.30,195.58,Paid,,,N,,28,2025-02-15
CLM-2025-002164,Summit Behavioral Health Plan,90832,F33.1,101.0,Denied,CO-96 Non-covered charges,2025-05-06,N,not appealed,68,2025-04-23
CLM-2025-002165,Summit Behavioral Health Plan,90834,F32.1,176.44,Paid,,,N,,12,2025-08-06
CLM-2025-002166,Pinnacle Commercial Plan,90834,F90.0,149.54,Paid,,,N,,17,2025-04-25
CLM-2025-002167,Apex Medicare Advantage,90791,F90.0,324.63,Paid,,,N,,15,2025-07-24
CLM-2025-002168,Harbor State Medicaid,96127,F41.1,25.83,Paid,,,N,,24,2025-04-08
CLM-2025-002169,Apex Medicare Advantage,90853,F90.0,82.88,Paid,,,N,,16,2025-02-14
CLM-2025-002170,Liberty Care PPO,90837,F41.1,166.0,Denied,CO-50 Non-covered service - deemed not medically necessary,2025-08-12,Y,upheld,97,2025-07-21
CLM-2025-002171,Apex Medicare Advantage,90834,F31.30,126.53,Paid,,,N,,31,2025-08-10
CLM-2025-002172,Gateway Health Cooperative,90792,F43.12,301.09,Paid,,,N,,15,2025-08-06
CLM-2025-002173,Summit Behavioral Health Plan,90834,F43.12,153.27,Paid,,,N,,22,2025-04-30
CLM-2025-002174,Liberty Care PPO,90834,F43.12,160.03,Paid,,,N,,22,2025-07-13
CLM-2025-002175,Liberty Care PPO,90832,F43.12,115.81,Denied,CO-50 Non-covered service - deemed not medically necessary,2025-08-02,Y,upheld,103,2025-07-10
CLM-2025-002176,Pinnacle Commercial Plan,90834,F43.12,179.59,Denied,CO-96 Non-covered charges,2025-08-05,Y,pending,88,2025-07-06
CLM-2025-002177,Harbor State Medicaid,90834,F43.12,129.94,Paid,,,N,,20,2025-07-05
CLM-2025-002178,Liberty Care PPO,90837,F31.30,208.48,Paid,,,N,,38,2025-03-22
CLM-2025-002179,Apex Medicare Advantage,90837,F31.30,203.79,Paid,,,N,,28,2025-07-19
CLM-2025-002180,Summit Behavioral Health Plan,90834,F33.1,128.71,Paid,,,N,,30,2025-06-03
CLM-2025-002181,Summit Behavioral Health Plan,90834,F32.1,126.18,Paid,,,N,,21,2025-07-22
CLM-2025-002182,Apex Medicare Advantage,90853,F41.1,85.71,Paid,,,N,,19,2025-08-21
CLM-2025-002183,Pinnacle Commercial Plan,90853,F41.1,66.69,Paid,,,N,,28,2025-07-23
CLM-2025-002184,Apex Medicare Advantage,96130,F43.12,184.38,Denied,CO-18 Duplicate claim/service,2025-07-20,Y,pending,81,2025-07-04
CLM-2025-002185,Harbor State Medicaid,90791,F31.30,294.2,Paid,,,N,,21,2025-03-02
CLM-2025-002186,Summit Behavioral Health Plan,90837,F31.30,179.55,Paid,,,N,,19,2025-06-09
CLM-2025-002187,Pinnacle Commercial Plan,90834,F43.12,159.44,Denied,CO-16 Claim lacks information needed for adjudication,2025-08-08,N,not appealed,82,2025-07-18
CLM-2025-002188,Harbor State Medicaid,96127,F41.1,26.77,Paid,,,N,,19,2025-08-24
CLM-2025-002189,Liberty Care PPO,90791,F41.1,330.46,Paid,,,N,,29,2025-04-19
CLM-2025-002190,Apex Medicare Advantage,90792,F32.1,346.09,Paid,,,N,,32,2025-07-25
CLM-2025-002191,Liberty Care PPO,90834,F41.1,124.37,Paid,,,N,,31,2025-01-09
CLM-2025-002192,Summit Behavioral Health Plan,90853,F41.1,86.47,Paid,,,N,,30,2025-07-31
CLM-2025-002193,Liberty Care PPO,96127,F41.1,26.8,Denied,CO-96 Non-covered charges,2025-08-11,N,not appealed,84,2025-07-23
CLM-2025-002194,Pinnacle Commercial Plan,90832,F32.1,125.96,Paid,,,N,,31,2025-08-07
CLM-2025-002195,Gateway Health Cooperative,90791,F43.12,316.77,Paid,,,N,,26,2025-04-27
CLM-2025-002196,Summit Behavioral Health Plan,90791,F90.0,333.37,Denied,CO-50 Non-covered service - deemed not medically necessary,2025-06-01,N,not appealed,71,2025-05-14
CLM-2025-002197,Pinnacle Commercial Plan,90853,F32.1,60.76,Paid,,,N,,35,2025-04-12
CLM-2025-002198,Gateway Health Cooperative,90791,F32.1,312.99,Paid,,,N,,15,2025-08-13
CLM-2025-002199,Liberty Care PPO,90853,F43.12,85.89,Paid,,,N,,32,2025-02-25
CLM-2025-002200,Gateway Health Cooperative,90837,F33.1,163.02,Paid,,,N,,22,2025-03-03
CLM-2025-002201,Summit Behavioral Health Plan,90834,F33.1,146.56,Denied,CO-29 Timely filing - claim submitted past deadline,2025-05-12,N,not appealed,75,2025-04-16
CLM-2025-002202,Pinnacle Commercial Plan,90834,F41.1,127.8,Denied,CO-29 Timely filing - claim submitted past deadline,2025-05-01,N,not appealed,90,2025-04-04
CLM-2025-002203,Harbor State Medicaid,96127,F43.12,39.73,Paid,,,N,,11,2025-07-04
CLM-2025-002204,Pinnacle Commercial Plan,90832,F43.12,105.89,Paid,,,N,,18,2025-06-27
CLM-2025-002205,Harbor State Medicaid,90792,F32.1,325.39,Denied,CO-197 Precertification/authorization absent,2025-09-25,N,not appealed,55,2025-09-02
CLM-2025-002206,Summit Behavioral Health Plan,96127,F90.0,31.02,Paid,,,N,,26,2025-05-25
CLM-2025-002207,Summit Behavioral Health Plan,96127,F41.1,38.49,Denied,CO-18 Duplicate claim/service,2025-07-10,Y,overturned,77,2025-06-28
CLM-2025-002208,Summit Behavioral Health Plan,90834,F41.1,160.18,Paid,,,N,,30,2025-05-05
CLM-2025-002209,Harbor State Medicaid,90834,F90.0,131.42,Paid,,,N,,18,2025-01-25
CLM-2025-002210,Liberty Care PPO,90832,F41.1,91.97,Paid,,,N,,19,2025-08-15
CLM-2025-002211,Summit Behavioral Health Plan,90834,F32.1,150.62,Denied,OA-23 Impact of prior payer adjudication,2025-05-15,Y,overturned,56,2025-04-26
CLM-2025-002212,Liberty Care PPO,90834,F90.0,175.66,Paid,,,N,,39,2025-07-14
CLM-2025-002213,Apex Medicare Advantage,96127,F41.1,26.13,Denied,CO-18 Duplicate claim/service,2025-07-18,N,not appealed,66,2025-06-18
CLM-2025-002214,Summit Behavioral Health Plan,90792,F90.0,331.94,Paid,,,N,,22,2025-02-18
CLM-2025-002215,Gateway Health Cooperative,90834,F43.12,163.87,Denied,CO-97 Payment included in another service already adjudicated,2025-05-17,N,not appealed,89,2025-04-28
CLM-2025-002216,Summit Behavioral Health Plan,90791,F43.12,301.53,Paid,,,N,,25,2025-06-29
CLM-2025-002217,Summit Behavioral Health Plan,90832,F31.30,120.01,Paid,,,N,,30,2025-01-11
CLM-2025-002218,Apex Medicare Advantage,90837,F32.1,184.17,Paid,,,N,,15,2025-05-02
CLM-2025-002219,Liberty Care PPO,96127,F90.0,28.54,Paid,,,N,,22,2025-05-18
CLM-2025-002220,Pinnacle Commercial Plan,90791,F90.0,326.45,Denied,CO-18 Duplicate claim/service,2025-06-10,Y,upheld,80,2025-05-24
CLM-2025-002221,Gateway Health Cooperative,90791,F31.30,289.34,Denied,CO-96 Non-covered charges,2025-05-05,N,not appealed,98,2025-04-09
CLM-2025-002222,Summit Behavioral Health Plan,90834,F43.12,163.95,Paid,,,N,,17,2025-06-21
CLM-2025-002223,Summit Behavioral Health Plan,90834,F90.0,139.64,Paid,,,N,,13,2025-09-11
CLM-2025-002224,Apex Medicare Advantage,90834,F41.1,160.91,Paid,,,N,,31,2025-04-26
CLM-2025-002225,Liberty Care PPO,90834,F41.1,120.97,Paid,,,N,,19,2025-02-07
CLM-2025-002226,Pinnacle Commercial Plan,90853,F31.30,88.54,Denied,CO-16 Claim lacks information needed for adjudication,2025-08-05,N,not appealed,98,2025-07-11
CLM-2025-002227,Gateway Health Cooperative,90832,F31.30,128.76,Paid,,,N,,33,2025-02-08
CLM-2025-002228,Liberty Care PPO,90837,F31.30,190.73,Paid,,,N,,27,2025-01-22
CLM-2025-002229,Liberty Care PPO,90837,F32.1,190.45,Paid,,,N,,20,2025-07-02
CLM-2025-002230,Liberty Care PPO,90792,F90.0,369.52,Denied,CO-50 Non-covered service - deemed not medically necessary,2025-05-17,Y,upheld,82,2025-04-30
CLM-2025-002231,Liberty Care PPO,90791,F31.30,311.4,Paid,,,N,,32,2025-06-15
CLM-2025-002232,Apex Medicare Advantage,90834,F41.1,143.07,Paid,,,N,,27,2025-08-13
CLM-2025-002233,Apex Medicare Advantage,90837,F41.1,169.23,Paid,,,N,,20,2025-03-28
CLM-2025-002234,Apex Medicare Advantage,90837,F43.12,207.43,Paid,,,N,,14,2025-03-28
CLM-2025-002235,Liberty Care PPO,90792,F41.1,342.52,Denied,CO-50 Non-covered service - deemed not medically necessary,2025-04-22,N,not appealed,88,2025-04-10
CLM-2025-002236,Gateway Health Cooperative,90834,F33.1,163.66,Paid,,,N,,15,2025-06-30
CLM-2025-002237,Summit Behavioral Health Plan,90791,F43.12,277.96,Paid,,,N,,22,2025-02-20
CLM-2025-002238,Pinnacle Commercial Plan,90832,F43.12,97.3,Paid,,,N,,28,2025-04-16
CLM-2025-002239,Summit Behavioral Health Plan,90834,F33.1,168.91,Paid,,,N,,16,2025-02-22
CLM-2025-002240,Gateway Health Cooperative,90837,F90.0,210.8,Paid,,,N,,20,2025-08-06
CLM-2025-002241,Apex Medicare Advantage,96127,F32.1,33.59,Paid,,,N,,22,2025-04-03
CLM-2025-002242,Summit Behavioral Health Plan,90837,F43.12,179.67,Paid,,,N,,27,2025-07-19
CLM-2025-002243,Summit Behavioral Health Plan,96130,F43.12,211.13,Paid,,,N,,30,2025-02-18
CLM-2025-002244,Summit Behavioral Health Plan,90837,F43.12,180.6,Paid,,,N,,15,2025-07-25
CLM-2025-002245,Summit Behavioral Health Plan,96130,F43.12,220.36,Paid,,,N,,23,2025-07-06
CLM-2025-002246,Summit Behavioral Health Plan,90837,F90.0,191.14,Paid,,,N,,22,2025-09-06
CLM-2025-002247,Summit Behavioral Health Plan,90834,F31.30,149.27,Paid,,,N,,19,2025-03-20
CLM-2025-002248,Summit Behavioral Health Plan,90834,F31.30,157.39,Paid,,,N,,30,2025-08-22
CLM-2025-002249,Summit Behavioral Health Plan,90853,F43.12,87.42,Denied,CO-50 Non-covered service - deemed not medically necessary,2025-05-31,Y,overturned,52,2025-05-09
CLM-2025-002250,Summit Behavioral Health Plan,90834,F32.1,143.67,Paid,,,N,,15,2025-03-30
CLM-2025-002251,Liberty Care PPO,90834,F31.30,126.43,Denied,PR-27 Expenses incurred after coverage terminated,2025-03-16,Y,upheld,98,2025-02-19
CLM-2025-002252,Summit Behavioral Health Plan,90853,F33.1,73.42,Denied,CO-29 Timely filing - claim submitted past deadline,2025-02-02,N,not appealed,91,2025-01-17
CLM-2025-002253,Pinnacle Commercial Plan,90832,F32.1,120.79,Paid,,,N,,21,2025-01-15
CLM-2025-002254,Liberty Care PPO,90837,F32.1,216.88,Paid,,,N,,33,2025-07-03
CLM-2025-002255,Apex Medicare Advantage,90837,F90.0,210.09,Paid,,,N,,18,2025-01-07
CLM-2025-002256,Summit Behavioral Health Plan,90834,F33.1,153.47,Denied,CO-50 Non-covered service - deemed not medically necessary,2025-05-10,Y,upheld,77,2025-04-18
CLM-2025-002257,Liberty Care PPO,96130,F43.12,249.12,Denied,CO-29 Timely filing - claim submitted past deadline,2025-06-13,Y,overturned,75,2025-05-15
CLM-2025-002258,Summit Behavioral Health Plan,90837,F31.30,190.61,Paid,,,N,,29,2025-08-22
CLM-2025-002259,Gateway Health Cooperative,90837,F33.1,185.32,Paid,,,N,,33,2025-07-28
CLM-2025-002260,Liberty Care PPO,90834,F43.12,138.27,Denied,CO-50 Non-covered service - deemed not medically necessary,2025-09-21,N,not appealed,66,2025-08-27
CLM-2025-002261,Summit Behavioral Health Plan,96127,F32.1,38.24,Paid,,,N,,23,2025-02-14
CLM-2025-002262,Gateway Health Cooperative,90834,F32.1,172.7,Denied,CO-29 Timely filing - claim submitted past deadline,2025-09-23,N,not appealed,75,2025-09-08
CLM-2025-002263,Summit Behavioral Health Plan,90791,F32.1,283.99,Denied,CO-29 Timely filing - claim submitted past deadline,2025-06-17,N,not appealed,93,2025-05-19
CLM-2025-002264,Summit Behavioral Health Plan,90834,F43.12,171.07,Paid,,,N,,30,2025-06-12
CLM-2025-002265,Apex Medicare Advantage,90837,F31.30,168.64,Paid,,,N,,28,2025-09-02
CLM-2025-002266,Pinnacle Commercial Plan,90853,F33.1,81.58,Paid,,,N,,16,2025-06-19
CLM-2025-002267,Summit Behavioral Health Plan,96127,F31.30,39.77,Paid,,,N,,21,2025-02-17
CLM-2025-002268,Summit Behavioral Health Plan,96130,F41.1,222.07,Paid,,,N,,15,2025-07-06
CLM-2025-002269,Gateway Health Cooperative,90792,F41.1,286.29,Denied,PR-27 Expenses incurred after coverage terminated,2025-06-22,N,not appealed,94,2025-06-10
CLM-2025-002270,Summit Behavioral Health Plan,90834,F32.1,120.49,Denied,CO-96 Non-covered charges,2025-06-05,Y,overturned,72,2025-05-19
CLM-2025-002271,Summit Behavioral Health Plan,90792,F43.12,327.17,Denied,CO-97 Payment included in another service already adjudicated,2025-07-22,N,not appealed,80,2025-07-05
CLM-2025-002272,Apex Medicare Advantage,90832,F43.12,128.93,Paid,,,N,,18,2025-06-15
CLM-2025-002273,Liberty Care PPO,96127,F33.1,39.13,Paid,,,N,,34,2025-02-11
CLM-2025-002274,Pinnacle Commercial Plan,96127,F90.0,36.13,Paid,,,N,,23,2025-08-24
CLM-2025-002275,Gateway Health Cooperative,90834,F41.1,152.96,Paid,,,N,,17,2025-07-08
CLM-2025-002276,Gateway Health Cooperative,90792,F41.1,325.72,Paid,,,N,,20,2025-02-25
CLM-2025-002277,Harbor State Medicaid,90837,F32.1,218.0,Paid,,,N,,12,2025-03-30
CLM-2025-002278,Apex Medicare Advantage,90834,F31.30,156.89,Paid,,,N,,17,2025-04-21
CLM-2025-002279,Gateway Health Cooperative,90853,F43.12,79.72,Paid,,,N,,21,2025-01-25
CLM-2025-002280,Apex Medicare Advantage,90792,F33.1,369.67,Paid,,,N,,21,2025-06-22
CLM-2025-002281,Pinnacle Commercial Plan,96127,F33.1,33.1,Paid,,,N,,24,2025-05-28
CLM-2025-002282,Liberty Care PPO,90834,F31.30,158.68,Paid,,,N,,25,2025-07-15
CLM-2025-002283,Summit Behavioral Health Plan,90834,F32.1,134.83,Paid,,,N,,20,2025-06-01
CLM-2025-002284,Apex Medicare Advantage,96130,F31.30,219.85,Denied,CO-109 Claim not covered by this payer/contractor,2025-08-09,Y,overturned,66,2025-07-10
CLM-2025-002285,Liberty Care PPO,90792,F31.30,313.11,Paid,,,N,,34,2025-08-24
CLM-2025-002286,Harbor State Medicaid,90837,F31.30,172.85,Paid,,,N,,12,2025-08-23
CLM-2025-002287,Apex Medicare Advantage,90834,F41.1,174.9,Denied,CO-16 Claim lacks information needed for adjudication,2025-02-23,Y,overturned,58,2025-02-08
CLM-2025-002288,Apex Medicare Advantage,90792,F33.1,368.34,Paid,,,N,,28,2025-07-19
CLM-2025-002289,Apex Medicare Advantage,90834,F33.1,154.14,Paid,,,N,,25,2025-06-30
CLM-2025-002290,Gateway Health Cooperative,90834,F43.12,134.21,Paid,,,N,,15,2025-04-16
CLM-2025-002291,Summit Behavioral Health Plan,90832,F90.0,102.08,Denied,CO-18 Duplicate claim/service,2025-07-20,Y,overturned,72,2025-06-20
CLM-2025-002292,Pinnacle Commercial Plan,90792,F31.30,301.01,Paid,,,N,,18,2025-06-01
CLM-2025-002293,Summit Behavioral Health Plan,90792,F31.30,337.72,Paid,,,N,,23,2025-09-04
CLM-2025-002294,Gateway Health Cooperative,90791,F33.1,269.88,Paid,,,N,,30,2025-06-22
CLM-2025-002295,Summit Behavioral Health Plan,90837,F32.1,171.78,Paid,,,N,,27,2025-06-02
CLM-2025-002296,Summit Behavioral Health Plan,90837,F43.12,189.99,Denied,CO-97 Payment included in another service already adjudicated,2025-09-26,N,not appealed,57,2025-09-10
CLM-2025-002297,Summit Behavioral Health Plan,90791,F31.30,318.68,Paid,,,N,,26,2025-09-08
CLM-2025-002298,Gateway Health Cooperative,90791,F31.30,261.52,Denied,CO-50 Non-covered service - deemed not medically necessary,2025-07-21,Y,upheld,57,2025-06-27
CLM-2025-002299,Summit Behavioral Health Plan,90837,F31.30,186.79,Paid,,,N,,28,2025-04-03
CLM-2025-002300,Gateway Health Cooperative,96127,F43.12,27.97,Paid,,,N,,15,2025-07-16
CLM-2025-002301,Liberty Care PPO,90792,F41.1,318.03,Denied,CO-50 Non-covered service - deemed not medically necessary,2025-06-13,N,not appealed,71,2025-05-23
CLM-2025-002302,Summit Behavioral Health Plan,90853,F32.1,65.28,Denied,CO-18 Duplicate claim/service,2025-04-12,N,not appealed,58,2025-03-19
CLM-2025-002303,Harbor State Medicaid,96127,F33.1,33.65,Paid,,,N,,14,2025-02-09
CLM-2025-002304,Liberty Care PPO,90791,F41.1,332.32,Paid,,,N,,29,2025-07-04
CLM-2025-002305,Gateway Health Cooperative,90853,F31.30,61.98,Paid,,,N,,20,2025-07-13
CLM-2025-002306,Gateway Health Cooperative,90834,F31.30,140.71,Paid,,,N,,14,2025-06-04
CLM-2025-002307,Pinnacle Commercial Plan,90832,F41.1,108.15,Denied,CO-109 Claim not covered by this payer/contractor,2025-04-15,Y,overturned,79,2025-03-17
CLM-2025-002308,Pinnacle Commercial Plan,90791,F33.1,334.63,Denied,CO-29 Timely filing - claim submitted past deadline,2025-09-20,Y,upheld,63,2025-09-04
CLM-2025-002309,Liberty Care PPO,90834,F41.1,129.72,Paid,,,N,,19,2025-05-28
CLM-2025-002310,Summit Behavioral Health Plan,90837,F31.30,186.59,Denied,CO-97 Payment included in another service already adjudicated,2025-10-09,Y,overturned,58,2025-09-09
CLM-2025-002311,Pinnacle Commercial Plan,90834,F32.1,176.71,Denied,CO-109 Claim not covered by this payer/contractor,2025-04-20,N,not appealed,103,2025-04-03
CLM-2025-002312,Gateway Health Cooperative,90791,F33.1,320.12,Denied,CO-50 Non-covered service - deemed not medically necessary,2025-02-06,N,not appealed,80,2025-01-14
CLM-2025-002313,Harbor State Medicaid,90834,F90.0,166.1,Paid,,,N,,22,2025-04-10
CLM-2025-002314,Liberty Care PPO,90791,F31.30,294.28,Paid,,,N,,29,2025-07-24
CLM-2025-002315,Liberty Care PPO,96127,F33.1,39.19,Paid,,,N,,22,2025-05-08
CLM-2025-002316,Pinnacle Commercial Plan,90832,F32.1,107.37,Paid,,,N,,19,2025-01-17
CLM-2025-002317,Pinnacle Commercial Plan,90834,F32.1,122.32,Paid,,,N,,29,2025-07-31
CLM-2025-002318,Apex Medicare Advantage,90791,F32.1,289.86,Denied,CO-18 Duplicate claim/service,2025-06-09,Y,pending,97,2025-05-11
CLM-2025-002319,Liberty Care PPO,90791,F31.30,309.27,Paid,,,N,,40,2025-02-02
CLM-2025-002320,Summit Behavioral Health Plan,90791,F90.0,300.84,Denied,CO-50 Non-covered service - deemed not medically necessary,2025-05-20,Y,upheld,68,2025-05-01
CLM-2025-002321,Liberty Care PPO,90834,F33.1,136.53,Paid,,,N,,23,2025-02-26
CLM-2025-002322,Summit Behavioral Health Plan,90792,F90.0,281.74,Paid,,,N,,28,2025-02-21
CLM-2025-002323,Gateway Health Cooperative,90834,F43.12,162.2,Paid,,,N,,20,2025-03-11
CLM-2025-002324,Summit Behavioral Health Plan,90791,F31.30,269.9,Paid,,,N,,18,2025-07-30
CLM-2025-002325,Apex Medicare Advantage,90792,F90.0,360.99,Paid,,,N,,27,2025-08-30
CLM-2025-002326,Pinnacle Commercial Plan,90834,F33.1,128.93,Denied,CO-96 Non-covered charges,2025-06-20,N,not appealed,90,2025-06-04
CLM-2025-002327,Summit Behavioral Health Plan,90791,F90.0,276.6,Denied,CO-197 Precertification/authorization absent,2025-05-24,Y,pending,57,2025-04-24
CLM-2025-002328,Summit Behavioral Health Plan,90834,F32.1,159.99,Denied,CO-50 Non-covered service - deemed not medically necessary,2025-09-16,Y,overturned,85,2025-08-27
CLM-2025-002329,Summit Behavioral Health Plan,90837,F31.30,205.44,Paid,,,N,,30,2025-06-16
CLM-2025-002330,Summit Behavioral Health Plan,90832,F32.1,129.9,Paid,,,N,,13,2025-03-28
CLM-2025-002331,Summit Behavioral Health Plan,90837,F43.12,162.27,Paid,,,N,,27,2025-03-23
CLM-2025-002332,Harbor State Medicaid,90834,F90.0,156.37,Paid,,,N,,11,2025-06-18
CLM-2025-002333,Summit Behavioral Health Plan,90834,F90.0,161.11,Paid,,,N,,21,2025-04-13
CLM-2025-002334,Summit Behavioral Health Plan,96127,F41.1,39.33,Paid,,,N,,13,2025-03-02
CLM-2025-002335,Apex Medicare Advantage,90834,F41.1,134.89,Paid,,,N,,19,2025-07-20
CLM-2025-002336,Summit Behavioral Health Plan,90837,F43.12,190.92,Paid,,,N,,30,2025-06-07
CLM-2025-002337,Harbor State Medicaid,96130,F32.1,215.69,Paid,,,N,,24,2025-01-23
CLM-2025-002338,Summit Behavioral Health Plan,96127,F31.30,37.72,Denied,CO-97 Payment included in another service already adjudicated,2025-03-10,Y,upheld,60,2025-02-10
CLM-2025-002339,Summit Behavioral Health Plan,90834,F31.30,170.46,Paid,,,N,,20,2025-06-25
CLM-2025-002340,Summit Behavioral Health Plan,96127,F32.1,39.05,Paid,,,N,,30,2025-03-07
CLM-2025-002341,Apex Medicare Advantage,90834,F43.12,179.58,Paid,,,N,,17,2025-04-30
CLM-2025-002342,Summit Behavioral Health Plan,90834,F43.12,121.34,Paid,,,N,,21,2025-05-14
CLM-2025-002343,Harbor State Medicaid,90834,F32.1,168.92,Paid,,,N,,16,2025-09-11
CLM-2025-002344,Pinnacle Commercial Plan,90834,F32.1,128.29,Paid,,,N,,27,2025-05-01
CLM-2025-002345,Apex Medicare Advantage,90837,F90.0,173.99,Paid,,,N,,28,2025-09-11
CLM-2025-002346,Harbor State Medicaid,90834,F32.1,123.7,Paid,,,N,,16,2025-03-13
CLM-2025-002347,Apex Medicare Advantage,90834,F41.1,125.62,Paid,,,N,,32,2025-08-09
CLM-2025-002348,Summit Behavioral Health Plan,90834,F31.30,125.49,Denied,CO-50 Non-covered service - deemed not medically necessary,2025-07-23,N,not appealed,87,2025-06-26
CLM-2025-002349,Summit Behavioral Health Plan,90792,F43.12,347.04,Paid,,,N,,26,2025-08-25
CLM-2025-002350,Gateway Health Cooperative,90834,F31.30,176.6,Paid,,,N,,34,2025-09-01
CLM-2025-002351,Summit Behavioral Health Plan,90791,F31.30,285.46,Denied,CO-16 Claim lacks information needed for adjudication,2025-03-07,Y,overturned,52,2025-02-05
CLM-2025-002352,Apex Medicare Advantage,90834,F90.0,134.89,Paid,,,N,,31,2025-03-19
CLM-2025-002353,Apex Medicare Advantage,90834,F32.1,142.64,Paid,,,N,,32,2025-07-24
CLM-2025-002354,Pinnacle Commercial Plan,90853,F90.0,80.1,Denied,CO-50 Non-covered service - deemed not medically necessary,2025-03-18,N,not appealed,78,2025-02-21
CLM-2025-002355,Pinnacle Commercial Plan,90834,F31.30,152.81,Paid,,,N,,29,2025-03-14
CLM-2025-002356,Summit Behavioral Health Plan,90834,F32.1,138.74,Denied,CO-18 Duplicate claim/service,2025-05-14,Y,overturned,72,2025-04-29
CLM-2025-002357,Apex Medicare Advantage,90832,F33.1,115.21,Paid,,,N,,14,2025-05-24
CLM-2025-002358,Apex Medicare Advantage,90834,F41.1,167.36,Paid,,,N,,31,2025-03-15
CLM-2025-002359,Gateway Health Cooperative,90832,F90.0,91.64,Paid,,,N,,26,2025-02-10
CLM-2025-002360,Apex Medicare Advantage,96130,F90.0,240.23,Paid,,,N,,27,2025-06-09
CLM-2025-002361,Summit Behavioral Health Plan,90853,F32.1,62.68,Paid,,,N,,15,2025-03-01
CLM-2025-002362,Apex Medicare Advantage,90837,F33.1,203.49,Paid,,,N,,19,2025-06-24
CLM-2025-002363,Harbor State Medicaid,96127,F32.1,35.72,Paid,,,N,,21,2025-03-06
CLM-2025-002364,Liberty Care PPO,90791,F41.1,268.66,Paid,,,N,,28,2025-01-17
CLM-2025-002365,Apex Medicare Advantage,90791,F31.30,283.25,Paid,,,N,,25,2025-01-11
CLM-2025-002366,Harbor State Medicaid,90832,F41.1,102.08,Denied,CO-50 Non-covered service - deemed not medically necessary,2025-04-05,N,not appealed,57,2025-03-14
CLM-2025-002367,Gateway Health Cooperative,90832,F90.0,121.51,Paid,,,N,,29,2025-04-18
CLM-2025-002368,Gateway Health Cooperative,90834,F31.30,174.69,Paid,,,N,,18,2025-01-22
CLM-2025-002369,Gateway Health Cooperative,90834,F43.12,154.39,Denied,CO-18 Duplicate claim/service,2025-06-28,N,not appealed,84,2025-06-16
CLM-2025-002370,Pinnacle Commercial Plan,90792,F90.0,307.15,Paid,,,N,,19,2025-03-16
CLM-2025-002371,Pinnacle Commercial Plan,90853,F90.0,78.68,Denied,CO-96 Non-covered charges,2025-07-10,N,not appealed,94,2025-06-15
CLM-2025-002372,Apex Medicare Advantage,96127,F43.12,35.48,Paid,,,N,,31,2025-04-17
CLM-2025-002373,Liberty Care PPO,96127,F33.1,30.72,Paid,,,N,,20,2025-07-01
CLM-2025-002374,Liberty Care PPO,90834,F31.30,178.73,Denied,CO-97 Payment included in another service already adjudicated,2025-02-04,Y,upheld,95,2025-01-18
CLM-2025-002375,Harbor State Medicaid,90832,F31.30,127.15,Paid,,,N,,11,2025-01-17
CLM-2025-002376,Apex Medicare Advantage,90834,F41.1,163.69,Paid,,,N,,31,2025-08-07
CLM-2025-002377,Pinnacle Commercial Plan,90832,F90.0,102.58,Paid,,,N,,20,2025-09-12
CLM-2025-002378,Summit Behavioral Health Plan,90834,F43.12,139.66,Paid,,,N,,12,2025-01-20
CLM-2025-002379,Summit Behavioral Health Plan,90834,F33.1,159.08,Denied,CO-18 Duplicate claim/service,2025-08-30,Y,pending,74,2025-07-31
CLM-2025-002380,Harbor State Medicaid,90837,F31.30,176.44,Paid,,,N,,16,2025-08-14
CLM-2025-002381,Liberty Care PPO,90834,F90.0,139.61,Denied,CO-16 Claim lacks information needed for adjudication,2025-04-04,Y,upheld,96,2025-03-14
CLM-2025-002382,Gateway Health Cooperative,90834,F43.12,173.55,Paid,,,N,,23,2025-05-01
CLM-2025-002383,Pinnacle Commercial Plan,96130,F43.12,195.38,Paid,,,N,,29,2025-07-31
CLM-2025-002384,Summit Behavioral Health Plan,96127,F90.0,30.54,Paid,,,N,,16,2025-08-18
CLM-2025-002385,Pinnacle Commercial Plan,90792,F31.30,321.87,Denied,CO-96 Non-covered charges,2025-04-12,N,not appealed,82,2025-03-21
CLM-2025-002386,Summit Behavioral Health Plan,90791,F31.30,319.48,Denied,CO-50 Non-covered service - deemed not medically necessary,2025-05-11,Y,overturned,78,2025-04-24
CLM-2025-002387,Liberty Care PPO,96127,F90.0,35.41,Denied,CO-29 Timely filing - claim submitted past deadline,2025-04-09,Y,pending,76,2025-03-26
CLM-2025-002388,Liberty Care PPO,96130,F43.12,187.38,Paid,,,N,,35,2025-08-02
CLM-2025-002389,Pinnacle Commercial Plan,90837,F32.1,219.6,Paid,,,N,,33,2025-07-19
CLM-2025-002390,Summit Behavioral Health Plan,90834,F90.0,150.98,Paid,,,N,,29,2025-05-09
CLM-2025-002391,Summit Behavioral Health Plan,96127,F43.12,27.59,Paid,,,N,,26,2025-08-19
CLM-2025-002392,Harbor State Medicaid,96127,F33.1,38.96,Denied,CO-16 Claim lacks information needed for adjudication,2025-05-20,N,not appealed,85,2025-04-30
CLM-2025-002393,Pinnacle Commercial Plan,90791,F41.1,323.04,Denied,CO-96 Non-covered charges,2025-02-15,Y,overturned,104,2025-01-19
CLM-2025-002394,Apex Medicare Advantage,90834,F32.1,165.15,Paid,,,N,,19,2025-05-04
CLM-2025-002395,Liberty Care PPO,90832,F33.1,110.56,Denied,CO-97 Payment included in another service already adjudicated,2025-02-26,Y,upheld,88,2025-02-07
CLM-2025-002396,Pinnacle Commercial Plan,96130,F32.1,201.47,Paid,,,N,,24,2025-06-28
CLM-2025-002397,Liberty Care PPO,90834,F33.1,159.13,Denied,CO-50 Non-covered service - deemed not medically necessary,2025-07-28,Y,upheld,74,2025-07-14
CLM-2025-002398,Harbor State Medicaid,96130,F43.12,202.84,Paid,,,N,,21,2025-06-12
CLM-2025-002399,Harbor State Medicaid,90837,F32.1,197.25,Paid,,,N,,22,2025-05-01
CLM-2025-002400,Liberty Care PPO,90832,F31.30,116.58,Paid,,,N,,23,2025-06-19
CLM-2025-002401,Apex Medicare Advantage,90791,F43.12,336.76,Paid,,,N,,19,2025-05-23
CLM-2025-002402,Pinnacle Commercial Plan,96127,F32.1,30.3,Denied,CO-96 Non-covered charges,2025-07-06,N,not appealed,84,2025-06-22
CLM-2025-002403,Harbor State Medicaid,90853,F31.30,67.65,Paid,,,N,,16,2025-06-17
CLM-2025-002404,Apex Medicare Advantage,90853,F31.30,66.89,Paid,,,N,,18,2025-05-25
CLM-2025-002405,Summit Behavioral Health Plan,96127,F41.1,29.97,Paid,,,N,,13,2025-08-19
CLM-2025-002406,Pinnacle Commercial Plan,96127,F31.30,36.82,Denied,CO-96 Non-covered charges,2025-02-25,Y,overturned,92,2025-02-01
CLM-2025-002407,Harbor State Medicaid,96127,F41.1,30.18,Paid,,,N,,24,2025-03-18
CLM-2025-002408,Gateway Health Cooperative,90834,F32.1,135.71,Paid,,,N,,31,2025-08-05
CLM-2025-002409,Pinnacle Commercial Plan,90837,F43.12,188.51,Paid,,,N,,33,2025-03-02
CLM-2025-002410,Summit Behavioral Health Plan,90837,F31.30,199.05,Paid,,,N,,15,2025-06-26
CLM-2025-002411,Summit Behavioral Health Plan,90834,F31.30,150.14,Paid,,,N,,24,2025-03-12
CLM-2025-002412,Pinnacle Commercial Plan,90834,F43.12,145.54,Paid,,,N,,20,2025-05-21
CLM-2025-002413,Pinnacle Commercial Plan,90853,F33.1,77.97,Paid,,,N,,20,2025-03-27
CLM-2025-002414,Pinnacle Commercial Plan,90791,F31.30,333.97,Denied,CO-96 Non-covered charges,2025-02-24,N,not appealed,98,2025-02-10
CLM-2025-002415,Apex Medicare Advantage,96130,F41.1,236.84,Denied,CO-96 Non-covered charges,2025-04-13,N,not appealed,92,2025-03-15
CLM-2025-002416,Liberty Care PPO,90834,F32.1,134.3,Paid,,,N,,38,2025-02-13
CLM-2025-002417,Gateway Health Cooperative,90834,F41.1,143.51,Paid,,,N,,20,2025-09-04
CLM-2025-002418,Harbor State Medicaid,90834,F32.1,150.88,Paid,,,N,,24,2025-07-07
CLM-2025-002419,Summit Behavioral Health Plan,90792,F32.1,284.48,Denied,CO-50 Non-covered service - deemed not medically necessary,2025-01-21,Y,overturned,74,2025-01-09
CLM-2025-002420,Apex Medicare Advantage,90834,F32.1,122.72,Paid,,,N,,31,2025-05-16
CLM-2025-002421,Harbor State Medicaid,90837,F32.1,202.89,Paid,,,N,,23,2025-01-08
CLM-2025-002422,Liberty Care PPO,90834,F33.1,167.81,Paid,,,N,,25,2025-01-21
CLM-2025-002423,Pinnacle Commercial Plan,90832,F41.1,102.77,Paid,,,N,,34,2025-06-19
CLM-2025-002424,Apex Medicare Advantage,90791,F90.0,298.26,Paid,,,N,,31,2025-07-25
CLM-2025-002425,Gateway Health Cooperative,90792,F43.12,310.93,Paid,,,N,,17,2025-03-27
CLM-2025-002426,Summit Behavioral Health Plan,90792,F32.1,357.31,Paid,,,N,,24,2025-05-03
CLM-2025-002427,Harbor State Medicaid,90791,F33.1,331.74,Paid,,,N,,21,2025-09-04
CLM-2025-002428,Apex Medicare Advantage,90834,F32.1,124.47,Paid,,,N,,27,2025-08-25
CLM-2025-002429,Liberty Care PPO,96127,F33.1,30.85,Denied,PR-27 Expenses incurred after coverage terminated,2025-02-22,N,not appealed,84,2025-01-29
CLM-2025-002430,Pinnacle Commercial Plan,90837,F41.1,202.24,Denied,CO-96 Non-covered charges,2025-04-10,Y,upheld,97,2025-03-19
CLM-2025-002431,Summit Behavioral Health Plan,90837,F43.12,162.52,Paid,,,N,,29,2025-01-09
CLM-2025-002432,Pinnacle Commercial Plan,90834,F33.1,152.89,Denied,CO-96 Non-covered charges,2025-06-26,N,not appealed,85,2025-05-27
CLM-2025-002433,Summit Behavioral Health Plan,90837,F43.12,207.09,Paid,,,N,,29,2025-03-06
CLM-2025-002434,Apex Medicare Advantage,96127,F90.0,33.49,Paid,,,N,,29,2025-05-21
CLM-2025-002435,Pinnacle Commercial Plan,90791,F43.12,253.06,Denied,CO-96 Non-covered charges,2025-05-09,N,not appealed,84,2025-04-25
CLM-2025-002436,Summit Behavioral Health Plan,90834,F32.1,127.59,Paid,,,N,,23,2025-02-08
CLM-2025-002437,Liberty Care PPO,96130,F43.12,221.76,Paid,,,N,,30,2025-08-06
CLM-2025-002438,Summit Behavioral Health Plan,96130,F32.1,224.26,Paid,,,N,,30,2025-07-19
CLM-2025-002439,Liberty Care PPO,90791,F90.0,257.28,Denied,CO-50 Non-covered service - deemed not medically necessary,2025-04-23,Y,overturned,110,2025-04-08
CLM-2025-002440,Summit Behavioral Health Plan,90837,F90.0,189.3,Denied,CO-50 Non-covered service - deemed not medically necessary,2025-07-08,N,not appealed,91,2025-06-09
CLM-2025-002441,Apex Medicare Advantage,90832,F43.12,114.34,Paid,,,N,,27,2025-04-19
CLM-2025-002442,Summit Behavioral Health Plan,90792,F90.0,340.32,Paid,,,N,,14,2025-04-01
CLM-2025-002443,Liberty Care PPO,90853,F33.1,86.45,Paid,,,N,,26,2025-07-09
CLM-2025-002444,Harbor State Medicaid,90791,F31.30,305.36,Paid,,,N,,23,2025-03-22
CLM-2025-002445,Pinnacle Commercial Plan,90834,F41.1,166.77,Paid,,,N,,20,2025-01-06
CLM-2025-002446,Summit Behavioral Health Plan,96127,F32.1,32.45,Paid,,,N,,13,2025-07-06
CLM-2025-002447,Summit Behavioral Health Plan,90834,F33.1,175.52,Denied,CO-50 Non-covered service - deemed not medically necessary,2025-05-07,Y,pending,80,2025-04-20
CLM-2025-002448,Harbor State Medicaid,90834,F43.12,175.17,Paid,,,N,,24,2025-03-30
CLM-2025-002449,Pinnacle Commercial Plan,90791,F43.12,258.9,Paid,,,N,,32,2025-06-21
CLM-2025-002450,Summit Behavioral Health Plan,90837,F41.1,203.02,Denied,CO-97 Payment included in another service already adjudicated,2025-02-22,N,not appealed,84,2025-01-29
CLM-2025-002451,Harbor State Medicaid,90853,F90.0,71.19,Denied,CO-97 Payment included in another service already adjudicated,2025-02-20,N,not appealed,48,2025-01-22
CLM-2025-002452,Summit Behavioral Health Plan,90834,F43.12,178.48,Paid,,,N,,15,2025-02-20
CLM-2025-002453,Harbor State Medicaid,90837,F90.0,178.9,Paid,,,N,,10,2025-01-26
CLM-2025-002454,Gateway Health Cooperative,90832,F90.0,122.68,Paid,,,N,,18,2025-01-19
CLM-2025-002455,Summit Behavioral Health Plan,90791,F90.0,257.09,Paid,,,N,,12,2025-06-06
CLM-2025-002456,Summit Behavioral Health Plan,90834,F31.30,174.36,Paid,,,N,,30,2025-01-28
CLM-2025-002457,Pinnacle Commercial Plan,90834,F33.1,139.63,Paid,,,N,,20,2025-03-05
CLM-2025-002458,Pinnacle Commercial Plan,90834,F43.12,144.79,Denied,CO-16 Claim lacks information needed for adjudication,2025-06-24,Y,overturned,90,2025-06-01
CLM-2025-002459,Pinnacle Commercial Plan,90834,F43.12,163.96,Paid,,,N,,20,2025-07-28
CLM-2025-002460,Harbor State Medicaid,90832,F43.12,102.43,Paid,,,N,,22,2025-01-27
CLM-2025-002461,Gateway Health Cooperative,90791,F32.1,275.78,Paid,,,N,,31,2025-02-14
CLM-2025-002462,Gateway Health Cooperative,90834,F32.1,161.08,Paid,,,N,,20,2025-05-05
CLM-2025-002463,Harbor State Medicaid,90853,F90.0,81.85,Paid,,,N,,24,2025-03-12
CLM-2025-002464,Pinnacle Commercial Plan,90834,F90.0,175.1,Denied,CO-16 Claim lacks information needed for adjudication,2025-06-19,Y,upheld,88,2025-05-21
CLM-2025-002465,Summit Behavioral Health Plan,90834,F33.1,179.38,Paid,,,N,,29,2025-08-22
CLM-2025-002466,Apex Medicare Advantage,90834,F33.1,178.06,Paid,,,N,,23,2025-07-29
CLM-2025-002467,Liberty Care PPO,90791,F33.1,254.74,Paid,,,N,,32,2025-01-19
CLM-2025-002468,Harbor State Medicaid,90837,F90.0,183.61,Paid,,,N,,11,2025-06-13
CLM-2025-002469,Liberty Care PPO,90834,F41.1,132.36,Paid,,,N,,37,2025-07-11
CLM-2025-002470,Summit Behavioral Health Plan,96127,F33.1,38.53,Denied,CO-29 Timely filing - claim submitted past deadline,2025-02-23,N,not appealed,92,2025-02-02
CLM-2025-002471,Harbor State Medicaid,90791,F32.1,273.36,Paid,,,N,,18,2025-01-31
CLM-2025-002472,Harbor State Medicaid,90791,F32.1,348.63,Paid,,,N,,14,2025-02-11
CLM-2025-002473,Gateway Health Cooperative,90834,F31.30,143.34,Denied,CO-29 Timely filing - claim submitted past deadline,2025-07-28,N,not appealed,78,2025-07-04
CLM-2025-002474,Harbor State Medicaid,90834,F33.1,175.2,Paid,,,N,,20,2025-07-03
CLM-2025-002475,Summit Behavioral Health Plan,90791,F41.1,258.27,Paid,,,N,,22,2025-02-21
CLM-2025-002476,Pinnacle Commercial Plan,96127,F32.1,30.36,Denied,CO-96 Non-covered charges,2025-02-02,N,not appealed,104,2025-01-08
CLM-2025-002477,Harbor State Medicaid,90791,F41.1,261.1,Paid,,,N,,12,2025-08-14
CLM-2025-002478,Harbor State Medicaid,90834,F31.30,167.88,Paid,,,N,,17,2025-06-30
CLM-2025-002479,Gateway Health Cooperative,90837,F33.1,161.92,Paid,,,N,,29,2025-01-17
CLM-2025-002480,Summit Behavioral Health Plan,90834,F41.1,131.48,Paid,,,N,,13,2025-05-04
CLM-2025-002481,Harbor State Medicaid,90837,F33.1,195.39,Denied,CO-96 Non-covered charges,2025-07-03,Y,upheld,63,2025-06-19
CLM-2025-002482,Harbor State Medicaid,90837,F31.30,218.19,Paid,,,N,,24,2025-01-09
CLM-2025-002483,Apex Medicare Advantage,90791,F32.1,284.82,Paid,,,N,,15,2025-08-18
CLM-2025-002484,Apex Medicare Advantage,90837,F32.1,205.62,Paid,,,N,,17,2025-01-24
CLM-2025-002485,Harbor State Medicaid,96130,F43.12,206.94,Paid,,,N,,18,2025-06-12
CLM-2025-002486,Liberty Care PPO,90837,F33.1,174.62,Denied,CO-50 Non-covered service - deemed not medically necessary,2025-07-16,Y,overturned,67,2025-06-30
CLM-2025-002487,Summit Behavioral Health Plan,96130,F43.12,225.55,Paid,,,N,,24,2025-01-09
CLM-2025-002488,Apex Medicare Advantage,96130,F43.12,252.71,Denied,CO-97 Payment included in another service already adjudicated,2025-02-16,N,not appealed,57,2025-01-21
CLM-2025-002489,Pinnacle Commercial Plan,96127,F43.12,39.94,Paid,,,N,,20,2025-03-15
CLM-2025-002490,Gateway Health Cooperative,96130,F43.12,232.98,Paid,,,N,,32,2025-08-11
CLM-2025-002491,Gateway Health Cooperative,96130,F32.1,248.95,Paid,,,N,,28,2025-01-06
CLM-2025-002492,Liberty Care PPO,96127,F33.1,27.36,Denied,CO-97 Payment included in another service already adjudicated,2025-01-20,Y,overturned,89,2025-01-08
CLM-2025-002493,Liberty Care PPO,90791,F33.1,289.12,Paid,,,N,,26,2025-02-02
CLM-2025-002494,Summit Behavioral Health Plan,90791,F43.12,268.68,Paid,,,N,,19,2025-07-04
CLM-2025-002495,Pinnacle Commercial Plan,90834,F32.1,171.36,Paid,,,N,,17,2025-01-09
CLM-2025-002496,Apex Medicare Advantage,90837,F31.30,213.54,Paid,,,N,,14,2025-01-17
CLM-2025-002497,Gateway Health Cooperative,96130,F90.0,224.46,Paid,,,N,,14,2025-05-16
CLM-2025-002498,Summit Behavioral Health Plan,96127,F90.0,26.33,Denied,CO-50 Non-covered service - deemed not medically necessary,2025-05-11,Y,overturned,79,2025-04-29
CLM-2025-002499,Liberty Care PPO,96127,F43.12,33.44,Denied,CO-97 Payment included in another service already adjudicated,2025-05-18,Y,upheld,102,2025-05-01
CLM-2025-002500,Pinnacle Commercial Plan,90834,F41.1,143.71,Paid,,,N,,29,2025-09-07
CLM-2025-002501,Gateway Health Cooperative,96127,F31.30,36.96,Paid,,,N,,25,2025-02-11
CLM-2025-002502,Apex Medicare Advantage,90791,F90.0,296.19,Denied,CO-29 Timely filing - claim submitted past deadline,2025-09-02,N,not appealed,62,2025-08-21
CLM-2025-002503,Summit Behavioral Health Plan,90834,F31.30,129.73,Paid,,,N,,17,2025-07-17
CLM-2025-002504,Summit Behavioral Health Plan,90837,F31.30,170.09,Paid,,,N,,17,2025-07-28
CLM-2025-002505,Summit Behavioral Health Plan,96127,F32.1,32.87,Paid,,,N,,27,2025-05-19
CLM-2025-002506,Gateway Health Cooperative,90837,F90.0,193.93,Paid,,,N,,30,2025-02-02
CLM-2025-002507,Liberty Care PPO,90834,F43.12,139.94,Paid,,,N,,28,2025-01-26
CLM-2025-002508,Apex Medicare Advantage,90834,F41.1,178.37,Paid,,,N,,26,2025-07-05
CLM-2025-002509,Apex Medicare Advantage,90791,F33.1,255.03,Paid,,,N,,31,2025-08-28
CLM-2025-002510,Pinnacle Commercial Plan,90837,F32.1,211.48,Paid,,,N,,35,2025-05-26
CLM-2025-002511,Harbor State Medicaid,90834,F41.1,154.91,Paid,,,N,,15,2025-07-30
CLM-2025-002512,Harbor State Medicaid,90834,F32.1,123.21,Denied,CO-16 Claim lacks information needed for adjudication,2025-06-13,Y,pending,80,2025-05-17
CLM-2025-002513,Summit Behavioral Health Plan,90832,F41.1,95.1,Paid,,,N,,16,2025-02-09
CLM-2025-002514,Summit Behavioral Health Plan,90791,F33.1,277.87,Denied,CO-50 Non-covered service - deemed not medically necessary,2025-07-20,N,not appealed,54,2025-06-22
CLM-2025-002515,Liberty Care PPO,96130,F43.12,208.79,Denied,CO-50 Non-covered service - deemed not medically necessary,2025-07-22,N,not appealed,65,2025-07-06
CLM-2025-002516,Summit Behavioral Health Plan,90837,F33.1,218.72,Paid,,,N,,16,2025-09-02
CLM-2025-002517,Summit Behavioral Health Plan,90791,F90.0,321.69,Paid,,,N,,16,2025-04-07
CLM-2025-002518,Gateway Health Cooperative,90791,F41.1,287.29,Paid,,,N,,18,2025-01-16
CLM-2025-002519,Apex Medicare Advantage,90834,F90.0,173.18,Paid,,,N,,14,2025-03-11
CLM-2025-002520,Gateway Health Cooperative,90853,F43.12,70.33,Paid,,,N,,28,2025-03-06
CLM-2025-002521,Liberty Care PPO,90834,F32.1,174.19,Paid,,,N,,22,2025-06-11
CLM-2025-002522,Pinnacle Commercial Plan,90837,F43.12,199.11,Paid,,,N,,18,2025-01-28
CLM-2025-002523,Apex Medicare Advantage,90834,F41.1,156.49,Paid,,,N,,30,2025-06-04
CLM-2025-002524,Summit Behavioral Health Plan,96130,F41.1,182.33,Paid,,,N,,29,2025-08-09
CLM-2025-002525,Pinnacle Commercial Plan,90791,F41.1,288.71,Paid,,,N,,22,2025-02-13
CLM-2025-002526,Harbor State Medicaid,90834,F32.1,120.84,Paid,,,N,,24,2025-04-09
CLM-2025-002527,Liberty Care PPO,96127,F90.0,37.62,Paid,,,N,,19,2025-05-03
CLM-2025-002528,Liberty Care PPO,90837,F32.1,215.79,Denied,CO-50 Non-covered service - deemed not medically necessary,2025-06-25,Y,pending,102,2025-06-01
CLM-2025-002529,Liberty Care PPO,90853,F31.30,67.64,Paid,,,N,,31,2025-01-15
CLM-2025-002530,Liberty Care PPO,90792,F41.1,310.62,Denied,CO-50 Non-covered service - deemed not medically necessary,2025-07-20,Y,upheld,75,2025-07-08
CLM-2025-002531,Liberty Care PPO,90791,F41.1,266.89,Paid,,,N,,21,2025-04-27
CLM-2025-002532,Summit Behavioral Health Plan,96130,F90.0,200.46,Denied,CO-16 Claim lacks information needed for adjudication,2025-07-17,N,not appealed,85,2025-06-25
CLM-2025-002533,Gateway Health Cooperative,90832,F31.30,96.05,Paid,,,N,,34,2025-05-17
CLM-2025-002534,Pinnacle Commercial Plan,90791,F43.12,323.5,Paid,,,N,,19,2025-09-06
CLM-2025-002535,Gateway Health Cooperative,96127,F41.1,27.21,Paid,,,N,,16,2025-07-10
CLM-2025-002536,Gateway Health Cooperative,90834,F41.1,142.82,Paid,,,N,,21,2025-02-26
CLM-2025-002537,Pinnacle Commercial Plan,90837,F33.1,217.74,Paid,,,N,,21,2025-09-05
CLM-2025-002538,Pinnacle Commercial Plan,90837,F41.1,181.88,Denied,CO-109 Claim not covered by this payer/contractor,2025-03-17,N,not appealed,75,2025-03-04
CLM-2025-002539,Summit Behavioral Health Plan,90837,F31.30,181.95,Paid,,,N,,12,2025-05-21
CLM-2025-002540,Liberty Care PPO,90837,F90.0,182.19,Paid,,,N,,40,2025-07-24
CLM-2025-002541,Apex Medicare Advantage,90832,F90.0,103.23,Paid,,,N,,22,2025-04-18
CLM-2025-002542,Gateway Health Cooperative,96130,F33.1,253.29,Denied,CO-197 Precertification/authorization absent,2025-09-30,Y,overturned,72,2025-09-05
CLM-2025-002543,Liberty Care PPO,96127,F43.12,33.92,Paid,,,N,,20,2025-04-13
CLM-2025-002544,Liberty Care PPO,96127,F41.1,26.9,Denied,CO-50 Non-covered service - deemed not medically necessary,2025-04-15,Y,upheld,104,2025-04-03
CLM-2025-002545,Harbor State Medicaid,90834,F33.1,125.25,Paid,,,N,,19,2025-02-22
CLM-2025-002546,Summit Behavioral Health Plan,90853,F90.0,71.14,Paid,,,N,,26,2025-04-17
CLM-2025-002547,Summit Behavioral Health Plan,96127,F90.0,28.59,Paid,,,N,,16,2025-08-16
CLM-2025-002548,Summit Behavioral Health Plan,90853,F32.1,77.66,Denied,CO-50 Non-covered service - deemed not medically necessary,2025-04-05,Y,overturned,66,2025-03-15
CLM-2025-002549,Gateway Health Cooperative,90834,F41.1,134.87,Paid,,,N,,17,2025-09-03
CLM-2025-002550,Liberty Care PPO,90834,F31.30,138.54,Denied,CO-97 Payment included in another service already adjudicated,2025-08-20,N,not appealed,94,2025-08-01
CLM-2025-002551,Summit Behavioral Health Plan,96130,F32.1,234.45,Paid,,,N,,15,2025-01-13
CLM-2025-002552,Apex Medicare Advantage,90834,F41.1,141.38,Paid,,,N,,16,2025-02-11
CLM-2025-002553,Liberty Care PPO,90834,F43.12,125.54,Denied,CO-50 Non-covered service - deemed not medically necessary,2025-04-07,N,not appealed,76,2025-03-18
CLM-2025-002554,Liberty Care PPO,96127,F33.1,36.96,Paid,,,N,,38,2025-03-15
CLM-2025-002555,Pinnacle Commercial Plan,90834,F41.1,126.75,Paid,,,N,,36,2025-06-19
CLM-2025-002556,Harbor State Medicaid,90837,F90.0,201.49,Paid,,,N,,21,2025-07-28
CLM-2025-002557,Pinnacle Commercial Plan,90832,F90.0,107.79,Paid,,,N,,28,2025-02-08
CLM-2025-002558,Gateway Health Cooperative,90834,F32.1,131.7,Paid,,,N,,15,2025-02-03
CLM-2025-002559,Gateway Health Cooperative,90791,F31.30,326.32,Paid,,,N,,28,2025-04-07
CLM-2025-002560,Harbor State Medicaid,90791,F33.1,342.76,Paid,,,N,,20,2025-03-30
CLM-2025-002561,Harbor State Medicaid,90791,F90.0,342.08,Paid,,,N,,21,2025-08-13
CLM-2025-002562,Summit Behavioral Health Plan,90834,F31.30,139.19,Paid,,,N,,15,2025-08-10
CLM-2025-002563,Liberty Care PPO,90837,F43.12,173.6,Paid,,,N,,24,2025-07-02
CLM-2025-002564,Pinnacle Commercial Plan,90834,F32.1,157.65,Paid,,,N,,17,2025-05-12
CLM-2025-002565,Summit Behavioral Health Plan,90792,F33.1,342.24,Denied,CO-16 Claim lacks information needed for adjudication,2025-07-23,N,not appealed,51,2025-07-06
CLM-2025-002566,Apex Medicare Advantage,90792,F90.0,352.63,Paid,,,N,,18,2025-07-25
CLM-2025-002567,Gateway Health Cooperative,96130,F31.30,208.18,Denied,CO-96 Non-covered charges,2025-07-16,Y,upheld,83,2025-06-29
CLM-2025-002568,Summit Behavioral Health Plan,90837,F43.12,213.62,Denied,CO-96 Non-covered charges,2025-07-07,N,not appealed,64,2025-06-10
CLM-2025-002569,Pinnacle Commercial Plan,90832,F90.0,99.07,Paid,,,N,,17,2025-01-28
CLM-2025-002570,Apex Medicare Advantage,90791,F90.0,254.9,Paid,,,N,,26,2025-01-17
CLM-2025-002571,Apex Medicare Advantage,90853,F43.12,63.62,Denied,PR-27 Expenses incurred after coverage terminated,2025-08-24,Y,pending,62,2025-07-31
CLM-2025-002572,Summit Behavioral Health Plan,90791,F43.12,314.48,Paid,,,N,,29,2025-03-03
CLM-2025-002573,Gateway Health Cooperative,90837,F32.1,170.97,Paid,,,N,,34,2025-09-09
CLM-2025-002574,Liberty Care PPO,90837,F33.1,175.73,Denied,CO-50 Non-covered service - deemed not medically necessary,2025-08-11,Y,upheld,73,2025-07-24
CLM-2025-002575,Summit Behavioral Health Plan,96130,F31.30,257.13,Denied,CO-50 Non-covered service - deemed not medically necessary,2025-03-14,Y,pending,88,2025-02-14
CLM-2025-002576,Liberty Care PPO,96130,F31.30,207.69,Paid,,,N,,22,2025-08-13
CLM-2025-002577,Gateway Health Cooperative,90837,F41.1,201.12,Paid,,,N,,25,2025-02-20
CLM-2025-002578,Liberty Care PPO,90834,F43.12,169.26,Denied,CO-18 Duplicate claim/service,2025-04-26,Y,upheld,95,2025-04-02
CLM-2025-002579,Pinnacle Commercial Plan,90832,F32.1,124.2,Denied,CO-96 Non-covered charges,2025-06-18,Y,upheld,60,2025-05-22
CLM-2025-002580,Apex Medicare Advantage,90834,F33.1,171.41,Denied,CO-18 Duplicate claim/service,2025-08-07,Y,upheld,69,2025-07-22
CLM-2025-002581,Pinnacle Commercial Plan,90792,F43.12,346.11,Denied,CO-96 Non-covered charges,2025-08-24,N,not appealed,90,2025-07-25
CLM-2025-002582,Gateway Health Cooperative,90834,F33.1,138.83,Paid,,,N,,25,2025-07-27
CLM-2025-002583,Liberty Care PPO,90834,F31.30,167.96,Denied,CO-50 Non-covered service - deemed not medically necessary,2025-07-13,Y,upheld,108,2025-06-23
CLM-2025-002584,Liberty Care PPO,90834,F31.30,121.01,Paid,,,N,,30,2025-01-29
CLM-2025-002585,Apex Medicare Advantage,90832,F43.12,102.84,Paid,,,N,,19,2025-05-13
CLM-2025-002586,Summit Behavioral Health Plan,90853,F32.1,84.34,Denied,CO-197 Precertification/authorization absent,2025-03-23,Y,upheld,81,2025-03-11
CLM-2025-002587,Summit Behavioral Health Plan,90837,F33.1,165.39,Paid,,,N,,30,2025-01-24
CLM-2025-002588,Summit Behavioral Health Plan,90837,F43.12,214.36,Paid,,,N,,30,2025-04-19
CLM-2025-002589,Gateway Health Cooperative,90834,F43.12,153.98,Denied,CO-50 Non-covered service - deemed not medically necessary,2025-06-03,N,not appealed,69,2025-05-07
CLM-2025-002590,Summit Behavioral Health Plan,90837,F41.1,206.23,Paid,,,N,,12,2025-04-28
CLM-2025-002591,Apex Medicare Advantage,90834,F43.12,154.61,Paid,,,N,,31,2025-05-22
CLM-2025-002592,Liberty Care PPO,90832,F41.1,115.5,Paid,,,N,,36,2025-09-03
CLM-2025-002593,Harbor State Medicaid,90837,F32.1,178.53,Denied,CO-16 Claim lacks information needed for adjudication,2025-07-01,Y,pending,77,2025-06-09
CLM-2025-002594,Gateway Health Cooperative,90853,F41.1,79.11,Denied,CO-50 Non-covered service - deemed not medically necessary,2025-03-21,N,not appealed,77,2025-03-06
CLM-2025-002595,Pinnacle Commercial Plan,90853,F90.0,74.59,Paid,,,N,,34,2025-03-16
CLM-2025-002596,Gateway Health Cooperative,90853,F32.1,68.52,Denied,CO-50 Non-covered service - deemed not medically necessary,2025-08-05,Y,overturned,89,2025-07-07
CLM-2025-002597,Gateway Health Cooperative,90834,F43.12,144.05,Paid,,,N,,23,2025-04-30
CLM-2025-002598,Pinnacle Commercial Plan,90791,F90.0,331.62,Denied,CO-18 Duplicate claim/service,2025-09-03,Y,overturned,61,2025-08-21
CLM-2025-002599,Liberty Care PPO,90834,F90.0,161.94,Denied,CO-29 Timely filing - claim submitted past deadline,2025-03-17,Y,upheld,94,2025-02-25
CLM-2025-002600,Liberty Care PPO,90791,F31.30,313.5,Denied,CO-18 Duplicate claim/service,2025-04-26,Y,pending,88,2025-04-07
CLM-2025-002601,Apex Medicare Advantage,90837,F33.1,170.75,Denied,CO-50 Non-covered service - deemed not medically necessary,2025-02-28,N,not appealed,82,2025-02-03
CLM-2025-002602,Liberty Care PPO,96130,F43.12,248.27,Paid,,,N,,37,2025-03-21
CLM-2025-002603,Pinnacle Commercial Plan,96127,F43.12,36.45,Denied,CO-96 Non-covered charges,2025-05-07,Y,overturned,79,2025-04-16
CLM-2025-002604,Harbor State Medicaid,90837,F33.1,212.48,Paid,,,N,,21,2025-07-15
CLM-2025-002605,Summit Behavioral Health Plan,90791,F43.12,339.67,Paid,,,N,,30,2025-02-06
CLM-2025-002606,Summit Behavioral Health Plan,90837,F33.1,210.03,Paid,,,N,,21,2025-03-17
CLM-2025-002607,Summit Behavioral Health Plan,96127,F33.1,38.16,Paid,,,N,,29,2025-01-10
CLM-2025-002608,Summit Behavioral Health Plan,90832,F43.12,113.73,Denied,CO-16 Claim lacks information needed for adjudication,2025-05-11,N,not appealed,92,2025-04-23
CLM-2025-002609,Pinnacle Commercial Plan,90837,F43.12,212.94,Paid,,,N,,19,2025-08-13
CLM-2025-002610,Summit Behavioral Health Plan,90791,F43.12,250.8,Denied,CO-29 Timely filing - claim submitted past deadline,2025-05-15,N,not appealed,52,2025-04-30
CLM-2025-002611,Apex Medicare Advantage,90834,F33.1,171.1,Paid,,,N,,27,2025-02-24
CLM-2025-002612,Liberty Care PPO,90834,F41.1,155.14,Denied,CO-50 Non-covered service - deemed not medically necessary,2025-02-04,Y,upheld,89,2025-01-15
CLM-2025-002613,Harbor State Medicaid,90792,F43.12,341.09,Paid,,,N,,12,2025-01-19
CLM-2025-002614,Pinnacle Commercial Plan,96127,F32.1,26.6,Paid,,,N,,30,2025-02-27
CLM-2025-002615,Liberty Care PPO,90834,F31.30,141.37,Denied,CO-50 Non-covered service - deemed not medically necessary,2025-06-29,N,not appealed,95,2025-06-07
CLM-2025-002616,Harbor State Medicaid,90834,F32.1,145.81,Paid,,,N,,13,2025-08-30
CLM-2025-002617,Harbor State Medicaid,90832,F33.1,104.42,Paid,,,N,,15,2025-02-23
CLM-2025-002618,Liberty Care PPO,90832,F43.12,92.9,Denied,PR-27 Expenses incurred after coverage terminated,2025-06-16,N,not appealed,77,2025-05-26
CLM-2025-002619,Pinnacle Commercial Plan,90792,F41.1,347.07,Paid,,,N,,22,2025-01-14
CLM-2025-002620,Liberty Care PPO,90832,F41.1,100.6,Denied,CO-50 Non-covered service - deemed not medically necessary,2025-07-18,N,not appealed,91,2025-06-22
CLM-2025-002621,Apex Medicare Advantage,90837,F90.0,208.06,Paid,,,N,,14,2025-07-25
CLM-2025-002622,Summit Behavioral Health Plan,90853,F31.30,89.66,Paid,,,N,,16,2025-03-27
CLM-2025-002623,Apex Medicare Advantage,90832,F32.1,120.13,Paid,,,N,,16,2025-02-14
CLM-2025-002624,Gateway Health Cooperative,96130,F33.1,215.05,Paid,,,N,,20,2025-01-22
CLM-2025-002625,Harbor State Medicaid,90834,F32.1,170.49,Paid,,,N,,22,2025-02-14
CLM-2025-002626,Pinnacle Commercial Plan,90834,F41.1,122.82,Paid,,,N,,24,2025-08-02
CLM-2025-002627,Liberty Care PPO,90834,F33.1,146.91,Paid,,,N,,23,2025-07-11
CLM-2025-002628,Summit Behavioral Health Plan,90791,F43.12,349.4,Denied,CO-50 Non-covered service - deemed not medically necessary,2025-08-13,Y,overturned,56,2025-07-28
CLM-2025-002629,Summit Behavioral Health Plan,96127,F41.1,28.45,Denied,CO-97 Payment included in another service already adjudicated,2025-03-11,N,not appealed,57,2025-02-25
CLM-2025-002630,Gateway Health Cooperative,90834,F32.1,147.38,Paid,,,N,,18,2025-04-28
CLM-2025-002631,Pinnacle Commercial Plan,90837,F33.1,180.84,Paid,,,N,,17,2025-03-10
CLM-2025-002632,Summit Behavioral Health Plan,90837,F32.1,172.64,Paid,,,N,,19,2025-09-04
CLM-2025-002633,Gateway Health Cooperative,90834,F90.0,135.5,Denied,CO-96 Non-covered charges,2025-03-06,Y,overturned,84,2025-02-18
CLM-2025-002634,Summit Behavioral Health Plan,96130,F31.30,226.52,Paid,,,N,,12,2025-07-29
CLM-2025-002635,Summit Behavioral Health Plan,90837,F31.30,217.46,Denied,CO-50 Non-covered service - deemed not medically necessary,2025-08-21,Y,upheld,76,2025-07-29
CLM-2025-002636,Harbor State Medicaid,90832,F90.0,125.32,Paid,,,N,,11,2025-07-11
CLM-2025-002637,Pinnacle Commercial Plan,90834,F90.0,158.16,Paid,,,N,,29,2025-03-29
CLM-2025-002638,Summit Behavioral Health Plan,90853,F41.1,78.02,Denied,CO-97 Payment included in another service already adjudicated,2025-09-28,Y,upheld,78,2025-08-30
CLM-2025-002639,Summit Behavioral Health Plan,90837,F33.1,197.74,Paid,,,N,,14,2025-05-15
CLM-2025-002640,Summit Behavioral Health Plan,90834,F43.12,122.41,Paid,,,N,,24,2025-07-25
CLM-2025-002641,Liberty Care PPO,90834,F43.12,162.76,Paid,,,N,,25,2025-07-10
CLM-2025-002642,Apex Medicare Advantage,90837,F32.1,187.08,Paid,,,N,,18,2025-07-28
CLM-2025-002643,Summit Behavioral Health Plan,96130,F90.0,189.54,Paid,,,N,,19,2025-09-10
CLM-2025-002644,Gateway Health Cooperative,96130,F31.30,224.22,Denied,CO-109 Claim not covered by this payer/contractor,2025-06-26,Y,pending,86,2025-06-12
CLM-2025-002645,Liberty Care PPO,90791,F41.1,312.93,Denied,CO-50 Non-covered service - deemed not medically necessary,2025-06-28,N,not appealed,76,2025-06-08
CLM-2025-002646,Apex Medicare Advantage,90837,F32.1,213.84,Denied,CO-50 Non-covered service - deemed not medically necessary,2025-06-08,N,not appealed,71,2025-05-12
CLM-2025-002647,Summit Behavioral Health Plan,90834,F32.1,130.91,Paid,,,N,,16,2025-04-08
CLM-2025-002648,Summit Behavioral Health Plan,90834,F33.1,142.61,Paid,,,N,,30,2025-06-30
CLM-2025-002649,Pinnacle Commercial Plan,90834,F41.1,177.49,Paid,,,N,,33,2025-07-14
CLM-2025-002650,Pinnacle Commercial Plan,90832,F33.1,101.6,Paid,,,N,,16,2025-04-29
CLM-2025-002651,Liberty Care PPO,96127,F43.12,32.49,Paid,,,N,,18,2025-06-03
CLM-2025-002652,Summit Behavioral Health Plan,90791,F33.1,266.62,Paid,,,N,,28,2025-06-12
CLM-2025-002653,Gateway Health Cooperative,90791,F33.1,326.61,Paid,,,N,,28,2025-02-23
CLM-2025-002654,Apex Medicare Advantage,90837,F90.0,214.23,Paid,,,N,,20,2025-04-25
CLM-2025-002655,Summit Behavioral Health Plan,96127,F90.0,36.12,Denied,CO-97 Payment included in another service already adjudicated,2025-04-02,Y,overturned,60,2025-03-06
CLM-2025-002656,Harbor State Medicaid,90834,F32.1,121.05,Paid,,,N,,18,2025-08-20
CLM-2025-002657,Summit Behavioral Health Plan,90853,F31.30,64.01,Paid,,,N,,17,2025-04-10
CLM-2025-002658,Summit Behavioral Health Plan,90832,F90.0,92.85,Denied,CO-18 Duplicate claim/service,2025-03-24,N,not appealed,94,2025-03-02
CLM-2025-002659,Apex Medicare Advantage,90832,F31.30,99.77,Paid,,,N,,27,2025-07-09
CLM-2025-002660,Summit Behavioral Health Plan,90837,F41.1,177.8,Paid,,,N,,14,2025-01-16
CLM-2025-002661,Liberty Care PPO,90832,F31.30,110.57,Paid,,,N,,21,2025-06-26
CLM-2025-002662,Summit Behavioral Health Plan,90837,F43.12,173.38,Paid,,,N,,13,2025-07-19
CLM-2025-002663,Summit Behavioral Health Plan,90834,F31.30,171.06,Denied,CO-16 Claim lacks information needed for adjudication,2025-08-27,Y,overturned,61,2025-08-13
CLM-2025-002664,Pinnacle Commercial Plan,90834,F31.30,137.76,Paid,,,N,,27,2025-08-27
CLM-2025-002665,Apex Medicare Advantage,96127,F43.12,33.15,Paid,,,N,,23,2025-05-13
CLM-2025-002666,Pinnacle Commercial Plan,90791,F43.12,308.28,Denied,CO-96 Non-covered charges,2025-04-23,Y,overturned,68,2025-03-30
CLM-2025-002667,Pinnacle Commercial Plan,90837,F90.0,162.55,Paid,,,N,,32,2025-02-20
CLM-2025-002668,Harbor State Medicaid,90834,F90.0,158.3,Paid,,,N,,18,2025-03-09
CLM-2025-002669,Liberty Care PPO,90837,F90.0,183.26,Paid,,,N,,30,2025-03-19
CLM-2025-002670,Gateway Health Cooperative,90853,F90.0,63.56,Denied,CO-96 Non-covered charges,2025-07-27,Y,pending,82,2025-07-10
CLM-2025-002671,Pinnacle Commercial Plan,90792,F32.1,299.33,Paid,,,N,,17,2025-03-25
CLM-2025-002672,Liberty Care PPO,90837,F32.1,191.91,Paid,,,N,,34,2025-03-19
CLM-2025-002673,Harbor State Medicaid,90834,F32.1,171.71,Paid,,,N,,19,2025-01-29
CLM-2025-002674,Liberty Care PPO,90853,F43.12,72.19,Paid,,,N,,26,2025-06-07
CLM-2025-002675,Apex Medicare Advantage,90834,F43.12,159.1,Paid,,,N,,31,2025-07-03
CLM-2025-002676,Summit Behavioral Health Plan,90832,F90.0,107.28,Paid,,,N,,17,2025-01-11
CLM-2025-002677,Gateway Health Cooperative,90791,F41.1,284.78,Denied,CO-96 Non-covered charges,2025-08-14,Y,upheld,55,2025-07-16
CLM-2025-002678,Liberty Care PPO,90791,F33.1,330.96,Paid,,,N,,25,2025-03-09
CLM-2025-002679,Apex Medicare Advantage,90791,F31.30,285.53,Paid,,,N,,19,2025-02-16
CLM-2025-002680,Gateway Health Cooperative,90834,F32.1,156.69,Paid,,,N,,27,2025-05-01
CLM-2025-002681,Summit Behavioral Health Plan,90834,F41.1,146.17,Denied,PR-27 Expenses incurred after coverage terminated,2025-08-31,N,not appealed,82,2025-08-13
CLM-2025-002682,Apex Medicare Advantage,90834,F41.1,167.38,Paid,,,N,,27,2025-03-01
CLM-2025-002683,Harbor State Medicaid,90791,F32.1,283.62,Paid,,,N,,18,2025-08-20
CLM-2025-002684,Harbor State Medicaid,90837,F41.1,206.08,Paid,,,N,,13,2025-04-17
CLM-2025-002685,Liberty Care PPO,90834,F32.1,166.62,Denied,CO-50 Non-covered service - deemed not medically necessary,2025-10-10,N,not appealed,77,2025-09-12
CLM-2025-002686,Harbor State Medicaid,90837,F31.30,169.14,Paid,,,N,,21,2025-05-24
CLM-2025-002687,Harbor State Medicaid,90834,F31.30,131.21,Paid,,,N,,11,2025-06-08
CLM-2025-002688,Apex Medicare Advantage,90834,F31.30,176.27,Paid,,,N,,26,2025-09-03
CLM-2025-002689,Harbor State Medicaid,90834,F31.30,143.14,Paid,,,N,,20,2025-01-17
CLM-2025-002690,Gateway Health Cooperative,90853,F31.30,65.01,Paid,,,N,,30,2025-08-24
CLM-2025-002691,Summit Behavioral Health Plan,90837,F32.1,175.98,Denied,CO-18 Duplicate claim/service,2025-07-09,Y,upheld,94,2025-06-14
CLM-2025-002692,Summit Behavioral Health Plan,96130,F43.12,213.52,Denied,CO-29 Timely filing - claim submitted past deadline,2025-07-12,N,not appealed,61,2025-06-19
CLM-2025-002693,Gateway Health Cooperative,90791,F31.30,321.62,Paid,,,N,,26,2025-02-13
CLM-2025-002694,Liberty Care PPO,96130,F90.0,211.94,Denied,CO-16 Claim lacks information needed for adjudication,2025-08-19,N,not appealed,73,2025-07-20
CLM-2025-002695,Liberty Care PPO,90832,F43.12,114.67,Paid,,,N,,23,2025-05-30
CLM-2025-002696,Liberty Care PPO,90832,F90.0,100.91,Paid,,,N,,32,2025-06-15
CLM-2025-002697,Gateway Health Cooperative,96127,F43.12,33.69,Paid,,,N,,34,2025-01-11
CLM-2025-002698,Apex Medicare Advantage,90853,F43.12,72.36,Denied,CO-97 Payment included in another service already adjudicated,2025-04-17,N,not appealed,90,2025-03-24
CLM-2025-002699,Summit Behavioral Health Plan,90853,F31.30,73.72,Paid,,,N,,29,2025-06-29
CLM-2025-002700,Liberty Care PPO,90837,F90.0,194.26,Denied,CO-50 Non-covered service - deemed not medically necessary,2025-04-14,Y,upheld,97,2025-03-17
CLM-2025-002701,Pinnacle Commercial Plan,90791,F33.1,296.2,Paid,,,N,,36,2025-08-08
CLM-2025-002702,Liberty Care PPO,90834,F43.12,154.89,Paid,,,N,,27,2025-02-02
CLM-2025-002703,Pinnacle Commercial Plan,90834,F33.1,135.91,Paid,,,N,,21,2025-01-08
CLM-2025-002704,Gateway Health Cooperative,90834,F32.1,143.67,Paid,,,N,,17,2025-03-30
CLM-2025-002705,Pinnacle Commercial Plan,96130,F41.1,193.12,Denied,CO-96 Non-covered charges,2025-10-03,Y,overturned,63,2025-09-09
CLM-2025-002706,Summit Behavioral Health Plan,90834,F33.1,136.23,Paid,,,N,,19,2025-04-07
CLM-2025-002707,Summit Behavioral Health Plan,96127,F41.1,33.6,Paid,,,N,,13,2025-08-17
CLM-2025-002708,Liberty Care PPO,90834,F43.12,168.89,Paid,,,N,,33,2025-03-07
CLM-2025-002709,Summit Behavioral Health Plan,96127,F43.12,39.92,Paid,,,N,,19,2025-04-04
CLM-2025-002710,Summit Behavioral Health Plan,96127,F33.1,31.71,Denied,CO-50 Non-covered service - deemed not medically necessary,2025-09-10,N,not appealed,74,2025-08-28
CLM-2025-002711,Gateway Health Cooperative,90834,F43.12,155.53,Paid,,,N,,14,2025-04-07
CLM-2025-002712,Harbor State Medicaid,96130,F32.1,210.99,Paid,,,N,,19,2025-05-28
CLM-2025-002713,Summit Behavioral Health Plan,90834,F33.1,152.48,Paid,,,N,,13,2025-04-26
CLM-2025-002714,Apex Medicare Advantage,90834,F32.1,163.26,Denied,CO-97 Payment included in another service already adjudicated,2025-07-17,N,not appealed,57,2025-06-22
CLM-2025-002715,Summit Behavioral Health Plan,90837,F33.1,172.24,Paid,,,N,,13,2025-08-21
CLM-2025-002716,Summit Behavioral Health Plan,96127,F33.1,29.55,Paid,,,N,,13,2025-02-08
CLM-2025-002717,Liberty Care PPO,90832,F90.0,103.72,Paid,,,N,,30,2025-05-29
CLM-2025-002718,Pinnacle Commercial Plan,90834,F32.1,138.05,Denied,CO-29 Timely filing - claim submitted past deadline,2025-04-27,Y,overturned,98,2025-04-12
CLM-2025-002719,Liberty Care PPO,90834,F90.0,138.93,Denied,CO-109 Claim not covered by this payer/contractor,2025-08-07,Y,pending,80,2025-07-21
CLM-2025-002720,Summit Behavioral Health Plan,90837,F90.0,199.59,Denied,CO-97 Payment included in another service already adjudicated,2025-08-24,N,not appealed,69,2025-07-28
CLM-2025-002721,Apex Medicare Advantage,90837,F43.12,179.54,Paid,,,N,,24,2025-03-04
CLM-2025-002722,Summit Behavioral Health Plan,96127,F43.12,37.27,Paid,,,N,,27,2025-03-04
CLM-2025-002723,Pinnacle Commercial Plan,96130,F31.30,203.0,Denied,CO-96 Non-covered charges,2025-04-22,N,not appealed,98,2025-04-05
CLM-2025-002724,Summit Behavioral Health Plan,90837,F31.30,183.66,Paid,,,N,,14,2025-02-22
CLM-2025-002725,Harbor State Medicaid,90853,F31.30,67.1,Paid,,,N,,17,2025-02-11
CLM-2025-002726,Apex Medicare Advantage,90834,F31.30,136.24,Paid,,,N,,25,2025-05-25
CLM-2025-002727,Apex Medicare Advantage,90837,F33.1,179.27,Paid,,,N,,23,2025-02-18
CLM-2025-002728,Summit Behavioral Health Plan,96127,F33.1,27.1,Paid,,,N,,28,2025-01-31
CLM-2025-002729,Liberty Care PPO,90834,F32.1,125.04,Denied,CO-50 Non-covered service - deemed not medically necessary,2025-02-02,Y,upheld,81,2025-01-20
CLM-2025-002730,Liberty Care PPO,90834,F33.1,148.3,Denied,CO-29 Timely filing - claim submitted past deadline,2025-07-09,Y,overturned,83,2025-06-18
CLM-2025-002731,Summit Behavioral Health Plan,90853,F33.1,73.84,Paid,,,N,,30,2025-06-03
CLM-2025-002732,Liberty Care PPO,90832,F43.12,123.9,Denied,CO-50 Non-covered service - deemed not medically necessary,2025-03-27,Y,overturned,72,2025-02-27
CLM-2025-002733,Apex Medicare Advantage,90834,F32.1,172.43,Paid,,,N,,30,2025-07-01
CLM-2025-002734,Harbor State Medicaid,96130,F32.1,214.17,Paid,,,N,,18,2025-05-17
CLM-2025-002735,Pinnacle Commercial Plan,90853,F33.1,76.7,Denied,CO-97 Payment included in another service already adjudicated,2025-08-15,Y,upheld,87,2025-07-28
CLM-2025-002736,Summit Behavioral Health Plan,90837,F32.1,178.81,Paid,,,N,,25,2025-04-29
CLM-2025-002737,Liberty Care PPO,90837,F31.30,215.59,Denied,CO-50 Non-covered service - deemed not medically necessary,2025-04-01,Y,overturned,71,2025-03-04
CLM-2025-002738,Liberty Care PPO,90837,F33.1,171.28,Denied,CO-50 Non-covered service - deemed not medically necessary,2025-08-30,N,not appealed,93,2025-08-16
CLM-2025-002739,Gateway Health Cooperative,96127,F90.0,33.89,Paid,,,N,,23,2025-06-05
CLM-2025-002740,Summit Behavioral Health Plan,90853,F43.12,64.1,Denied,CO-97 Payment included in another service already adjudicated,2025-06-27,Y,upheld,53,2025-06-02
CLM-2025-002741,Apex Medicare Advantage,90834,F31.30,167.42,Denied,CO-18 Duplicate claim/service,2025-02-13,Y,overturned,56,2025-01-15
CLM-2025-002742,Apex Medicare Advantage,90832,F31.30,127.24,Denied,CO-16 Claim lacks information needed for adjudication,2025-05-02,N,not appealed,97,2025-04-03
CLM-2025-002743,Apex Medicare Advantage,96127,F33.1,27.55,Paid,,,N,,30,2025-04-15
CLM-2025-002744,Pinnacle Commercial Plan,90832,F31.30,120.04,Paid,,,N,,34,2025-06-12
CLM-2025-002745,Liberty Care PPO,90792,F33.1,371.08,Paid,,,N,,33,2025-08-04
CLM-2025-002746,Liberty Care PPO,90837,F43.12,180.91,Paid,,,N,,21,2025-02-07
CLM-2025-002747,Pinnacle Commercial Plan,90791,F90.0,264.35,Paid,,,N,,33,2025-07-15
CLM-2025-002748,Apex Medicare Advantage,96127,F32.1,37.69,Denied,CO-18 Duplicate claim/service,2025-08-21,N,not appealed,83,2025-08-03
CLM-2025-002749,Pinnacle Commercial Plan,90834,F43.12,175.57,Denied,CO-197 Precertification/authorization absent,2025-06-12,N,not appealed,77,2025-05-21
CLM-2025-002750,Pinnacle Commercial Plan,90832,F41.1,109.85,Paid,,,N,,32,2025-05-19
CLM-2025-002751,Summit Behavioral Health Plan,90792,F32.1,301.76,Paid,,,N,,22,2025-02-28
CLM-2025-002752,Gateway Health Cooperative,96127,F32.1,26.71,Denied,OA-23 Impact of prior payer adjudication,2025-06-29,N,not appealed,60,2025-06-02
CLM-2025-002753,Summit Behavioral Health Plan,96127,F32.1,33.65,Paid,,,N,,30,2025-07-13
CLM-2025-002754,Gateway Health Cooperative,90792,F90.0,290.54,Denied,CO-96 Non-covered charges,2025-07-01,N,not appealed,82,2025-06-02
CLM-2025-002755,Apex Medicare Advantage,90832,F32.1,121.57,Paid,,,N,,24,2025-06-15
CLM-2025-002756,Gateway Health Cooperative,90834,F31.30,121.24,Paid,,,N,,14,2025-05-04
CLM-2025-002757,Pinnacle Commercial Plan,90837,F31.30,171.71,Denied,CO-29 Timely filing - claim submitted past deadline,2025-05-02,N,not appealed,97,2025-04-17
CLM-2025-002758,Summit Behavioral Health Plan,90832,F41.1,124.31,Paid,,,N,,27,2025-08-12
CLM-2025-002759,Liberty Care PPO,90837,F32.1,178.91,Paid,,,N,,19,2025-03-09
CLM-2025-002760,Apex Medicare Advantage,90837,F43.12,179.69,Denied,CO-18 Duplicate claim/service,2025-08-13,Y,overturned,63,2025-07-29
CLM-2025-002761,Liberty Care PPO,90837,F32.1,172.4,Denied,CO-50 Non-covered service - deemed not medically necessary,2025-09-22,Y,overturned,90,2025-08-25
CLM-2025-002762,Summit Behavioral Health Plan,90834,F33.1,133.02,Paid,,,N,,24,2025-05-16
CLM-2025-002763,Apex Medicare Advantage,90832,F43.12,99.68,Paid,,,N,,24,2025-01-21
CLM-2025-002764,Apex Medicare Advantage,96130,F90.0,258.13,Paid,,,N,,23,2025-01-29
CLM-2025-002765,Liberty Care PPO,90832,F90.0,116.03,Denied,CO-97 Payment included in another service already adjudicated,2025-09-03,Y,overturned,72,2025-08-04
CLM-2025-002766,Summit Behavioral Health Plan,90832,F31.30,105.72,Denied,CO-50 Non-covered service - deemed not medically necessary,2025-07-10,N,not appealed,80,2025-06-12
CLM-2025-002767,Apex Medicare Advantage,90834,F43.12,171.32,Paid,,,N,,26,2025-06-07
CLM-2025-002768,Liberty Care PPO,90834,F41.1,134.96,Denied,CO-16 Claim lacks information needed for adjudication,2025-06-08,Y,upheld,91,2025-05-19
CLM-2025-002769,Summit Behavioral Health Plan,96127,F31.30,34.35,Paid,,,N,,22,2025-05-04
CLM-2025-002770,Gateway Health Cooperative,90832,F31.30,111.42,Paid,,,N,,22,2025-08-29
CLM-2025-002771,Summit Behavioral Health Plan,90834,F41.1,127.47,Paid,,,N,,12,2025-06-26
CLM-2025-002772,Summit Behavioral Health Plan,96130,F41.1,180.66,Paid,,,N,,25,2025-05-10
CLM-2025-002773,Summit Behavioral Health Plan,96127,F33.1,38.09,Denied,CO-96 Non-covered charges,2025-07-02,Y,overturned,87,2025-06-17
CLM-2025-002774,Liberty Care PPO,90832,F90.0,90.86,Paid,,,N,,31,2025-06-02
CLM-2025-002775,Apex Medicare Advantage,90832,F31.30,120.25,Paid,,,N,,14,2025-08-14
CLM-2025-002776,Apex Medicare Advantage,90792,F33.1,333.66,Paid,,,N,,28,2025-09-03
CLM-2025-002777,Pinnacle Commercial Plan,96127,F33.1,36.32,Paid,,,N,,23,2025-02-03
CLM-2025-002778,Pinnacle Commercial Plan,90853,F90.0,76.13,Paid,,,N,,19,2025-02-09
CLM-2025-002779,Liberty Care PPO,96127,F90.0,25.32,Paid,,,N,,35,2025-07-31
CLM-2025-002780,Harbor State Medicaid,90853,F33.1,82.73,Paid,,,N,,23,2025-07-23
CLM-2025-002781,Summit Behavioral Health Plan,90834,F43.12,132.5,Paid,,,N,,14,2025-07-19
CLM-2025-002782,Apex Medicare Advantage,90832,F31.30,108.8,Paid,,,N,,30,2025-07-16
CLM-2025-002783,Summit Behavioral Health Plan,90832,F90.0,106.19,Denied,CO-96 Non-covered charges,2025-05-20,N,not appealed,88,2025-05-01
CLM-2025-002784,Summit Behavioral Health Plan,96127,F33.1,39.13,Paid,,,N,,25,2025-02-24
CLM-2025-002785,Harbor State Medicaid,90792,F41.1,292.77,Paid,,,N,,12,2025-04-05
CLM-2025-002786,Harbor State Medicaid,96127,F41.1,26.02,Paid,,,N,,24,2025-08-14
CLM-2025-002787,Summit Behavioral Health Plan,90791,F90.0,315.24,Denied,CO-96 Non-covered charges,2025-05-24,Y,pending,94,2025-05-04
CLM-2025-002788,Apex Medicare Advantage,90834,F32.1,162.25,Paid,,,N,,22,2025-05-30
CLM-2025-002789,Liberty Care PPO,90853,F31.30,85.21,Denied,CO-96 Non-covered charges,2025-02-15,Y,upheld,74,2025-01-25
CLM-2025-002790,Summit Behavioral Health Plan,90832,F32.1,128.08,Paid,,,N,,29,2025-06-05
CLM-2025-002791,Apex Medicare Advantage,90837,F43.12,218.98,Paid,,,N,,19,2025-04-20
CLM-2025-002792,Liberty Care PPO,96130,F41.1,247.36,Denied,CO-50 Non-covered service - deemed not medically necessary,2025-03-12,Y,pending,99,2025-02-22
CLM-2025-002793,Pinnacle Commercial Plan,90791,F90.0,269.24,Paid,,,N,,28,2025-05-20
CLM-2025-002794,Summit Behavioral Health Plan,90834,F90.0,128.96,Paid,,,N,,17,2025-04-30
CLM-2025-002795,Summit Behavioral Health Plan,96127,F32.1,36.69,Paid,,,N,,19,2025-06-07
CLM-2025-002796,Liberty Care PPO,90853,F32.1,81.64,Denied,CO-50 Non-covered service - deemed not medically necessary,2025-06-30,N,not appealed,65,2025-06-01
CLM-2025-002797,Liberty Care PPO,90834,F32.1,138.78,Paid,,,N,,22,2025-01-30
CLM-2025-002798,Liberty Care PPO,90853,F32.1,88.97,Paid,,,N,,37,2025-07-29
CLM-2025-002799,Apex Medicare Advantage,90792,F31.30,357.87,Denied,CO-50 Non-covered service - deemed not medically necessary,2025-05-19,N,not appealed,79,2025-05-01
CLM-2025-002800,Apex Medicare Advantage,90837,F32.1,188.36,Paid,,,N,,18,2025-06-22
CLM-2025-002801,Summit Behavioral Health Plan,90791,F33.1,332.36,Paid,,,N,,20,2025-08-16
CLM-2025-002802,Gateway Health Cooperative,90853,F32.1,89.96,Denied,CO-16 Claim lacks information needed for adjudication,2025-06-14,Y,pending,71,2025-05-31
CLM-2025-002803,Liberty Care PPO,90834,F41.1,179.0,Denied,CO-50 Non-covered service - deemed not medically necessary,2025-08-21,Y,pending,106,2025-08-05
CLM-2025-002804,Liberty Care PPO,90792,F43.12,298.11,Paid,,,N,,22,2025-03-16
CLM-2025-002805,Harbor State Medicaid,96127,F32.1,34.96,Paid,,,N,,21,2025-06-04
CLM-2025-002806,Pinnacle Commercial Plan,90853,F41.1,74.23,Paid,,,N,,22,2025-04-12
CLM-2025-002807,Gateway Health Cooperative,90834,F33.1,157.53,Denied,CO-50 Non-covered service - deemed not medically necessary,2025-02-24,Y,overturned,74,2025-01-30
CLM-2025-002808,Gateway Health Cooperative,90791,F41.1,347.07,Paid,,,N,,25,2025-03-16
CLM-2025-002809,Apex Medicare Advantage,90834,F41.1,142.94,Denied,CO-29 Timely filing - claim submitted past deadline,2025-02-24,N,not appealed,89,2025-02-02
CLM-2025-002810,Apex Medicare Advantage,96127,F90.0,27.56,Paid,,,N,,23,2025-05-24
CLM-2025-002811,Gateway Health Cooperative,90853,F33.1,86.55,Paid,,,N,,30,2025-05-08
CLM-2025-002812,Gateway Health Cooperative,90791,F32.1,296.36,Denied,CO-18 Duplicate claim/service,2025-09-16,Y,pending,69,2025-08-26
CLM-2025-002813,Liberty Care PPO,90837,F43.12,218.59,Denied,CO-50 Non-covered service - deemed not medically necessary,2025-03-02,Y,upheld,73,2025-02-03
CLM-2025-002814,Summit Behavioral Health Plan,90834,F43.12,123.02,Paid,,,N,,28,2025-07-13
CLM-2025-002815,Harbor State Medicaid,90853,F41.1,88.27,Paid,,,N,,21,2025-04-16
CLM-2025-002816,Gateway Health Cooperative,90853,F41.1,83.56,Paid,,,N,,30,2025-03-18
CLM-2025-002817,Liberty Care PPO,90834,F43.12,177.04,Denied,CO-97 Payment included in another service already adjudicated,2025-03-15,Y,overturned,76,2025-02-15
CLM-2025-002818,Summit Behavioral Health Plan,96127,F41.1,27.52,Paid,,,N,,27,2025-02-26
CLM-2025-002819,Gateway Health Cooperative,90837,F33.1,211.97,Paid,,,N,,20,2025-08-25
CLM-2025-002820,Pinnacle Commercial Plan,90791,F43.12,252.06,Denied,CO-29 Timely filing - claim submitted past deadline,2025-06-11,Y,overturned,99,2025-05-18
CLM-2025-002821,Summit Behavioral Health Plan,90834,F43.12,154.3,Denied,CO-50 Non-covered service - deemed not medically necessary,2025-02-10,Y,upheld,55,2025-01-29
CLM-2025-002822,Liberty Care PPO,90837,F41.1,197.67,Paid,,,N,,24,2025-02-10
CLM-2025-002823,Harbor State Medicaid,90837,F43.12,194.92,Paid,,,N,,21,2025-09-04
CLM-2025-002824,Liberty Care PPO,90837,F32.1,162.68,Paid,,,N,,28,2025-05-24
CLM-2025-002825,Liberty Care PPO,96130,F43.12,256.08,Paid,,,N,,26,2025-04-24
CLM-2025-002826,Liberty Care PPO,90791,F43.12,252.31,Paid,,,N,,36,2025-08-02
CLM-2025-002827,Apex Medicare Advantage,90837,F32.1,174.94,Denied,PR-27 Expenses incurred after coverage terminated,2025-09-16,Y,pending,60,2025-08-21
CLM-2025-002828,Liberty Care PPO,90837,F33.1,193.32,Denied,CO-50 Non-covered service - deemed not medically necessary,2025-07-30,Y,upheld,84,2025-07-02
CLM-2025-002829,Summit Behavioral Health Plan,90791,F31.30,313.59,Denied,CO-50 Non-covered service - deemed not medically necessary,2025-01-28,Y,overturned,78,2025-01-09
CLM-2025-002830,Liberty Care PPO,96130,F33.1,228.58,Paid,,,N,,40,2025-03-19
CLM-2025-002831,Summit Behavioral Health Plan,90834,F31.30,146.5,Denied,CO-18 Duplicate claim/service,2025-02-08,N,not appealed,51,2025-01-19
CLM-2025-002832,Pinnacle Commercial Plan,90837,F32.1,192.34,Paid,,,N,,20,2025-07-01
CLM-2025-002833,Gateway Health Cooperative,90834,F33.1,155.79,Denied,CO-197 Precertification/authorization absent,2025-10-04,Y,overturned,87,2025-09-10
CLM-2025-002834,Pinnacle Commercial Plan,90834,F41.1,161.33,Denied,PR-27 Expenses incurred after coverage terminated,2025-05-23,Y,overturned,74,2025-05-05
CLM-2025-002835,Liberty Care PPO,90834,F32.1,120.51,Paid,,,N,,35,2025-02-15
CLM-2025-002836,Harbor State Medicaid,90834,F43.12,139.92,Paid,,,N,,11,2025-02-04
CLM-2025-002837,Gateway Health Cooperative,90853,F33.1,89.24,Denied,CO-29 Timely filing - claim submitted past deadline,2025-06-23,Y,pending,84,2025-05-30
CLM-2025-002838,Apex Medicare Advantage,90832,F90.0,100.58,Denied,CO-50 Non-covered service - deemed not medically necessary,2025-01-31,N,not appealed,84,2025-01-12
CLM-2025-002839,Summit Behavioral Health Plan,90791,F41.1,337.9,Paid,,,N,,16,2025-02-26
CLM-2025-002840,Apex Medicare Advantage,96130,F32.1,230.17,Denied,CO-50 Non-covered service - deemed not medically necessary,2025-04-25,N,not appealed,100,2025-04-05
CLM-2025-002841,Liberty Care PPO,90834,F33.1,145.76,Paid,,,N,,26,2025-03-04
CLM-2025-002842,Liberty Care PPO,90837,F33.1,218.24,Denied,CO-50 Non-covered service - deemed not medically necessary,2025-07-08,N,not appealed,91,2025-06-22
CLM-2025-002843,Harbor State Medicaid,96127,F32.1,29.5,Paid,,,N,,15,2025-02-02
CLM-2025-002844,Summit Behavioral Health Plan,90834,F31.30,163.15,Paid,,,N,,21,2025-02-27
CLM-2025-002845,Apex Medicare Advantage,90792,F43.12,303.49,Paid,,,N,,29,2025-09-09
CLM-2025-002846,Harbor State Medicaid,90834,F33.1,129.79,Denied,CO-16 Claim lacks information needed for adjudication,2025-08-13,N,not appealed,56,2025-07-18
CLM-2025-002847,Liberty Care PPO,96130,F90.0,220.75,Paid,,,N,,29,2025-07-05
CLM-2025-002848,Harbor State Medicaid,90853,F41.1,88.58,Paid,,,N,,24,2025-03-17
CLM-2025-002849,Gateway Health Cooperative,90834,F43.12,179.87,Paid,,,N,,22,2025-04-29
CLM-2025-002850,Pinnacle Commercial Plan,90832,F32.1,108.68,Denied,CO-50 Non-covered service - deemed not medically necessary,2025-07-12,Y,pending,66,2025-06-24
CLM-2025-002851,Pinnacle Commercial Plan,90834,F33.1,153.94,Denied,CO-96 Non-covered charges,2025-10-02,N,not appealed,79,2025-09-12
CLM-2025-002852,Summit Behavioral Health Plan,90837,F90.0,212.72,Denied,CO-50 Non-covered service - deemed not medically necessary,2025-06-09,Y,overturned,66,2025-05-26
CLM-2025-002853,Apex Medicare Advantage,90837,F33.1,169.82,Paid,,,N,,14,2025-06-02
CLM-2025-002854,Harbor State Medicaid,90837,F33.1,176.58,Paid,,,N,,22,2025-06-19
CLM-2025-002855,Summit Behavioral Health Plan,90837,F41.1,196.75,Paid,,,N,,28,2025-05-25
CLM-2025-002856,Summit Behavioral Health Plan,90832,F90.0,124.29,Paid,,,N,,22,2025-03-06
CLM-2025-002857,Gateway Health Cooperative,90853,F43.12,75.01,Denied,CO-50 Non-covered service - deemed not medically necessary,2025-08-28,Y,upheld,89,2025-07-31
CLM-2025-002858,Summit Behavioral Health Plan,90834,F32.1,135.58,Paid,,,N,,15,2025-04-04
CLM-2025-002859,Harbor State Medicaid,90792,F33.1,296.1,Paid,,,N,,21,2025-03-26
CLM-2025-002860,Summit Behavioral Health Plan,90853,F32.1,65.59,Paid,,,N,,13,2025-02-05
CLM-2025-002861,Liberty Care PPO,90837,F32.1,191.67,Paid,,,N,,33,2025-08-04
CLM-2025-002862,Summit Behavioral Health Plan,90837,F43.12,198.51,Denied,CO-50 Non-covered service - deemed not medically necessary,2025-05-01,Y,overturned,56,2025-04-14
CLM-2025-002863,Apex Medicare Advantage,90834,F43.12,155.53,Paid,,,N,,16,2025-08-27
CLM-2025-002864,Summit Behavioral Health Plan,90832,F41.1,127.53,Paid,,,N,,27,2025-03-23
CLM-2025-002865,Pinnacle Commercial Plan,90832,F90.0,120.01,Denied,CO-16 Claim lacks information needed for adjudication,2025-08-14,Y,upheld,66,2025-07-16
CLM-2025-002866,Pinnacle Commercial Plan,90837,F41.1,213.05,Paid,,,N,,27,2025-07-19
CLM-2025-002867,Gateway Health Cooperative,90837,F32.1,205.08,Paid,,,N,,17,2025-07-09
CLM-2025-002868,Apex Medicare Advantage,90832,F90.0,129.13,Paid,,,N,,25,2025-08-04
CLM-2025-002869,Harbor State Medicaid,90837,F90.0,164.62,Paid,,,N,,18,2025-04-03
CLM-2025-002870,Summit Behavioral Health Plan,90791,F41.1,297.25,Paid,,,N,,26,2025-05-28
CLM-2025-002871,Apex Medicare Advantage,90791,F90.0,263.76,Paid,,,N,,21,2025-06-08
CLM-2025-002872,Apex Medicare Advantage,96130,F32.1,188.46,Paid,,,N,,17,2025-05-27
CLM-2025-002873,Pinnacle Commercial Plan,90834,F41.1,170.09,Denied,CO-97 Payment included in another service already adjudicated,2025-09-21,N,not appealed,84,2025-08-22
CLM-2025-002874,Summit Behavioral Health Plan,90834,F41.1,127.24,Paid,,,N,,19,2025-05-10
CLM-2025-002875,Summit Behavioral Health Plan,96127,F32.1,33.39,Paid,,,N,,17,2025-08-24
CLM-2025-002876,Pinnacle Commercial Plan,90834,F31.30,160.42,Denied,CO-96 Non-covered charges,2025-06-23,Y,overturned,76,2025-05-26
CLM-2025-002877,Gateway Health Cooperative,90832,F41.1,121.94,Paid,,,N,,19,2025-03-01
CLM-2025-002878,Summit Behavioral Health Plan,90853,F32.1,71.72,Paid,,,N,,24,2025-07-27
CLM-2025-002879,Apex Medicare Advantage,96127,F31.30,28.89,Denied,CO-16 Claim lacks information needed for adjudication,2025-05-29,Y,upheld,62,2025-05-06
CLM-2025-002880,Summit Behavioral Health Plan,96127,F33.1,38.72,Paid,,,N,,16,2025-07-03
CLM-2025-002881,Summit Behavioral Health Plan,90791,F90.0,261.54,Paid,,,N,,16,2025-08-23
CLM-2025-002882,Liberty Care PPO,90791,F41.1,342.77,Denied,CO-197 Precertification/authorization absent,2025-03-25,N,not appealed,75,2025-02-25
CLM-2025-002883,Liberty Care PPO,90832,F32.1,119.92,Paid,,,N,,25,2025-06-13
CLM-2025-002884,Apex Medicare Advantage,90832,F43.12,124.21,Paid,,,N,,14,2025-01-22
CLM-2025-002885,Liberty Care PPO,90791,F32.1,292.51,Denied,CO-16 Claim lacks information needed for adjudication,2025-08-15,Y,overturned,69,2025-08-02
CLM-2025-002886,Liberty Care PPO,90837,F31.30,205.82,Paid,,,N,,40,2025-05-26
CLM-2025-002887,Liberty Care PPO,90837,F31.30,174.7,Paid,,,N,,28,2025-08-16
CLM-2025-002888,Summit Behavioral Health Plan,90834,F33.1,125.61,Paid,,,N,,20,2025-01-10
CLM-2025-002889,Harbor State Medicaid,90834,F41.1,166.12,Paid,,,N,,22,2025-05-11
CLM-2025-002890,Apex Medicare Advantage,90834,F33.1,177.55,Paid,,,N,,24,2025-05-06
CLM-2025-002891,Liberty Care PPO,90853,F41.1,85.93,Paid,,,N,,32,2025-05-25
CLM-2025-002892,Harbor State Medicaid,90834,F41.1,125.91,Paid,,,N,,19,2025-06-06
CLM-2025-002893,Apex Medicare Advantage,90791,F41.1,286.23,Paid,,,N,,15,2025-04-12
CLM-2025-002894,Pinnacle Commercial Plan,90853,F41.1,73.86,Paid,,,N,,20,2025-07-12
CLM-2025-002895,Liberty Care PPO,90832,F33.1,120.34,Denied,CO-29 Timely filing - claim submitted past deadline,2025-08-17,Y,overturned,93,2025-07-22
CLM-2025-002896,Summit Behavioral Health Plan,90834,F43.12,123.67,Denied,CO-97 Payment included in another service already adjudicated,2025-05-24,N,not appealed,80,2025-05-04
CLM-2025-002897,Apex Medicare Advantage,90837,F31.30,173.79,Denied,CO-50 Non-covered service - deemed not medically necessary,2025-08-01,Y,overturned,56,2025-07-10
CLM-2025-002898,Pinnacle Commercial Plan,96127,F32.1,29.45,Denied,CO-96 Non-covered charges,2025-08-31,N,not appealed,102,2025-08-09
CLM-2025-002899,Summit Behavioral Health Plan,90791,F33.1,306.26,Paid,,,N,,24,2025-03-13
CLM-2025-002900,Gateway Health Cooperative,90834,F90.0,128.85,Paid,,,N,,23,2025-02-22
CLM-2025-002901,Harbor State Medicaid,90834,F41.1,145.72,Paid,,,N,,24,2025-01-08
CLM-2025-002902,Liberty Care PPO,90832,F32.1,109.13,Paid,,,N,,24,2025-08-14
CLM-2025-002903,Harbor State Medicaid,90832,F90.0,111.94,Paid,,,N,,12,2025-05-07
CLM-2025-002904,Liberty Care PPO,90791,F90.0,339.31,Paid,,,N,,33,2025-07-09
CLM-2025-002905,Apex Medicare Advantage,90834,F32.1,160.31,Paid,,,N,,30,2025-07-29
CLM-2025-002906,Harbor State Medicaid,90834,F32.1,134.03,Paid,,,N,,15,2025-07-02
CLM-2025-002907,Pinnacle Commercial Plan,90832,F32.1,103.87,Paid,,,N,,35,2025-06-30
CLM-2025-002908,Pinnacle Commercial Plan,90834,F31.30,154.66,Paid,,,N,,26,2025-01-27
CLM-2025-002909,Apex Medicare Advantage,90834,F32.1,177.09,Paid,,,N,,24,2025-03-27
CLM-2025-002910,Liberty Care PPO,90791,F43.12,297.37,Paid,,,N,,40,2025-08-19
CLM-2025-002911,Liberty Care PPO,90832,F32.1,107.45,Paid,,,N,,18,2025-06-05
CLM-2025-002912,Summit Behavioral Health Plan,90853,F41.1,67.79,Denied,CO-97 Payment included in another service already adjudicated,2025-05-24,Y,overturned,53,2025-05-08
CLM-2025-002913,Gateway Health Cooperative,90792,F90.0,344.35,Denied,CO-50 Non-covered service - deemed not medically necessary,2025-02-27,N,not appealed,96,2025-02-01
CLM-2025-002914,Pinnacle Commercial Plan,90834,F90.0,127.24,Paid,,,N,,17,2025-02-02
CLM-2025-002915,Pinnacle Commercial Plan,90792,F33.1,368.3,Denied,CO-16 Claim lacks information needed for adjudication,2025-02-28,N,not appealed,74,2025-02-04
CLM-2025-002916,Summit Behavioral Health Plan,90792,F90.0,290.36,Paid,,,N,,18,2025-09-07
CLM-2025-002917,Apex Medicare Advantage,90853,F41.1,65.62,Paid,,,N,,32,2025-07-16
CLM-2025-002918,Pinnacle Commercial Plan,90791,F33.1,349.69,Paid,,,N,,24,2025-02-22
CLM-2025-002919,Apex Medicare Advantage,90791,F32.1,292.23,Denied,CO-97 Payment included in another service already adjudicated,2025-08-28,N,not appealed,60,2025-08-16
CLM-2025-002920,Liberty Care PPO,90792,F32.1,368.71,Denied,CO-50 Non-covered service - deemed not medically necessary,2025-09-03,Y,overturned,76,2025-08-21
CLM-2025-002921,Liberty Care PPO,90834,F33.1,135.23,Paid,,,N,,21,2025-04-12
CLM-2025-002922,Pinnacle Commercial Plan,90834,F90.0,153.79,Paid,,,N,,33,2025-04-26
CLM-2025-002923,Summit Behavioral Health Plan,90832,F31.30,112.51,Paid,,,N,,22,2025-04-17
CLM-2025-002924,Summit Behavioral Health Plan,90792,F31.30,314.98,Paid,,,N,,29,2025-06-11
CLM-2025-002925,Liberty Care PPO,90837,F43.12,173.14,Denied,CO-50 Non-covered service - deemed not medically necessary,2025-03-21,N,not appealed,96,2025-03-04
CLM-2025-002926,Summit Behavioral Health Plan,96127,F43.12,27.4,Paid,,,N,,19,2025-02-05
CLM-2025-002927,Liberty Care PPO,90791,F43.12,347.49,Paid,,,N,,22,2025-08-03
CLM-2025-002928,Pinnacle Commercial Plan,90837,F31.30,187.15,Paid,,,N,,30,2025-03-31
CLM-2025-002929,Pinnacle Commercial Plan,90834,F41.1,138.22,Paid,,,N,,35,2025-06-05
CLM-2025-002930,Gateway Health Cooperative,90834,F31.30,121.4,Paid,,,N,,31,2025-01-06
CLM-2025-002931,Liberty Care PPO,90853,F90.0,72.56,Paid,,,N,,18,2025-04-09
CLM-2025-002932,Summit Behavioral Health Plan,90834,F32.1,159.91,Paid,,,N,,17,2025-05-30
CLM-2025-002933,Apex Medicare Advantage,90792,F33.1,357.16,Paid,,,N,,23,2025-07-23
CLM-2025-002934,Pinnacle Commercial Plan,90832,F33.1,91.3,Paid,,,N,,17,2025-05-24
CLM-2025-002935,Apex Medicare Advantage,90792,F41.1,295.69,Paid,,,N,,14,2025-03-10
CLM-2025-002936,Harbor State Medicaid,90832,F41.1,92.69,Paid,,,N,,20,2025-08-01
CLM-2025-002937,Pinnacle Commercial Plan,90834,F32.1,178.41,Paid,,,N,,23,2025-06-13
CLM-2025-002938,Harbor State Medicaid,90832,F31.30,121.85,Denied,PR-27 Expenses incurred after coverage terminated,2025-09-22,Y,overturned,80,2025-08-23
CLM-2025-002939,Liberty Care PPO,90853,F41.1,78.71,Paid,,,N,,27,2025-02-24
CLM-2025-002940,Pinnacle Commercial Plan,90834,F90.0,129.79,Denied,CO-96 Non-covered charges,2025-03-03,N,not appealed,94,2025-02-08
CLM-2025-002941,Harbor State Medicaid,90832,F33.1,95.05,Paid,,,N,,12,2025-07-17
CLM-2025-002942,Pinnacle Commercial Plan,90791,F43.12,328.01,Denied,CO-16 Claim lacks information needed for adjudication,2025-05-02,N,not appealed,67,2025-04-16
CLM-2025-002943,Summit Behavioral Health Plan,96130,F32.1,212.12,Paid,,,N,,30,2025-05-09
CLM-2025-002944,Liberty Care PPO,90792,F90.0,370.64,Paid,,,N,,26,2025-02-21
CLM-2025-002945,Gateway Health Cooperative,90834,F33.1,174.1,Paid,,,N,,17,2025-06-14
CLM-2025-002946,Apex Medicare Advantage,90792,F31.30,324.63,Denied,CO-97 Payment included in another service already adjudicated,2025-03-29,Y,upheld,72,2025-03-05
CLM-2025-002947,Apex Medicare Advantage,90792,F31.30,365.3,Paid,,,N,,26,2025-08-28
CLM-2025-002948,Summit Behavioral Health Plan,96127,F43.12,35.52,Denied,CO-16 Claim lacks information needed for adjudication,2025-05-13,Y,overturned,60,2025-04-24
CLM-2025-002949,Gateway Health Cooperative,96127,F33.1,38.54,Denied,CO-50 Non-covered service - deemed not medically necessary,2025-09-03,N,not appealed,59,2025-08-17
CLM-2025-002950,Liberty Care PPO,90832,F32.1,103.27,Denied,CO-50 Non-covered service - deemed not medically necessary,2025-04-13,Y,upheld,84,2025-03-28
CLM-2025-002951,Summit Behavioral Health Plan,96127,F90.0,32.76,Paid,,,N,,26,2025-05-10
CLM-2025-002952,Gateway Health Cooperative,90832,F41.1,114.22,Paid,,,N,,22,2025-04-11
CLM-2025-002953,Pinnacle Commercial Plan,90792,F43.12,289.34,Paid,,,N,,24,2025-03-07
CLM-2025-002954,Gateway Health Cooperative,90837,F43.12,202.02,Denied,CO-50 Non-covered service - deemed not medically necessary,2025-08-08,Y,overturned,86,2025-07-27
CLM-2025-002955,Summit Behavioral Health Plan,90834,F43.12,142.93,Paid,,,N,,19,2025-02-25
CLM-2025-002956,Gateway Health Cooperative,90834,F90.0,179.17,Denied,CO-109 Claim not covered by this payer/contractor,2025-04-19,Y,overturned,89,2025-04-06
CLM-2025-002957,Gateway Health Cooperative,96130,F43.12,201.99,Paid,,,N,,25,2025-04-01
CLM-2025-002958,Gateway Health Cooperative,90834,F43.12,169.77,Paid,,,N,,24,2025-02-18
CLM-2025-002959,Gateway Health Cooperative,90837,F90.0,188.67,Denied,CO-16 Claim lacks information needed for adjudication,2025-08-15,Y,pending,92,2025-07-26
CLM-2025-002960,Pinnacle Commercial Plan,90834,F31.30,175.44,Denied,CO-96 Non-covered charges,2025-09-16,Y,overturned,71,2025-08-17
CLM-2025-002961,Summit Behavioral Health Plan,90834,F43.12,165.3,Paid,,,N,,24,2025-02-21
CLM-2025-002962,Summit Behavioral Health Plan,96127,F41.1,29.5,Paid,,,N,,30,2025-05-27
CLM-2025-002963,Pinnacle Commercial Plan,96127,F32.1,34.69,Paid,,,N,,21,2025-08-11
CLM-2025-002964,Summit Behavioral Health Plan,90832,F43.12,101.5,Paid,,,N,,12,2025-02-19
CLM-2025-002965,Apex Medicare Advantage,90837,F31.30,183.67,Denied,CO-97 Payment included in another service already adjudicated,2025-05-11,Y,upheld,76,2025-04-29
CLM-2025-002966,Pinnacle Commercial Plan,90791,F90.0,308.07,Denied,CO-96 Non-covered charges,2025-03-17,N,not appealed,61,2025-02-24
CLM-2025-002967,Gateway Health Cooperative,90837,F32.1,162.99,Denied,CO-97 Payment included in another service already adjudicated,2025-06-20,Y,overturned,65,2025-06-02
CLM-2025-002968,Liberty Care PPO,90834,F43.12,125.21,Denied,CO-50 Non-covered service - deemed not medically necessary,2025-03-16,Y,pending,98,2025-03-03
CLM-2025-002969,Summit Behavioral Health Plan,90834,F90.0,122.24,Paid,,,N,,25,2025-03-18
CLM-2025-002970,Pinnacle Commercial Plan,90791,F41.1,347.56,Denied,CO-18 Duplicate claim/service,2025-05-09,Y,overturned,74,2025-04-16
CLM-2025-002971,Apex Medicare Advantage,90792,F90.0,322.37,Paid,,,N,,18,2025-08-05
CLM-2025-002972,Pinnacle Commercial Plan,90837,F41.1,172.34,Paid,,,N,,16,2025-07-26
CLM-2025-002973,Gateway Health Cooperative,90853,F31.30,67.77,Paid,,,N,,23,2025-01-29
CLM-2025-002974,Summit Behavioral Health Plan,90832,F33.1,93.97,Paid,,,N,,21,2025-03-17
CLM-2025-002975,Summit Behavioral Health Plan,90837,F90.0,187.59,Paid,,,N,,24,2025-05-06
CLM-2025-002976,Apex Medicare Advantage,90834,F32.1,145.21,Paid,,,N,,20,2025-04-24
CLM-2025-002977,Pinnacle Commercial Plan,90837,F32.1,170.8,Denied,CO-96 Non-covered charges,2025-08-17,Y,upheld,66,2025-08-03
CLM-2025-002978,Apex Medicare Advantage,90834,F90.0,179.88,Paid,,,N,,20,2025-06-13
CLM-2025-002979,Summit Behavioral Health Plan,90837,F41.1,162.47,Paid,,,N,,26,2025-03-20
CLM-2025-002980,Liberty Care PPO,90853,F90.0,62.33,Denied,CO-50 Non-covered service - deemed not medically necessary,2025-03-12,N,not appealed,97,2025-02-18
CLM-2025-002981,Pinnacle Commercial Plan,90834,F32.1,146.92,Denied,CO-96 Non-covered charges,2025-03-18,Y,overturned,68,2025-02-17
CLM-2025-002982,Liberty Care PPO,90834,F90.0,136.85,Denied,CO-50 Non-covered service - deemed not medically necessary,2025-03-11,Y,pending,65,2025-02-19
CLM-2025-002983,Apex Medicare Advantage,90832,F31.30,124.98,Paid,,,N,,22,2025-08-20
CLM-2025-002984,Summit Behavioral Health Plan,90834,F33.1,136.71,Paid,,,N,,12,2025-07-24
CLM-2025-002985,Pinnacle Commercial Plan,90791,F90.0,328.1,Denied,CO-18 Duplicate claim/service,2025-06-04,Y,upheld,100,2025-05-22
CLM-2025-002986,Liberty Care PPO,90791,F43.12,272.21,Paid,,,N,,26,2025-09-07
CLM-2025-002987,Summit Behavioral Health Plan,90834,F90.0,143.77,Paid,,,N,,26,2025-01-27
CLM-2025-002988,Pinnacle Commercial Plan,96130,F90.0,208.11,Paid,,,N,,30,2025-03-12
CLM-2025-002989,Summit Behavioral Health Plan,96127,F90.0,36.33,Paid,,,N,,14,2025-05-27
CLM-2025-002990,Liberty Care PPO,90832,F43.12,117.76,Paid,,,N,,37,2025-04-11
CLM-2025-002991,Apex Medicare Advantage,96127,F90.0,27.24,Paid,,,N,,32,2025-08-30
CLM-2025-002992,Pinnacle Commercial Plan,90791,F33.1,301.7,Paid,,,N,,36,2025-01-16
CLM-2025-002993,Pinnacle Commercial Plan,90834,F41.1,121.23,Paid,,,N,,29,2025-04-09
CLM-2025-002994,Summit Behavioral Health Plan,96127,F41.1,28.42,Denied,CO-97 Payment included in another service already adjudicated,2025-05-27,Y,pending,80,2025-04-29
CLM-2025-002995,Gateway Health Cooperative,90837,F90.0,161.34,Paid,,,N,,17,2025-05-06
CLM-2025-002996,Apex Medicare Advantage,90791,F90.0,323.49,Paid,,,N,,29,2025-04-21
CLM-2025-002997,Harbor State Medicaid,90837,F43.12,206.57,Paid,,,N,,17,2025-01-10
CLM-2025-002998,Apex Medicare Advantage,90834,F43.12,139.75,Paid,,,N,,15,2025-07-19
CLM-2025-002999,Liberty Care PPO,90837,F41.1,194.36,Paid,,,N,,23,2025-03-24
CLM-2025-003000,Gateway Health Cooperative,90837,F43.12,212.11,Paid,,,N,,26,2025-07-18
CLM-2025-003001,Summit Behavioral Health Plan,96127,F31.30,36.98,Paid,,,N,,21,2025-03-29
CLM-2025-003002,Apex Medicare Advantage,90791,F90.0,261.79,Paid,,,N,,31,2025-01-21
CLM-2025-003003,Liberty Care PPO,90837,F90.0,164.66,Paid,,,N,,18,2025-06-29
CLM-2025-003004,Liberty Care PPO,90832,F32.1,123.56,Paid,,,N,,36,2025-04-18
CLM-2025-003005,Harbor State Medicaid,90837,F90.0,212.78,Paid,,,N,,19,2025-02-24
CLM-2025-003006,Apex Medicare Advantage,90853,F43.12,75.27,Paid,,,N,,32,2025-01-26
CLM-2025-003007,Pinnacle Commercial Plan,96127,F43.12,32.36,Denied,CO-96 Non-covered charges,2025-03-08,N,not appealed,73,2025-02-14
CLM-2025-003008,Pinnacle Commercial Plan,90832,F31.30,93.62,Paid,,,N,,33,2025-08-28
CLM-2025-003009,Liberty Care PPO,90853,F41.1,78.32,Paid,,,N,,23,2025-04-19
CLM-2025-003010,Summit Behavioral Health Plan,90837,F31.30,195.48,Paid,,,N,,14,2025-09-07
CLM-2025-003011,Gateway Health Cooperative,90832,F31.30,103.07,Paid,,,N,,14,2025-06-18
CLM-2025-003012,Summit Behavioral Health Plan,90834,F90.0,153.93,Denied,CO-97 Payment included in another service already adjudicated,2025-05-18,Y,overturned,84,2025-05-01
CLM-2025-003013,Liberty Care PPO,90791,F43.12,275.85,Denied,OA-23 Impact of prior payer adjudication,2025-06-09,Y,overturned,82,2025-05-21
CLM-2025-003014,Gateway Health Cooperative,90832,F41.1,92.17,Paid,,,N,,16,2025-07-25
CLM-2025-003015,Apex Medicare Advantage,90834,F43.12,144.86,Paid,,,N,,26,2025-08-14
CLM-2025-003016,Gateway Health Cooperative,96130,F41.1,201.69,Denied,CO-109 Claim not covered by this payer/contractor,2025-07-26,N,not appealed,58,2025-06-28
CLM-2025-003017,Summit Behavioral Health Plan,90837,F43.12,175.16,Paid,,,N,,16,2025-08-29
CLM-2025-003018,Harbor State Medicaid,90837,F32.1,165.59,Paid,,,N,,22,2025-02-26
CLM-2025-003019,Summit Behavioral Health Plan,90834,F41.1,176.21,Paid,,,N,,13,2025-04-21
CLM-2025-003020,Liberty Care PPO,90791,F31.30,253.11,Denied,CO-97 Payment included in another service already adjudicated,2025-06-07,Y,overturned,98,2025-05-24
CLM-2025-003021,Summit Behavioral Health Plan,96130,F31.30,224.02,Paid,,,N,,21,2025-08-16
CLM-2025-003022,Pinnacle Commercial Plan,90834,F31.30,176.79,Denied,CO-50 Non-covered service - deemed not medically necessary,2025-09-08,N,not appealed,81,2025-08-11
CLM-2025-003023,Harbor State Medicaid,90792,F31.30,344.68,Denied,CO-97 Payment included in another service already adjudicated,2025-03-29,Y,overturned,52,2025-03-17
CLM-2025-003024,Gateway Health Cooperative,96127,F32.1,30.77,Paid,,,N,,26,2025-02-18
CLM-2025-003025,Liberty Care PPO,90791,F41.1,253.31,Denied,CO-97 Payment included in another service already adjudicated,2025-09-04,Y,upheld,76,2025-08-09
CLM-2025-003026,Harbor State Medicaid,90834,F33.1,160.35,Paid,,,N,,15,2025-03-18
CLM-2025-003027,Pinnacle Commercial Plan,90834,F31.30,159.06,Denied,CO-96 Non-covered charges,2025-04-07,N,not appealed,65,2025-03-11
CLM-2025-003028,Summit Behavioral Health Plan,90837,F31.30,177.71,Paid,,,N,,21,2025-09-01
CLM-2025-003029,Summit Behavioral Health Plan,96127,F43.12,28.22,Paid,,,N,,16,2025-01-10
CLM-2025-003030,Harbor State Medicaid,90834,F41.1,134.92,Paid,,,N,,19,2025-05-27
CLM-2025-003031,Liberty Care PPO,90853,F32.1,87.81,Paid,,,N,,38,2025-03-10
CLM-2025-003032,Pinnacle Commercial Plan,90791,F33.1,341.83,Denied,CO-50 Non-covered service - deemed not medically necessary,2025-03-30,Y,overturned,104,2025-03-09
CLM-2025-003033,Pinnacle Commercial Plan,90832,F31.30,120.16,Paid,,,N,,27,2025-05-22
CLM-2025-003034,Pinnacle Commercial Plan,90832,F41.1,90.65,Paid,,,N,,24,2025-08-17
CLM-2025-003035,Pinnacle Commercial Plan,96127,F32.1,33.2,Paid,,,N,,34,2025-04-06
CLM-2025-003036,Liberty Care PPO,90834,F33.1,151.07,Paid,,,N,,31,2025-09-03
CLM-2025-003037,Summit Behavioral Health Plan,90792,F90.0,292.72,Paid,,,N,,26,2025-01-15
CLM-2025-003038,Apex Medicare Advantage,90837,F33.1,191.74,Denied,CO-97 Payment included in another service already adjudicated,2025-06-25,N,not appealed,86,2025-06-04
CLM-2025-003039,Harbor State Medicaid,96127,F41.1,35.0,Paid,,,N,,14,2025-02-09
CLM-2025-003040,Summit Behavioral Health Plan,90834,F90.0,131.07,Paid,,,N,,12,2025-05-30
CLM-2025-003041,Liberty Care PPO,90834,F43.12,177.99,Denied,CO-50 Non-covered service - deemed not medically necessary,2025-06-27,Y,upheld,103,2025-06-04
CLM-2025-003042,Gateway Health Cooperative,90792,F43.12,371.48,Paid,,,N,,31,2025-07-27
CLM-2025-003043,Summit Behavioral Health Plan,90834,F90.0,153.17,Paid,,,N,,29,2025-08-15
CLM-2025-003044,Apex Medicare Advantage,90837,F41.1,187.06,Paid,,,N,,27,2025-04-11
CLM-2025-003045,Summit Behavioral Health Plan,90791,F41.1,275.48,Paid,,,N,,20,2025-01-18
CLM-2025-003046,Pinnacle Commercial Plan,90853,F41.1,62.87,Paid,,,N,,22,2025-06-09
CLM-2025-003047,Harbor State Medicaid,90834,F41.1,129.29,Denied,CO-50 Non-covered service - deemed not medically necessary,2025-05-03,Y,pending,74,2025-04-19
CLM-2025-003048,Harbor State Medicaid,90792,F31.30,341.69,Denied,CO-16 Claim lacks information needed for adjudication,2025-09-23,N,not appealed,63,2025-09-04
CLM-2025-003049,Gateway Health Cooperative,90834,F32.1,133.06,Denied,CO-16 Claim lacks information needed for adjudication,2025-02-06,Y,upheld,89,2025-01-10
CLM-2025-003050,Apex Medicare Advantage,90791,F90.0,311.29,Paid,,,N,,26,2025-06-19
CLM-2025-003051,Liberty Care PPO,90837,F31.30,200.03,Denied,CO-50 Non-covered service - deemed not medically necessary,2025-02-21,Y,upheld,106,2025-02-09
CLM-2025-003052,Summit Behavioral Health Plan,90834,F41.1,134.01,Paid,,,N,,27,2025-01-13
CLM-2025-003053,Harbor State Medicaid,90834,F32.1,176.54,Paid,,,N,,18,2025-06-14
CLM-2025-003054,Harbor State Medicaid,90834,F43.12,174.92,Paid,,,N,,22,2025-09-03
CLM-2025-003055,Apex Medicare Advantage,96130,F31.30,245.32,Paid,,,N,,31,2025-08-13
CLM-2025-003056,Summit Behavioral Health Plan,90791,F33.1,297.39,Paid,,,N,,12,2025-03-09
CLM-2025-003057,Liberty Care PPO,90834,F43.12,126.03,Paid,,,N,,33,2025-04-26
CLM-2025-003058,Summit Behavioral Health Plan,90853,F31.30,87.46,Paid,,,N,,12,2025-09-09
CLM-2025-003059,Liberty Care PPO,90853,F33.1,69.22,Paid,,,N,,28,2025-02-05
CLM-2025-003060,Summit Behavioral Health Plan,90791,F31.30,269.42,Paid,,,N,,24,2025-06-13
CLM-2025-003061,Summit Behavioral Health Plan,90791,F41.1,299.02,Denied,CO-97 Payment included in another service already adjudicated,2025-07-12,Y,overturned,86,2025-06-19
CLM-2025-003062,Pinnacle Commercial Plan,90792,F31.30,284.5,Paid,,,N,,34,2025-04-01
CLM-2025-003063,Apex Medicare Advantage,90791,F90.0,269.83,Paid,,,N,,15,2025-02-24
CLM-2025-003064,Summit Behavioral Health Plan,90837,F33.1,208.62,Paid,,,N,,21,2025-03-17
CLM-2025-003065,Apex Medicare Advantage,90791,F90.0,277.09,Paid,,,N,,31,2025-01-12
CLM-2025-003066,Liberty Care PPO,90791,F32.1,272.55,Paid,,,N,,18,2025-08-30
CLM-2025-003067,Gateway Health Cooperative,90834,F43.12,139.28,Paid,,,N,,34,2025-01-24
CLM-2025-003068,Summit Behavioral Health Plan,96127,F33.1,33.36,Paid,,,N,,19,2025-01-28
CLM-2025-003069,Harbor State Medicaid,90792,F33.1,333.82,Paid,,,N,,16,2025-01-26
CLM-2025-003070,Summit Behavioral Health Plan,90832,F32.1,114.2,Paid,,,N,,28,2025-05-28
CLM-2025-003071,Summit Behavioral Health Plan,90834,F31.30,164.52,Paid,,,N,,22,2025-07-13
CLM-2025-003072,Pinnacle Commercial Plan,90834,F43.12,136.27,Paid,,,N,,23,2025-04-16
CLM-2025-003073,Apex Medicare Advantage,90791,F31.30,289.84,Paid,,,N,,14,2025-05-11
CLM-2025-003074,Summit Behavioral Health Plan,90791,F32.1,274.58,Paid,,,N,,21,2025-07-08
CLM-2025-003075,Summit Behavioral Health Plan,90832,F41.1,90.73,Paid,,,N,,29,2025-06-09
CLM-2025-003076,Summit Behavioral Health Plan,90791,F31.30,303.96,Paid,,,N,,24,2025-02-28
CLM-2025-003077,Pinnacle Commercial Plan,90853,F32.1,82.15,Paid,,,N,,33,2025-03-08
CLM-2025-003078,Apex Medicare Advantage,90837,F31.30,176.72,Denied,CO-97 Payment included in another service already adjudicated,2025-08-13,Y,overturned,65,2025-07-15
CLM-2025-003079,Apex Medicare Advantage,90834,F90.0,178.25,Paid,,,N,,20,2025-03-19
CLM-2025-003080,Pinnacle Commercial Plan,90837,F90.0,180.55,Denied,CO-109 Claim not covered by this payer/contractor,2025-03-06,Y,upheld,92,2025-02-08
CLM-2025-003081,Harbor State Medicaid,96127,F90.0,36.43,Denied,CO-16 Claim lacks information needed for adjudication,2025-06-08,Y,upheld,83,2025-05-10
CLM-2025-003082,Summit Behavioral Health Plan,96130,F43.12,237.25,Paid,,,N,,29,2025-07-04
CLM-2025-003083,Pinnacle Commercial Plan,90853,F33.1,78.88,Denied,CO-50 Non-covered service - deemed not medically necessary,2025-08-31,N,not appealed,84,2025-08-15
CLM-2025-003084,Summit Behavioral Health Plan,90834,F33.1,136.54,Denied,CO-50 Non-covered service - deemed not medically necessary,2025-06-22,Y,overturned,57,2025-05-29
CLM-2025-003085,Apex Medicare Advantage,90834,F90.0,137.72,Paid,,,N,,19,2025-07-29
CLM-2025-003086,Summit Behavioral Health Plan,90834,F90.0,156.04,Denied,CO-97 Payment included in another service already adjudicated,2025-07-18,Y,overturned,80,2025-06-28
CLM-2025-003087,Gateway Health Cooperative,96130,F43.12,184.54,Paid,,,N,,18,2025-06-28
CLM-2025-003088,Harbor State Medicaid,96127,F32.1,26.2,Paid,,,N,,11,2025-03-21
CLM-2025-003089,Pinnacle Commercial Plan,90834,F43.12,163.75,Paid,,,N,,31,2025-03-16
CLM-2025-003090,Pinnacle Commercial Plan,96130,F90.0,190.58,Denied,CO-96 Non-covered charges,2025-03-23,Y,pending,74,2025-02-21
CLM-2025-003091,Harbor State Medicaid,90791,F31.30,288.44,Paid,,,N,,12,2025-05-22
CLM-2025-003092,Liberty Care PPO,90853,F32.1,87.22,Paid,,,N,,34,2025-03-02
CLM-2025-003093,Liberty Care PPO,90834,F90.0,168.76,Denied,CO-50 Non-covered service - deemed not medically necessary,2025-04-01,N,not appealed,88,2025-03-07
CLM-2025-003094,Summit Behavioral Health Plan,90837,F32.1,213.23,Paid,,,N,,20,2025-06-20
CLM-2025-003095,Pinnacle Commercial Plan,90837,F32.1,195.27,Denied,CO-50 Non-covered service - deemed not medically necessary,2025-08-29,N,not appealed,63,2025-08-14
CLM-2025-003096,Pinnacle Commercial Plan,90832,F33.1,91.15,Denied,CO-96 Non-covered charges,2025-02-26,N,not appealed,89,2025-02-09
CLM-2025-003097,Gateway Health Cooperative,90834,F33.1,161.77,Paid,,,N,,32,2025-03-06
CLM-2025-003098,Gateway Health Cooperative,90792,F32.1,319.24,Paid,,,N,,27,2025-06-14
CLM-2025-003099,Summit Behavioral Health Plan,96127,F90.0,31.95,Paid,,,N,,22,2025-09-02
CLM-2025-003100,Summit Behavioral Health Plan,90832,F41.1,115.21,Paid,,,N,,29,2025-01-17
CLM-2025-003101,Harbor State Medicaid,90832,F33.1,101.41,Paid,,,N,,11,2025-03-04
CLM-2025-003102,Apex Medicare Advantage,90837,F43.12,167.25,Paid,,,N,,25,2025-06-07
CLM-2025-003103,Apex Medicare Advantage,90832,F33.1,123.56,Paid,,,N,,26,2025-07-20
CLM-2025-003104,Summit Behavioral Health Plan,90792,F33.1,359.42,Denied,CO-18 Duplicate claim/service,2025-02-26,Y,overturned,50,2025-02-13
CLM-2025-003105,Summit Behavioral Health Plan,90853,F90.0,63.08,Denied,CO-18 Duplicate claim/service,2025-08-21,Y,overturned,90,2025-08-09
CLM-2025-003106,Summit Behavioral Health Plan,90834,F32.1,175.29,Denied,CO-16 Claim lacks information needed for adjudication,2025-02-22,Y,overturned,54,2025-02-08
CLM-2025-003107,Liberty Care PPO,90792,F90.0,280.44,Paid,,,N,,38,2025-03-05
CLM-2025-003108,Harbor State Medicaid,90834,F33.1,168.54,Denied,CO-29 Timely filing - claim submitted past deadline,2025-05-24,Y,pending,61,2025-04-24
CLM-2025-003109,Liberty Care PPO,90832,F33.1,113.63,Paid,,,N,,19,2025-04-29
CLM-2025-003110,Gateway Health Cooperative,96130,F33.1,238.55,Denied,CO-16 Claim lacks information needed for adjudication,2025-03-27,N,not appealed,75,2025-03-01
CLM-2025-003111,Gateway Health Cooperative,90791,F32.1,343.36,Paid,,,N,,30,2025-07-19
CLM-2025-003112,Gateway Health Cooperative,90834,F31.30,146.08,Paid,,,N,,26,2025-09-02
CLM-2025-003113,Apex Medicare Advantage,90834,F32.1,143.3,Paid,,,N,,24,2025-05-27
CLM-2025-003114,Gateway Health Cooperative,90834,F43.12,157.63,Paid,,,N,,14,2025-05-03
CLM-2025-003115,Liberty Care PPO,90834,F41.1,166.32,Paid,,,N,,33,2025-07-15
CLM-2025-003116,Pinnacle Commercial Plan,90791,F32.1,276.54,Paid,,,N,,34,2025-07-31
CLM-2025-003117,Summit Behavioral Health Plan,90791,F90.0,285.99,Denied,PR-27 Expenses incurred after coverage terminated,2025-03-24,N,not appealed,88,2025-03-08
CLM-2025-003118,Gateway Health Cooperative,90832,F41.1,117.3,Paid,,,N,,26,2025-05-30
CLM-2025-003119,Liberty Care PPO,90791,F41.1,336.86,Denied,CO-50 Non-covered service - deemed not medically necessary,2025-04-22,N,not appealed,94,2025-03-29
CLM-2025-003120,Liberty Care PPO,96127,F33.1,34.79,Paid,,,N,,25,2025-02-17
CLM-2025-003121,Gateway Health Cooperative,90837,F43.12,173.43,Paid,,,N,,18,2025-08-16
CLM-2025-003122,Summit Behavioral Health Plan,90832,F43.12,97.29,Denied,OA-23 Impact of prior payer adjudication,2025-02-13,Y,overturned,61,2025-01-30
CLM-2025-003123,Apex Medicare Advantage,90832,F33.1,98.5,Paid,,,N,,32,2025-05-12
CLM-2025-003124,Apex Medicare Advantage,96127,F31.30,25.14,Paid,,,N,,24,2025-05-09
CLM-2025-003125,Pinnacle Commercial Plan,90834,F33.1,136.12,Paid,,,N,,17,2025-02-07
CLM-2025-003126,Harbor State Medicaid,90834,F31.30,146.19,Paid,,,N,,13,2025-06-10
CLM-2025-003127,Apex Medicare Advantage,90832,F31.30,91.18,Paid,,,N,,23,2025-08-07
CLM-2025-003128,Harbor State Medicaid,90832,F90.0,96.19,Paid,,,N,,12,2025-06-15
CLM-2025-003129,Harbor State Medicaid,90834,F41.1,148.05,Paid,,,N,,16,2025-02-27
CLM-2025-003130,Pinnacle Commercial Plan,90834,F90.0,177.61,Paid,,,N,,31,2025-04-18
CLM-2025-003131,Summit Behavioral Health Plan,90853,F43.12,60.1,Denied,CO-97 Payment included in another service already adjudicated,2025-04-21,Y,overturned,89,2025-04-08
CLM-2025-003132,Apex Medicare Advantage,90834,F32.1,157.81,Paid,,,N,,29,2025-07-11
CLM-2025-003133,Pinnacle Commercial Plan,90832,F90.0,92.15,Denied,CO-18 Duplicate claim/service,2025-04-10,Y,upheld,92,2025-03-16
CLM-2025-003134,Summit Behavioral Health Plan,90834,F43.12,128.26,Denied,CO-109 Claim not covered by this payer/contractor,2025-09-17,Y,pending,95,2025-08-31
CLM-2025-003135,Liberty Care PPO,90853,F33.1,79.87,Paid,,,N,,30,2025-06-17
CLM-2025-003136,Pinnacle Commercial Plan,90853,F31.30,88.38,Denied,CO-96 Non-covered charges,2025-02-15,N,not appealed,101,2025-01-24
CLM-2025-003137,Apex Medicare Advantage,90791,F43.12,342.53,Paid,,,N,,29,2025-07-03
CLM-2025-003138,Gateway Health Cooperative,90853,F43.12,81.24,Denied,CO-29 Timely filing - claim submitted past deadline,2025-08-24,Y,overturned,94,2025-07-27
CLM-2025-003139,Pinnacle Commercial Plan,90853,F33.1,60.43,Paid,,,N,,22,2025-06-07
CLM-2025-003140,Summit Behavioral Health Plan,90834,F33.1,172.34,Denied,CO-16 Claim lacks information needed for adjudication,2025-04-01,Y,overturned,58,2025-03-02
CLM-2025-003141,Summit Behavioral Health Plan,90837,F43.12,195.14,Paid,,,N,,15,2025-07-31
CLM-2025-003142,Liberty Care PPO,90832,F41.1,127.31,Denied,CO-18 Duplicate claim/service,2025-03-28,N,not appealed,92,2025-03-11
CLM-2025-003143,Gateway Health Cooperative,96130,F41.1,250.05,Denied,CO-29 Timely filing - claim submitted past deadline,2025-09-23,N,not appealed,74,2025-08-26
CLM-2025-003144,Harbor State Medicaid,90834,F31.30,169.6,Paid,,,N,,21,2025-02-16
CLM-2025-003145,Apex Medicare Advantage,90834,F43.12,149.5,Paid,,,N,,18,2025-07-23
CLM-2025-003146,Harbor State Medicaid,90791,F31.30,295.03,Paid,,,N,,10,2025-05-25
CLM-2025-003147,Liberty Care PPO,90834,F32.1,170.87,Paid,,,N,,30,2025-04-15
CLM-2025-003148,Gateway Health Cooperative,96130,F31.30,195.99,Paid,,,N,,25,2025-03-12
CLM-2025-003149,Liberty Care PPO,90834,F43.12,178.77,Paid,,,N,,26,2025-05-23
CLM-2025-003150,Liberty Care PPO,90837,F90.0,179.47,Denied,CO-50 Non-covered service - deemed not medically necessary,2025-07-20,Y,upheld,77,2025-06-30
CLM-2025-003151,Pinnacle Commercial Plan,90834,F43.12,178.26,Paid,,,N,,20,2025-08-13
CLM-2025-003152,Summit Behavioral Health Plan,90853,F43.12,61.52,Paid,,,N,,16,2025-01-21
CLM-2025-003153,Liberty Care PPO,90834,F32.1,127.94,Denied,PR-27 Expenses incurred after coverage terminated,2025-05-19,N,not appealed,91,2025-04-23
CLM-2025-003154,Harbor State Medicaid,90834,F43.12,159.93,Paid,,,N,,15,2025-09-05
CLM-2025-003155,Gateway Health Cooperative,90834,F32.1,149.61,Denied,CO-97 Payment included in another service already adjudicated,2025-09-30,Y,pending,88,2025-09-10
CLM-2025-003156,Liberty Care PPO,90834,F43.12,168.56,Denied,CO-18 Duplicate claim/service,2025-09-05,Y,overturned,81,2025-08-13
CLM-2025-003157,Liberty Care PPO,90792,F33.1,369.18,Denied,CO-96 Non-covered charges,2025-04-09,N,not appealed,65,2025-03-13
CLM-2025-003158,Summit Behavioral Health Plan,96127,F43.12,28.03,Paid,,,N,,25,2025-04-20
CLM-2025-003159,Summit Behavioral Health Plan,90853,F90.0,85.09,Denied,CO-50 Non-covered service - deemed not medically necessary,2025-08-28,N,not appealed,76,2025-08-16
CLM-2025-003160,Summit Behavioral Health Plan,96127,F33.1,29.47,Paid,,,N,,28,2025-02-14
CLM-2025-003161,Gateway Health Cooperative,90791,F31.30,254.52,Paid,,,N,,31,2025-04-01
CLM-2025-003162,Apex Medicare Advantage,90834,F43.12,121.82,Paid,,,N,,16,2025-07-23
CLM-2025-003163,Summit Behavioral Health Plan,90837,F90.0,160.73,Denied,CO-18 Duplicate claim/service,2025-07-15,N,not appealed,86,2025-06-18
CLM-2025-003164,Pinnacle Commercial Plan,90791,F41.1,277.27,Denied,CO-96 Non-covered charges,2025-06-21,N,not appealed,93,2025-05-28
CLM-2025-003165,Summit Behavioral Health Plan,90834,F41.1,122.53,Paid,,,N,,24,2025-04-06
CLM-2025-003166,Gateway Health Cooperative,90834,F32.1,179.27,Paid,,,N,,34,2025-06-01
CLM-2025-003167,Gateway Health Cooperative,90832,F32.1,100.05,Paid,,,N,,34,2025-08-21
CLM-2025-003168,Pinnacle Commercial Plan,90791,F90.0,315.79,Denied,CO-97 Payment included in another service already adjudicated,2025-01-26,Y,upheld,62,2025-01-06
CLM-2025-003169,Pinnacle Commercial Plan,96130,F43.12,208.3,Paid,,,N,,20,2025-06-08
CLM-2025-003170,Liberty Care PPO,90832,F32.1,123.66,Denied,CO-50 Non-covered service - deemed not medically necessary,2025-05-18,Y,upheld,93,2025-05-05
CLM-2025-003171,Gateway Health Cooperative,90834,F90.0,151.96,Paid,,,N,,17,2025-04-08
CLM-2025-003172,Gateway Health Cooperative,90791,F31.30,339.94,Paid,,,N,,30,2025-03-15
CLM-2025-003173,Gateway Health Cooperative,90832,F31.30,110.03,Paid,,,N,,24,2025-02-08
CLM-2025-003174,Pinnacle Commercial Plan,90834,F43.12,143.79,Paid,,,N,,19,2025-07-31
CLM-2025-003175,Apex Medicare Advantage,90792,F41.1,344.67,Paid,,,N,,27,2025-02-18
CLM-2025-003176,Summit Behavioral Health Plan,90837,F90.0,203.35,Paid,,,N,,20,2025-07-08
CLM-2025-003177,Summit Behavioral Health Plan,90834,F43.12,148.83,Denied,OA-23 Impact of prior payer adjudication,2025-03-18,N,not appealed,74,2025-02-28
CLM-2025-003178,Liberty Care PPO,96127,F31.30,28.2,Paid,,,N,,29,2025-08-28
CLM-2025-003179,Summit Behavioral Health Plan,90853,F32.1,87.7,Paid,,,N,,16,2025-05-05
CLM-2025-003180,Liberty Care PPO,90792,F33.1,318.15,Denied,CO-50 Non-covered service - deemed not medically necessary,2025-09-02,N,not appealed,66,2025-08-04
CLM-2025-003181,Harbor State Medicaid,96127,F90.0,28.53,Denied,CO-29 Timely filing - claim submitted past deadline,2025-07-25,Y,overturned,82,2025-07-10
CLM-2025-003182,Summit Behavioral Health Plan,90792,F90.0,297.13,Paid,,,N,,13,2025-06-28
CLM-2025-003183,Summit Behavioral Health Plan,90853,F90.0,82.89,Paid,,,N,,29,2025-03-27
CLM-2025-003184,Gateway Health Cooperative,90834,F43.12,160.27,Paid,,,N,,28,2025-03-18
CLM-2025-003185,Apex Medicare Advantage,90837,F90.0,164.24,Paid,,,N,,24,2025-04-23
CLM-2025-003186,Summit Behavioral Health Plan,90834,F43.12,179.33,Paid,,,N,,13,2025-05-24
CLM-2025-003187,Pinnacle Commercial Plan,90837,F32.1,187.77,Paid,,,N,,26,2025-04-06
CLM-2025-003188,Apex Medicare Advantage,90791,F33.1,308.1,Paid,,,N,,26,2025-05-16
CLM-2025-003189,Summit Behavioral Health Plan,90853,F33.1,66.3,Paid,,,N,,25,2025-05-26
CLM-2025-003190,Summit Behavioral Health Plan,90791,F32.1,265.56,Paid,,,N,,14,2025-06-30
CLM-2025-003191,Summit Behavioral Health Plan,90834,F41.1,160.88,Paid,,,N,,12,2025-02-04
CLM-2025-003192,Gateway Health Cooperative,90834,F43.12,125.29,Denied,CO-18 Duplicate claim/service,2025-03-01,Y,overturned,96,2025-01-31
CLM-2025-003193,Pinnacle Commercial Plan,90791,F32.1,326.7,Paid,,,N,,16,2025-06-21
CLM-2025-003194,Harbor State Medicaid,90834,F43.12,165.63,Paid,,,N,,10,2025-01-15
CLM-2025-003195,Liberty Care PPO,90791,F41.1,298.1,Paid,,,N,,30,2025-06-05
CLM-2025-003196,Apex Medicare Advantage,96127,F31.30,28.36,Paid,,,N,,27,2025-05-16
CLM-2025-003197,Gateway Health Cooperative,90837,F32.1,187.25,Paid,,,N,,15,2025-03-09
CLM-2025-003198,Liberty Care PPO,90834,F90.0,150.66,Paid,,,N,,25,2025-08-14
CLM-2025-003199,Harbor State Medicaid,90792,F90.0,315.43,Paid,,,N,,17,2025-01-09
CLM-2025-003200,Summit Behavioral Health Plan,90791,F31.30,267.08,Paid,,,N,,15,2025-08-24
CLM-2025-003201,Liberty Care PPO,90834,F33.1,122.56,Paid,,,N,,19,2025-04-28
CLM-2025-003202,Liberty Care PPO,90837,F43.12,191.49,Paid,,,N,,25,2025-06-09
CLM-2025-003203,Apex Medicare Advantage,90837,F32.1,176.81,Paid,,,N,,30,2025-03-26
CLM-2025-003204,Apex Medicare Advantage,90791,F32.1,257.63,Paid,,,N,,15,2025-03-25
CLM-2025-003205,Gateway Health Cooperative,90837,F41.1,205.15,Paid,,,N,,24,2025-09-13
CLM-2025-003206,Pinnacle Commercial Plan,90792,F90.0,333.58,Denied,CO-29 Timely filing - claim submitted past deadline,2025-03-05,N,not appealed,62,2025-02-04
CLM-2025-003207,Apex Medicare Advantage,90834,F43.12,172.36,Paid,,,N,,18,2025-04-30
CLM-2025-003208,Summit Behavioral Health Plan,96130,F31.30,244.34,Paid,,,N,,28,2025-03-15
CLM-2025-003209,Liberty Care PPO,90834,F33.1,148.38,Paid,,,N,,25,2025-01-12
CLM-2025-003210,Pinnacle Commercial Plan,90834,F33.1,171.37,Denied,CO-96 Non-covered charges,2025-08-18,N,not appealed,90,2025-08-02
CLM-2025-003211,Summit Behavioral Health Plan,90834,F32.1,159.71,Paid,,,N,,27,2025-04-06
CLM-2025-003212,Liberty Care PPO,90837,F31.30,169.61,Denied,CO-50 Non-covered service - deemed not medically necessary,2025-07-22,Y,overturned,100,2025-06-26
CLM-2025-003213,Pinnacle Commercial Plan,90832,F43.12,91.51,Denied,CO-97 Payment included in another service already adjudicated,2025-08-27,N,not appealed,74,2025-08-06
CLM-2025-003214,Summit Behavioral Health Plan,90834,F31.30,142.55,Denied,CO-96 Non-covered charges,2025-05-01,Y,overturned,74,2025-04-11
CLM-2025-003215,Summit Behavioral Health Plan,90834,F33.1,132.44,Paid,,,N,,27,2025-07-28
CLM-2025-003216,Gateway Health Cooperative,90834,F33.1,163.63,Paid,,,N,,25,2025-07-15
CLM-2025-003217,Apex Medicare Advantage,90837,F90.0,215.29,Paid,,,N,,17,2025-03-15
CLM-2025-003218,Liberty Care PPO,90834,F41.1,140.2,Denied,CO-96 Non-covered charges,2025-09-07,Y,upheld,106,2025-08-23
CLM-2025-003219,Pinnacle Commercial Plan,90832,F41.1,129.94,Paid,,,N,,24,2025-07-26
CLM-2025-003220,Gateway Health Cooperative,90834,F31.30,173.36,Paid,,,N,,31,2025-06-06
CLM-2025-003221,Summit Behavioral Health Plan,90834,F32.1,146.98,Paid,,,N,,30,2025-07-13
CLM-2025-003222,Pinnacle Commercial Plan,96127,F33.1,33.04,Paid,,,N,,23,2025-06-25
CLM-2025-003223,Harbor State Medicaid,90853,F41.1,60.86,Paid,,,N,,20,2025-04-24
CLM-2025-003224,Liberty Care PPO,96127,F31.30,25.44,Paid,,,N,,40,2025-06-20
CLM-2025-003225,Pinnacle Commercial Plan,90791,F90.0,339.07,Paid,,,N,,19,2025-04-12
CLM-2025-003226,Apex Medicare Advantage,90834,F90.0,144.93,Denied,CO-50 Non-covered service - deemed not medically necessary,2025-09-28,N,not appealed,70,2025-09-06
CLM-2025-003227,Summit Behavioral Health Plan,90853,F41.1,87.65,Paid,,,N,,16,2025-07-28
CLM-2025-003228,Summit Behavioral Health Plan,90837,F43.12,173.21,Paid,,,N,,14,2025-06-05
CLM-2025-003229,Pinnacle Commercial Plan,90832,F90.0,107.51,Denied,CO-96 Non-covered charges,2025-06-19,N,not appealed,61,2025-05-27
CLM-2025-003230,Summit Behavioral Health Plan,96127,F33.1,34.21,Paid,,,N,,20,2025-02-13
CLM-2025-003231,Pinnacle Commercial Plan,90791,F43.12,279.38,Denied,CO-29 Timely filing - claim submitted past deadline,2025-03-12,Y,overturned,85,2025-02-17
CLM-2025-003232,Harbor State Medicaid,90834,F90.0,138.43,Denied,CO-29 Timely filing - claim submitted past deadline,2025-08-21,Y,pending,58,2025-08-02
CLM-2025-003233,Summit Behavioral Health Plan,90834,F31.30,165.03,Paid,,,N,,22,2025-08-25
CLM-2025-003234,Liberty Care PPO,90837,F90.0,198.36,Denied,CO-50 Non-covered service - deemed not medically necessary,2025-07-20,N,not appealed,84,2025-06-30
CLM-2025-003235,Apex Medicare Advantage,90791,F43.12,342.73,Denied,CO-50 Non-covered service - deemed not medically necessary,2025-04-20,Y,upheld,68,2025-03-29
CLM-2025-003236,Pinnacle Commercial Plan,90853,F33.1,68.13,Paid,,,N,,33,2025-08-30
CLM-2025-003237,Liberty Care PPO,90792,F43.12,333.34,Paid,,,N,,27,2025-03-05
CLM-2025-003238,Apex Medicare Advantage,90832,F33.1,99.34,Paid,,,N,,26,2025-08-30
CLM-2025-003239,Gateway Health Cooperative,90837,F90.0,182.43,Paid,,,N,,20,2025-03-21
CLM-2025-003240,Summit Behavioral Health Plan,90791,F43.12,276.07,Paid,,,N,,26,2025-05-03
CLM-2025-003241,Apex Medicare Advantage,90834,F31.30,123.81,Paid,,,N,,32,2025-01-08
CLM-2025-003242,Liberty Care PPO,90832,F90.0,109.82,Denied,CO-50 Non-covered service - deemed not medically necessary,2025-05-22,N,not appealed,97,2025-04-24
CLM-2025-003243,Summit Behavioral Health Plan,90791,F90.0,319.67,Denied,CO-96 Non-covered charges,2025-10-10,Y,pending,54,2025-09-10
CLM-2025-003244,Summit Behavioral Health Plan,90834,F41.1,152.09,Denied,CO-16 Claim lacks information needed for adjudication,2025-07-13,N,not appealed,54,2025-06-16
CLM-2025-003245,Apex Medicare Advantage,90791,F90.0,311.51,Paid,,,N,,27,2025-06-16
CLM-2025-003246,Liberty Care PPO,90834,F32.1,147.25,Paid,,,N,,38,2025-04-20
CLM-2025-003247,Pinnacle Commercial Plan,90792,F43.12,322.78,Denied,CO-109 Claim not covered by this payer/contractor,2025-07-07,Y,overturned,105,2025-06-23
CLM-2025-003248,Gateway Health Cooperative,90791,F41.1,253.32,Denied,CO-197 Precertification/authorization absent,2025-03-21,N,not appealed,96,2025-02-24
CLM-2025-003249,Gateway Health Cooperative,90834,F31.30,161.72,Paid,,,N,,18,2025-03-30
CLM-2025-003250,Summit Behavioral Health Plan,90837,F41.1,165.75,Paid,,,N,,27,2025-01-12
CLM-2025-003251,Summit Behavioral Health Plan,90834,F31.30,135.37,Paid,,,N,,12,2025-06-05
CLM-2025-003252,Summit Behavioral Health Plan,96127,F41.1,31.37,Paid,,,N,,28,2025-02-27
CLM-2025-003253,Summit Behavioral Health Plan,90791,F32.1,263.66,Paid,,,N,,19,2025-01-14
CLM-2025-003254,Pinnacle Commercial Plan,90834,F41.1,131.05,Denied,CO-50 Non-covered service - deemed not medically necessary,2025-01-30,Y,upheld,99,2025-01-18
CLM-2025-003255,Gateway Health Cooperative,96127,F41.1,26.71,Paid,,,N,,20,2025-03-12
CLM-2025-003256,Summit Behavioral Health Plan,90791,F41.1,272.78,Denied,CO-97 Payment included in another service already adjudicated,2025-04-24,N,not appealed,60,2025-04-09
CLM-2025-003257,Summit Behavioral Health Plan,90834,F90.0,140.13,Paid,,,N,,16,2025-06-28
CLM-2025-003258,Summit Behavioral Health Plan,90792,F33.1,319.97,Paid,,,N,,12,2025-06-11
CLM-2025-003259,Summit Behavioral Health Plan,90834,F41.1,145.8,Denied,CO-50 Non-covered service - deemed not medically necessary,2025-04-14,N,not appealed,65,2025-03-15
CLM-2025-003260,Liberty Care PPO,90834,F31.30,160.2,Paid,,,N,,25,2025-08-25
CLM-2025-003261,Summit Behavioral Health Plan,90834,F33.1,158.22,Paid,,,N,,19,2025-02-20
CLM-2025-003262,Liberty Care PPO,90853,F31.30,62.76,Paid,,,N,,30,2025-02-20
CLM-2025-003263,Liberty Care PPO,90834,F33.1,170.82,Paid,,,N,,30,2025-05-10
CLM-2025-003264,Harbor State Medicaid,90834,F31.30,134.78,Denied,CO-109 Claim not covered by this payer/contractor,2025-06-10,Y,overturned,68,2025-05-16
CLM-2025-003265,Summit Behavioral Health Plan,90834,F33.1,154.9,Paid,,,N,,26,2025-02-15
CLM-2025-003266,Pinnacle Commercial Plan,96130,F90.0,253.9,Paid,,,N,,23,2025-04-27
CLM-2025-003267,Liberty Care PPO,90834,F31.30,161.92,Denied,CO-29 Timely filing - claim submitted past deadline,2025-09-30,Y,overturned,80,2025-08-31
CLM-2025-003268,Summit Behavioral Health Plan,90832,F90.0,126.43,Paid,,,N,,16,2025-05-12
CLM-2025-003269,Liberty Care PPO,90834,F31.30,124.91,Paid,,,N,,40,2025-05-03
CLM-2025-003270,Harbor State Medicaid,96130,F43.12,239.6,Paid,,,N,,14,2025-09-01
CLM-2025-003271,Summit Behavioral Health Plan,90837,F33.1,184.65,Paid,,,N,,19,2025-05-14
CLM-2025-003272,Gateway Health Cooperative,90791,F90.0,328.48,Paid,,,N,,23,2025-07-12
CLM-2025-003273,Apex Medicare Advantage,90834,F43.12,134.18,Paid,,,N,,31,2025-07-17
CLM-2025-003274,Pinnacle Commercial Plan,90791,F41.1,259.62,Paid,,,N,,18,2025-06-27
CLM-2025-003275,Summit Behavioral Health Plan,96127,F41.1,32.73,Paid,,,N,,12,2025-07-02
CLM-2025-003276,Summit Behavioral Health Plan,90834,F41.1,132.49,Denied,CO-29 Timely filing - claim submitted past deadline,2025-04-25,N,not appealed,67,2025-04-13
CLM-2025-003277,Apex Medicare Advantage,90834,F43.12,148.92,Paid,,,N,,31,2025-08-25
CLM-2025-003278,Pinnacle Commercial Plan,90834,F41.1,136.51,Denied,CO-50 Non-covered service - deemed not medically necessary,2025-02-26,Y,overturned,79,2025-02-05
CLM-2025-003279,Pinnacle Commercial Plan,90834,F31.30,131.04,Paid,,,N,,34,2025-03-18
CLM-2025-003280,Harbor State Medicaid,90837,F31.30,183.32,Paid,,,N,,16,2025-03-22
CLM-2025-003281,Summit Behavioral Health Plan,90853,F90.0,77.94,Paid,,,N,,30,2025-02-10
CLM-2025-003282,Pinnacle Commercial Plan,90834,F32.1,173.96,Paid,,,N,,34,2025-03-02
CLM-2025-003283,Summit Behavioral Health Plan,96127,F31.30,26.2,Denied,CO-97 Payment included in another service already adjudicated,2025-02-27,N,not appealed,86,2025-02-03
CLM-2025-003284,Apex Medicare Advantage,90837,F31.30,187.09,Paid,,,N,,31,2025-01-12
CLM-2025-003285,Summit Behavioral Health Plan,90834,F32.1,156.0,Paid,,,N,,15,2025-02-01
CLM-2025-003286,Summit Behavioral Health Plan,90853,F32.1,77.14,Paid,,,N,,19,2025-04-18
CLM-2025-003287,Apex Medicare Advantage,90832,F32.1,113.4,Paid,,,N,,22,2025-02-24
CLM-2025-003288,Harbor State Medicaid,90832,F90.0,126.71,Paid,,,N,,22,2025-08-07
CLM-2025-003289,Summit Behavioral Health Plan,90837,F32.1,192.01,Denied,CO-18 Duplicate claim/service,2025-04-08,Y,pending,54,2025-03-19
CLM-2025-003290,Pinnacle Commercial Plan,90834,F32.1,132.99,Paid,,,N,,18,2025-03-11
CLM-2025-003291,Summit Behavioral Health Plan,90791,F31.30,278.29,Paid,,,N,,14,2025-07-06
CLM-2025-003292,Pinnacle Commercial Plan,90791,F41.1,281.16,Paid,,,N,,20,2025-08-22
CLM-2025-003293,Apex Medicare Advantage,90853,F90.0,72.52,Denied,CO-109 Claim not covered by this payer/contractor,2025-09-13,N,not appealed,59,2025-08-31
CLM-2025-003294,Pinnacle Commercial Plan,90837,F41.1,174.79,Paid,,,N,,22,2025-02-06
CLM-2025-003295,Summit Behavioral Health Plan,96127,F33.1,39.02,Denied,CO-50 Non-covered service - deemed not medically necessary,2025-06-09,Y,overturned,77,2025-05-27
CLM-2025-003296,Summit Behavioral Health Plan,90834,F32.1,179.06,Paid,,,N,,30,2025-05-10
CLM-2025-003297,Summit Behavioral Health Plan,96127,F32.1,30.73,Paid,,,N,,15,2025-03-29
CLM-2025-003298,Pinnacle Commercial Plan,96127,F32.1,36.86,Paid,,,N,,19,2025-02-27
CLM-2025-003299,Apex Medicare Advantage,90834,F32.1,170.86,Paid,,,N,,28,2025-02-09
CLM-2025-003300,Gateway Health Cooperative,90791,F43.12,347.06,Paid,,,N,,16,2025-05-28
CLM-2025-003301,Liberty Care PPO,90791,F90.0,334.04,Paid,,,N,,28,2025-08-11
CLM-2025-003302,Summit Behavioral Health Plan,90834,F43.12,161.83,Paid,,,N,,27,2025-03-01
CLM-2025-003303,Pinnacle Commercial Plan,90834,F90.0,142.83,Paid,,,N,,23,2025-02-23
CLM-2025-003304,Apex Medicare Advantage,96130,F31.30,183.0,Paid,,,N,,17,2025-05-13
CLM-2025-003305,Gateway Health Cooperative,90834,F33.1,166.95,Denied,CO-50 Non-covered service - deemed not medically necessary,2025-03-13,Y,pending,100,2025-02-18
CLM-2025-003306,Summit Behavioral Health Plan,96127,F32.1,28.27,Paid,,,N,,25,2025-04-21
CLM-2025-003307,Harbor State Medicaid,90792,F43.12,286.64,Paid,,,N,,15,2025-03-11
CLM-2025-003308,Summit Behavioral Health Plan,90834,F90.0,165.46,Paid,,,N,,14,2025-07-14
CLM-2025-003309,Summit Behavioral Health Plan,90837,F31.30,176.98,Denied,CO-29 Timely filing - claim submitted past deadline,2025-08-31,Y,overturned,67,2025-08-01
CLM-2025-003310,Apex Medicare Advantage,96127,F90.0,30.38,Paid,,,N,,32,2025-06-09
CLM-2025-003311,Harbor State Medicaid,90834,F32.1,178.87,Denied,OA-23 Impact of prior payer adjudication,2025-05-02,Y,overturned,70,2025-04-10
CLM-2025-003312,Summit Behavioral Health Plan,90834,F41.1,150.29,Paid,,,N,,26,2025-08-12
CLM-2025-003313,Gateway Health Cooperative,90791,F90.0,265.61,Paid,,,N,,25,2025-02-09
CLM-2025-003314,Liberty Care PPO,90791,F32.1,288.28,Denied,CO-50 Non-covered service - deemed not medically necessary,2025-05-28,N,not appealed,106,2025-05-07
CLM-2025-003315,Harbor State Medicaid,90791,F90.0,272.25,Paid,,,N,,16,2025-05-16
CLM-2025-003316,Pinnacle Commercial Plan,90832,F43.12,121.5,Paid,,,N,,19,2025-04-29
CLM-2025-003317,Pinnacle Commercial Plan,90791,F90.0,313.82,Paid,,,N,,17,2025-04-20
CLM-2025-003318,Gateway Health Cooperative,96130,F32.1,244.34,Denied,CO-50 Non-covered service - deemed not medically necessary,2025-06-06,Y,overturned,62,2025-05-10
CLM-2025-003319,Summit Behavioral Health Plan,96127,F41.1,34.89,Denied,CO-50 Non-covered service - deemed not medically necessary,2025-03-22,Y,overturned,84,2025-03-05
CLM-2025-003320,Summit Behavioral Health Plan,90834,F41.1,129.33,Paid,,,N,,30,2025-04-07
CLM-2025-003321,Apex Medicare Advantage,90791,F32.1,277.29,Paid,,,N,,22,2025-07-10
CLM-2025-003322,Liberty Care PPO,90853,F32.1,66.85,Denied,CO-50 Non-covered service - deemed not medically necessary,2025-07-17,N,not appealed,85,2025-07-05
CLM-2025-003323,Summit Behavioral Health Plan,96130,F41.1,255.49,Paid,,,N,,28,2025-02-17
CLM-2025-003324,Apex Medicare Advantage,96127,F90.0,25.11,Denied,CO-16 Claim lacks information needed for adjudication,2025-04-13,N,not appealed,90,2025-03-21
CLM-2025-003325,Harbor State Medicaid,90834,F41.1,147.86,Denied,CO-29 Timely filing - claim submitted past deadline,2025-01-27,Y,overturned,84,2025-01-13
CLM-2025-003326,Liberty Care PPO,96127,F41.1,39.15,Denied,CO-50 Non-covered service - deemed not medically necessary,2025-04-09,N,not appealed,97,2025-03-24
CLM-2025-003327,Pinnacle Commercial Plan,90791,F33.1,315.58,Paid,,,N,,30,2025-05-06
CLM-2025-003328,Liberty Care PPO,96127,F32.1,26.93,Denied,CO-96 Non-covered charges,2025-03-20,N,not appealed,79,2025-02-19
CLM-2025-003329,Summit Behavioral Health Plan,90832,F43.12,103.77,Paid,,,N,,12,2025-06-19
CLM-2025-003330,Gateway Health Cooperative,90832,F32.1,112.33,Denied,CO-96 Non-covered charges,2025-07-21,Y,upheld,70,2025-06-25
CLM-2025-003331,Pinnacle Commercial Plan,90834,F33.1,154.54,Denied,CO-96 Non-covered charges,2025-08-25,N,not appealed,83,2025-08-02
CLM-2025-003332,Apex Medicare Advantage,90834,F43.12,166.09,Paid,,,N,,32,2025-07-19
CLM-2025-003333,Pinnacle Commercial Plan,90791,F90.0,291.91,Paid,,,N,,25,2025-05-31
CLM-2025-003334,Liberty Care PPO,90792,F43.12,340.77,Denied,CO-50 Non-covered service - deemed not medically necessary,2025-05-08,Y,overturned,80,2025-04-25
CLM-2025-003335,Summit Behavioral Health Plan,90837,F32.1,182.28,Paid,,,N,,16,2025-01-27
CLM-2025-003336,Liberty Care PPO,90791,F31.30,272.27,Denied,CO-97 Payment included in another service already adjudicated,2025-06-27,Y,overturned,105,2025-05-29
CLM-2025-003337,Summit Behavioral Health Plan,90832,F90.0,109.16,Paid,,,N,,24,2025-06-12
CLM-2025-003338,Liberty Care PPO,90834,F90.0,166.43,Paid,,,N,,28,2025-08-14
CLM-2025-003339,Pinnacle Commercial Plan,90853,F31.30,75.95,Denied,CO-50 Non-covered service - deemed not medically necessary,2025-03-14,Y,overturned,60,2025-02-22
CLM-2025-003340,Pinnacle Commercial Plan,90832,F41.1,108.17,Denied,CO-96 Non-covered charges,2025-04-13,N,not appealed,85,2025-03-25
CLM-2025-003341,Apex Medicare Advantage,90834,F90.0,140.28,Paid,,,N,,32,2025-03-19
CLM-2025-003342,Harbor State Medicaid,90834,F43.12,170.05,Paid,,,N,,12,2025-08-01
CLM-2025-003343,Summit Behavioral Health Plan,90834,F41.1,123.69,Paid,,,N,,22,2025-03-03
CLM-2025-003344,Gateway Health Cooperative,90832,F41.1,97.25,Denied,CO-29 Timely filing - claim submitted past deadline,2025-08-27,Y,overturned,72,2025-08-11
CLM-2025-003345,Summit Behavioral Health Plan,90853,F90.0,78.15,Paid,,,N,,14,2025-02-22
CLM-2025-003346,Liberty Care PPO,90791,F41.1,279.55,Denied,CO-50 Non-covered service - deemed not medically necessary,2025-06-29,Y,overturned,76,2025-06-08
CLM-2025-003347,Harbor State Medicaid,90834,F41.1,134.44,Paid,,,N,,19,2025-08-24
CLM-2025-003348,Summit Behavioral Health Plan,96127,F90.0,37.51,Paid,,,N,,23,2025-03-03
CLM-2025-003349,Gateway Health Cooperative,96130,F41.1,189.69,Denied,CO-50 Non-covered service - deemed not medically necessary,2025-07-04,N,not appealed,77,2025-06-05
CLM-2025-003350,Summit Behavioral Health Plan,90792,F31.30,321.8,Denied,CO-18 Duplicate claim/service,2025-06-23,Y,overturned,81,2025-06-04
CLM-2025-003351,Apex Medicare Advantage,90791,F32.1,256.18,Denied,CO-16 Claim lacks information needed for adjudication,2025-07-12,Y,overturned,66,2025-06-20
CLM-2025-003352,Pinnacle Commercial Plan,90834,F33.1,163.08,Paid,,,N,,32,2025-07-04
CLM-2025-003353,Gateway Health Cooperative,90834,F32.1,155.98,Paid,,,N,,33,2025-07-11
CLM-2025-003354,Pinnacle Commercial Plan,90792,F33.1,280.05,Paid,,,N,,22,2025-07-11
CLM-2025-003355,Summit Behavioral Health Plan,90832,F31.30,128.49,Paid,,,N,,29,2025-06-15
CLM-2025-003356,Pinnacle Commercial Plan,90832,F90.0,105.07,Denied,CO-96 Non-covered charges,2025-07-24,N,not appealed,67,2025-07-12
CLM-2025-003357,Apex Medicare Advantage,96130,F31.30,208.22,Paid,,,N,,17,2025-06-12
CLM-2025-003358,Harbor State Medicaid,90837,F90.0,218.44,Paid,,,N,,16,2025-09-11
CLM-2025-003359,Liberty Care PPO,90834,F31.30,159.53,Paid,,,N,,20,2025-08-23
CLM-2025-003360,Summit Behavioral Health Plan,90853,F32.1,64.8,Paid,,,N,,22,2025-08-04
CLM-2025-003361,Apex Medicare Advantage,90791,F31.30,316.22,Denied,CO-50 Non-covered service - deemed not medically necessary,2025-06-28,N,not appealed,80,2025-06-14
CLM-2025-003362,Apex Medicare Advantage,90834,F32.1,175.64,Paid,,,N,,29,2025-04-14
CLM-2025-003363,Gateway Health Cooperative,90832,F41.1,99.84,Paid,,,N,,17,2025-02-25
CLM-2025-003364,Apex Medicare Advantage,90834,F41.1,124.3,Paid,,,N,,30,2025-04-12
CLM-2025-003365,Gateway Health Cooperative,90837,F41.1,182.06,Paid,,,N,,16,2025-08-27
CLM-2025-003366,Liberty Care PPO,90792,F32.1,311.16,Denied,CO-29 Timely filing - claim submitted past deadline,2025-02-11,N,not appealed,80,2025-01-16
CLM-2025-003367,Apex Medicare Advantage,90834,F41.1,174.47,Paid,,,N,,16,2025-08-17
CLM-2025-003368,Summit Behavioral Health Plan,90832,F31.30,103.78,Paid,,,N,,24,2025-06-15
CLM-2025-003369,Liberty Care PPO,90832,F43.12,128.84,Denied,CO-96 Non-covered charges,2025-08-05,Y,upheld,91,2025-07-07
CLM-2025-003370,Liberty Care PPO,90791,F41.1,348.54,Paid,,,N,,19,2025-08-29
CLM-2025-003371,Summit Behavioral Health Plan,90853,F32.1,80.02,Paid,,,N,,23,2025-08-02
CLM-2025-003372,Summit Behavioral Health Plan,90834,F90.0,137.57,Paid,,,N,,19,2025-04-29
CLM-2025-003373,Pinnacle Commercial Plan,90834,F90.0,168.33,Paid,,,N,,26,2025-02-21
CLM-2025-003374,Harbor State Medicaid,90832,F41.1,122.31,Paid,,,N,,15,2025-05-11
CLM-2025-003375,Gateway Health Cooperative,90834,F43.12,165.08,Paid,,,N,,22,2025-05-06
CLM-2025-003376,Apex Medicare Advantage,90834,F41.1,155.32,Paid,,,N,,32,2025-02-17
CLM-2025-003377,Liberty Care PPO,90834,F33.1,127.22,Paid,,,N,,28,2025-04-20
CLM-2025-003378,Summit Behavioral Health Plan,90834,F43.12,127.78,Paid,,,N,,29,2025-04-23
CLM-2025-003379,Harbor State Medicaid,96127,F31.30,27.14,Paid,,,N,,22,2025-01-19
CLM-2025-003380,Summit Behavioral Health Plan,90834,F90.0,145.07,Paid,,,N,,19,2025-02-20
CLM-2025-003381,Gateway Health Cooperative,90837,F43.12,196.83,Denied,CO-29 Timely filing - claim submitted past deadline,2025-08-13,N,not appealed,59,2025-07-24
CLM-2025-003382,Summit Behavioral Health Plan,90791,F31.30,293.71,Paid,,,N,,17,2025-04-11
CLM-2025-003383,Summit Behavioral Health Plan,90792,F90.0,369.3,Paid,,,N,,12,2025-05-26
CLM-2025-003384,Liberty Care PPO,90834,F43.12,149.56,Paid,,,N,,22,2025-05-04
CLM-2025-003385,Liberty Care PPO,96127,F31.30,29.37,Paid,,,N,,24,2025-01-19
CLM-2025-003386,Summit Behavioral Health Plan,90837,F33.1,168.04,Paid,,,N,,16,2025-05-01
CLM-2025-003387,Pinnacle Commercial Plan,90792,F41.1,344.51,Denied,CO-97 Payment included in another service already adjudicated,2025-07-22,Y,upheld,85,2025-07-02
CLM-2025-003388,Apex Medicare Advantage,90853,F90.0,73.36,Paid,,,N,,21,2025-02-25
CLM-2025-003389,Gateway Health Cooperative,96127,F43.12,36.76,Denied,CO-50 Non-covered service - deemed not medically necessary,2025-05-11,N,not appealed,64,2025-04-25
CLM-2025-003390,Summit Behavioral Health Plan,96130,F31.30,183.92,Paid,,,N,,28,2025-06-28
CLM-2025-003391,Harbor State Medicaid,90791,F43.12,331.71,Paid,,,N,,22,2025-02-27
CLM-2025-003392,Summit Behavioral Health Plan,96127,F90.0,35.14,Paid,,,N,,28,2025-01-11
CLM-2025-003393,Summit Behavioral Health Plan,96130,F90.0,223.22,Paid,,,N,,14,2025-05-13
CLM-2025-003394,Gateway Health Cooperative,90834,F31.30,171.11,Paid,,,N,,23,2025-06-28
CLM-2025-003395,Pinnacle Commercial Plan,96127,F32.1,33.99,Paid,,,N,,29,2025-05-29
CLM-2025-003396,Summit Behavioral Health Plan,90837,F41.1,163.12,Denied,CO-97 Payment included in another service already adjudicated,2025-02-26,N,not appealed,63,2025-02-12
CLM-2025-003397,Liberty Care PPO,90853,F32.1,89.07,Denied,CO-50 Non-covered service - deemed not medically necessary,2025-02-18,Y,overturned,98,2025-01-25
CLM-2025-003398,Gateway Health Cooperative,96127,F43.12,34.63,Denied,CO-197 Precertification/authorization absent,2025-09-15,N,not appealed,57,2025-08-18
CLM-2025-003399,Liberty Care PPO,90837,F32.1,163.68,Denied,CO-50 Non-covered service - deemed not medically necessary,2025-04-08,Y,upheld,86,2025-03-16
CLM-2025-003400,Summit Behavioral Health Plan,90832,F43.12,103.21,Paid,,,N,,20,2025-06-17
CLM-2025-003401,Apex Medicare Advantage,90832,F33.1,102.41,Paid,,,N,,20,2025-04-06
CLM-2025-003402,Summit Behavioral Health Plan,90837,F90.0,166.19,Paid,,,N,,24,2025-05-18
CLM-2025-003403,Liberty Care PPO,90791,F90.0,334.08,Denied,CO-50 Non-covered service - deemed not medically necessary,2025-06-08,Y,overturned,107,2025-05-26
CLM-2025-003404,Summit Behavioral Health Plan,96127,F43.12,32.91,Paid,,,N,,27,2025-06-20
CLM-2025-003405,Gateway Health Cooperative,90834,F43.12,126.4,Paid,,,N,,30,2025-08-31
CLM-2025-003406,Harbor State Medicaid,90791,F90.0,306.88,Paid,,,N,,17,2025-08-05
CLM-2025-003407,Liberty Care PPO,90837,F31.30,191.28,Denied,CO-50 Non-covered service - deemed not medically necessary,2025-03-11,Y,pending,85,2025-02-25
CLM-2025-003408,Pinnacle Commercial Plan,90834,F41.1,178.74,Denied,CO-96 Non-covered charges,2025-05-10,Y,overturned,80,2025-04-11
CLM-2025-003409,Liberty Care PPO,90792,F33.1,316.96,Denied,CO-50 Non-covered service - deemed not medically necessary,2025-10-06,N,not appealed,97,2025-09-06
CLM-2025-003410,Summit Behavioral Health Plan,90792,F41.1,320.02,Paid,,,N,,27,2025-01-30
CLM-2025-003411,Liberty Care PPO,90791,F43.12,318.13,Denied,CO-50 Non-covered service - deemed not medically necessary,2025-08-31,Y,upheld,65,2025-08-02
CLM-2025-003412,Pinnacle Commercial Plan,90853,F43.12,60.19,Denied,PR-27 Expenses incurred after coverage terminated,2025-04-29,Y,upheld,87,2025-04-03
CLM-2025-003413,Apex Medicare Advantage,90853,F33.1,66.66,Paid,,,N,,15,2025-01-23
CLM-2025-003414,Summit Behavioral Health Plan,90791,F33.1,301.79,Denied,CO-96 Non-covered charges,2025-05-24,Y,overturned,50,2025-04-25
CLM-2025-003415,Apex Medicare Advantage,90834,F31.30,148.31,Denied,CO-97 Payment included in another service already adjudicated,2025-08-28,N,not appealed,100,2025-08-09
CLM-2025-003416,Pinnacle Commercial Plan,96130,F90.0,243.47,Paid,,,N,,19,2025-05-02
CLM-2025-003417,Summit Behavioral Health Plan,90837,F33.1,177.55,Paid,,,N,,27,2025-02-07
CLM-2025-003418,Gateway Health Cooperative,96127,F43.12,27.98,Denied,CO-109 Claim not covered by this payer/contractor,2025-02-06,Y,upheld,100,2025-01-21
CLM-2025-003419,Pinnacle Commercial Plan,90792,F33.1,309.52,Denied,CO-18 Duplicate claim/service,2025-05-24,Y,upheld,104,2025-05-11
CLM-2025-003420,Gateway Health Cooperative,96130,F43.12,187.51,Paid,,,N,,27,2025-08-07
CLM-2025-003421,Harbor State Medicaid,90837,F90.0,194.95,Paid,,,N,,21,2025-02-02
CLM-2025-003422,Apex Medicare Advantage,90834,F90.0,143.93,Paid,,,N,,26,2025-04-20
CLM-2025-003423,Apex Medicare Advantage,90832,F33.1,101.5,Denied,CO-16 Claim lacks information needed for adjudication,2025-01-26,Y,upheld,73,2025-01-10
CLM-2025-003424,Harbor State Medicaid,96130,F31.30,210.39,Paid,,,N,,17,2025-04-09
CLM-2025-003425,Gateway Health Cooperative,96130,F32.1,194.58,Denied,CO-96 Non-covered charges,2025-06-15,Y,overturned,73,2025-06-03
CLM-2025-003426,Apex Medicare Advantage,90832,F32.1,92.0,Paid,,,N,,32,2025-04-01
CLM-2025-003427,Summit Behavioral Health Plan,96127,F31.30,29.93,Denied,CO-50 Non-covered service - deemed not medically necessary,2025-07-20,Y,pending,52,2025-07-04
CLM-2025-003428,Summit Behavioral Health Plan,90834,F41.1,154.31,Denied,CO-97 Payment included in another service already adjudicated,2025-07-18,Y,upheld,63,2025-06-26
CLM-2025-003429,Summit Behavioral Health Plan,90832,F41.1,110.02,Paid,,,N,,14,2025-04-07
CLM-2025-003430,Apex Medicare Advantage,90791,F90.0,307.05,Denied,CO-96 Non-covered charges,2025-06-19,N,not appealed,100,2025-05-31
CLM-2025-003431,Apex Medicare Advantage,90834,F33.1,158.01,Paid,,,N,,18,2025-06-28
CLM-2025-003432,Summit Behavioral Health Plan,90832,F90.0,127.7,Denied,CO-29 Timely filing - claim submitted past deadline,2025-07-27,Y,overturned,59,2025-07-02
CLM-2025-003433,Liberty Care PPO,90834,F43.12,135.83,Denied,CO-29 Timely filing - claim submitted past deadline,2025-09-09,Y,pending,67,2025-08-24
CLM-2025-003434,Gateway Health Cooperative,90837,F32.1,199.47,Paid,,,N,,15,2025-05-25
CLM-2025-003435,Summit Behavioral Health Plan,90837,F32.1,182.62,Denied,CO-50 Non-covered service - deemed not medically necessary,2025-04-19,Y,upheld,81,2025-03-28
CLM-2025-003436,Pinnacle Commercial Plan,90834,F31.30,159.1,Paid,,,N,,22,2025-01-20
CLM-2025-003437,Harbor State Medicaid,90834,F31.30,145.25,Paid,,,N,,19,2025-08-26
CLM-2025-003438,Gateway Health Cooperative,90853,F32.1,66.02,Paid,,,N,,15,2025-01-28
CLM-2025-003439,Gateway Health Cooperative,90834,F43.12,151.58,Denied,CO-18 Duplicate claim/service,2025-07-03,Y,pending,74,2025-06-05
CLM-2025-003440,Pinnacle Commercial Plan,90834,F43.12,122.69,Paid,,,N,,23,2025-06-19
CLM-2025-003441,Liberty Care PPO,96130,F43.12,185.16,Paid,,,N,,23,2025-08-19
CLM-2025-003442,Gateway Health Cooperative,90791,F32.1,323.96,Paid,,,N,,21,2025-08-30
CLM-2025-003443,Gateway Health Cooperative,90834,F90.0,125.31,Denied,CO-109 Claim not covered by this payer/contractor,2025-04-28,Y,upheld,63,2025-04-16
CLM-2025-003444,Harbor State Medicaid,90837,F32.1,185.75,Paid,,,N,,23,2025-04-05
CLM-2025-003445,Pinnacle Commercial Plan,90834,F31.30,147.53,Paid,,,N,,16,2025-03-12
CLM-2025-003446,Pinnacle Commercial Plan,96127,F32.1,28.3,Paid,,,N,,33,2025-01-15
CLM-2025-003447,Harbor State Medicaid,90837,F32.1,204.5,Paid,,,N,,17,2025-08-14
CLM-2025-003448,Harbor State Medicaid,90837,F33.1,197.12,Denied,CO-29 Timely filing - claim submitted past deadline,2025-09-28,N,not appealed,53,2025-09-13
CLM-2025-003449,Gateway Health Cooperative,90837,F90.0,188.46,Paid,,,N,,34,2025-07-12
CLM-2025-003450,Summit Behavioral Health Plan,90837,F90.0,184.33,Paid,,,N,,15,2025-04-25
CLM-2025-003451,Apex Medicare Advantage,90834,F41.1,172.18,Paid,,,N,,20,2025-06-23
CLM-2025-003452,Liberty Care PPO,90832,F31.30,111.79,Denied,CO-50 Non-covered service - deemed not medically necessary,2025-07-19,N,not appealed,105,2025-06-25
CLM-2025-003453,Summit Behavioral Health Plan,96127,F41.1,27.58,Paid,,,N,,25,2025-02-22
CLM-2025-003454,Liberty Care PPO,90853,F43.12,75.45,Paid,,,N,,32,2025-07-04
CLM-2025-003455,Gateway Health Cooperative,90791,F33.1,289.52,Denied,CO-109 Claim not covered by this payer/contractor,2025-03-19,N,not appealed,55,2025-02-18
CLM-2025-003456,Apex Medicare Advantage,90834,F33.1,134.51,Paid,,,N,,18,2025-05-30
CLM-2025-003457,Liberty Care PPO,90837,F41.1,188.82,Denied,CO-50 Non-covered service - deemed not medically necessary,2025-05-24,Y,pending,77,2025-04-27
CLM-2025-003458,Harbor State Medicaid,90834,F32.1,164.52,Denied,CO-50 Non-covered service - deemed not medically necessary,2025-04-18,Y,overturned,69,2025-03-28
CLM-2025-003459,Liberty Care PPO,90834,F32.1,131.31,Paid,,,N,,36,2025-09-07
CLM-2025-003460,Harbor State Medicaid,96127,F33.1,38.01,Denied,CO-29 Timely filing - claim submitted past deadline,2025-08-13,N,not appealed,64,2025-07-30
CLM-2025-003461,Apex Medicare Advantage,90791,F33.1,337.3,Denied,CO-16 Claim lacks information needed for adjudication,2025-08-09,Y,upheld,95,2025-07-23
CLM-2025-003462,Summit Behavioral Health Plan,96130,F90.0,224.89,Paid,,,N,,13,2025-04-05
CLM-2025-003463,Gateway Health Cooperative,90837,F43.12,206.44,Denied,CO-50 Non-covered service - deemed not medically necessary,2025-03-13,Y,pending,96,2025-02-25
CLM-2025-003464,Apex Medicare Advantage,90853,F33.1,61.08,Paid,,,N,,14,2025-02-18
CLM-2025-003465,Liberty Care PPO,90837,F41.1,180.68,Denied,CO-50 Non-covered service - deemed not medically necessary,2025-03-06,Y,overturned,72,2025-02-16
CLM-2025-003466,Gateway Health Cooperative,90791,F32.1,266.81,Paid,,,N,,29,2025-01-09
CLM-2025-003467,Gateway Health Cooperative,90791,F33.1,263.61,Denied,CO-97 Payment included in another service already adjudicated,2025-08-20,Y,upheld,91,2025-07-26
CLM-2025-003468,Liberty Care PPO,90832,F31.30,127.81,Denied,CO-50 Non-covered service - deemed not medically necessary,2025-07-09,Y,upheld,70,2025-06-17
CLM-2025-003469,Pinnacle Commercial Plan,90853,F31.30,69.15,Paid,,,N,,29,2025-09-09
CLM-2025-003470,Gateway Health Cooperative,96127,F31.30,28.84,Paid,,,N,,29,2025-04-13
CLM-2025-003471,Pinnacle Commercial Plan,90834,F33.1,138.24,Denied,CO-29 Timely filing - claim submitted past deadline,2025-03-23,Y,overturned,95,2025-03-03
CLM-2025-003472,Harbor State Medicaid,90837,F43.12,185.13,Paid,,,N,,23,2025-02-25
CLM-2025-003473,Summit Behavioral Health Plan,90792,F31.30,309.67,Denied,CO-109 Claim not covered by this payer/contractor,2025-09-05,N,not appealed,77,2025-08-13
CLM-2025-003474,Gateway Health Cooperative,96127,F41.1,37.48,Paid,,,N,,23,2025-04-27
CLM-2025-003475,Apex Medicare Advantage,90832,F31.30,91.17,Paid,,,N,,25,2025-08-01
CLM-2025-003476,Apex Medicare Advantage,90791,F43.12,300.79,Paid,,,N,,27,2025-03-21
CLM-2025-003477,Pinnacle Commercial Plan,90837,F31.30,173.11,Denied,CO-16 Claim lacks information needed for adjudication,2025-04-05,N,not appealed,104,2025-03-11
CLM-2025-003478,Liberty Care PPO,90834,F31.30,141.36,Denied,CO-16 Claim lacks information needed for adjudication,2025-08-19,N,not appealed,67,2025-07-27
CLM-2025-003479,Apex Medicare Advantage,90834,F41.1,144.05,Paid,,,N,,15,2025-07-12
CLM-2025-003480,Liberty Care PPO,90832,F43.12,126.71,Denied,CO-50 Non-covered service - deemed not medically necessary,2025-08-14,Y,upheld,96,2025-07-19
CLM-2025-003481,Harbor State Medicaid,96127,F33.1,33.85,Paid,,,N,,15,2025-06-17
CLM-2025-003482,Gateway Health Cooperative,96130,F43.12,180.38,Denied,CO-97 Payment included in another service already adjudicated,2025-09-21,N,not appealed,77,2025-08-30
CLM-2025-003483,Summit Behavioral Health Plan,90791,F31.30,263.27,Denied,OA-23 Impact of prior payer adjudication,2025-06-29,N,not appealed,85,2025-06-17
CLM-2025-003484,Summit Behavioral Health Plan,90832,F32.1,99.08,Paid,,,N,,20,2025-02-10
CLM-2025-003485,Pinnacle Commercial Plan,90837,F41.1,201.07,Paid,,,N,,26,2025-07-17
CLM-2025-003486,Summit Behavioral Health Plan,90853,F32.1,81.75,Denied,CO-29 Timely filing - claim submitted past deadline,2025-03-05,Y,upheld,60,2025-02-03
CLM-2025-003487,Liberty Care PPO,90792,F33.1,326.07,Paid,,,N,,39,2025-02-13
CLM-2025-003488,Liberty Care PPO,90792,F32.1,346.78,Denied,CO-50 Non-covered service - deemed not medically necessary,2025-07-21,Y,upheld,108,2025-07-02
CLM-2025-003489,Liberty Care PPO,90832,F33.1,128.18,Paid,,,N,,19,2025-06-16
CLM-2025-003490,Pinnacle Commercial Plan,90853,F43.12,78.77,Denied,CO-50 Non-covered service - deemed not medically necessary,2025-03-27,Y,overturned,103,2025-03-06
CLM-2025-003491,Summit Behavioral Health Plan,90834,F90.0,121.88,Paid,,,N,,29,2025-02-09
CLM-2025-003492,Pinnacle Commercial Plan,90834,F90.0,131.99,Paid,,,N,,20,2025-03-11
CLM-2025-003493,Pinnacle Commercial Plan,90837,F33.1,209.83,Paid,,,N,,21,2025-09-09
CLM-2025-003494,Pinnacle Commercial Plan,90832,F90.0,94.06,Paid,,,N,,32,2025-01-13
CLM-2025-003495,Summit Behavioral Health Plan,96130,F90.0,232.4,Denied,CO-29 Timely filing - claim submitted past deadline,2025-02-28,Y,overturned,88,2025-02-15
CLM-2025-003496,Pinnacle Commercial Plan,90832,F41.1,121.6,Paid,,,N,,26,2025-08-30
CLM-2025-003497,Harbor State Medicaid,90834,F32.1,149.64,Paid,,,N,,21,2025-03-26
CLM-2025-003498,Liberty Care PPO,90837,F41.1,195.41,Paid,,,N,,39,2025-08-28
CLM-2025-003499,Gateway Health Cooperative,90834,F32.1,133.65,Denied,CO-16 Claim lacks information needed for adjudication,2025-09-25,N,not appealed,88,2025-09-05
CLM-2025-003500,Harbor State Medicaid,90834,F43.12,122.31,Paid,,,N,,11,2025-04-04
CLM-2025-003501,Gateway Health Cooperative,90837,F33.1,163.43,Paid,,,N,,26,2025-06-10
CLM-2025-003502,Liberty Care PPO,90791,F43.12,317.95,Paid,,,N,,25,2025-02-19
CLM-2025-003503,Summit Behavioral Health Plan,90832,F33.1,108.86,Paid,,,N,,17,2025-04-29
CLM-2025-003504,Apex Medicare Advantage,90791,F33.1,321.83,Denied,CO-96 Non-covered charges,2025-06-26,Y,pending,100,2025-06-06
CLM-2025-003505,Summit Behavioral Health Plan,90832,F43.12,107.44,Denied,CO-16 Claim lacks information needed for adjudication,2025-04-24,N,not appealed,60,2025-04-11
CLM-2025-003506,Gateway Health Cooperative,90834,F31.30,149.02,Denied,CO-50 Non-covered service - deemed not medically necessary,2025-07-05,N,not appealed,62,2025-06-19
CLM-2025-003507,Harbor State Medicaid,96127,F90.0,34.07,Paid,,,N,,15,2025-08-25
CLM-2025-003508,Pinnacle Commercial Plan,96127,F41.1,28.2,Denied,CO-96 Non-covered charges,2025-06-10,Y,upheld,63,2025-05-16
CLM-2025-003509,Gateway Health Cooperative,90834,F41.1,169.21,Denied,CO-18 Duplicate claim/service,2025-03-11,N,not appealed,59,2025-02-15
CLM-2025-003510,Pinnacle Commercial Plan,90834,F90.0,160.76,Paid,,,N,,16,2025-07-24
CLM-2025-003511,Liberty Care PPO,90834,F90.0,160.95,Paid,,,N,,27,2025-01-06
CLM-2025-003512,Liberty Care PPO,90834,F31.30,157.13,Denied,CO-50 Non-covered service - deemed not medically necessary,2025-02-15,Y,pending,76,2025-01-26
CLM-2025-003513,Summit Behavioral Health Plan,90853,F43.12,71.32,Paid,,,N,,29,2025-03-09
CLM-2025-003514,Apex Medicare Advantage,96127,F33.1,36.17,Paid,,,N,,15,2025-06-18
CLM-2025-003515,Summit Behavioral Health Plan,90834,F90.0,143.99,Denied,CO-16 Claim lacks information needed for adjudication,2025-02-07,Y,overturned,63,2025-01-18
CLM-2025-003516,Summit Behavioral Health Plan,90837,F33.1,187.55,Paid,,,N,,29,2025-03-23
CLM-2025-003517,Gateway Health Cooperative,90792,F43.12,358.88,Denied,CO-50 Non-covered service - deemed not medically necessary,2025-06-03,N,not appealed,97,2025-05-15
CLM-2025-003518,Summit Behavioral Health Plan,90792,F33.1,284.85,Denied,CO-96 Non-covered charges,2025-02-13,Y,overturned,59,2025-01-31
CLM-2025-003519,Summit Behavioral Health Plan,90832,F41.1,116.3,Paid,,,N,,17,2025-04-08
CLM-2025-003520,Summit Behavioral Health Plan,90834,F31.30,131.82,Paid,,,N,,24,2025-01-25
CLM-2025-003521,Apex Medicare Advantage,90837,F41.1,198.23,Paid,,,N,,21,2025-04-22
CLM-2025-003522,Apex Medicare Advantage,90837,F31.30,200.81,Paid,,,N,,21,2025-09-03
CLM-2025-003523,Gateway Health Cooperative,90837,F43.12,187.95,Paid,,,N,,34,2025-06-06
CLM-2025-003524,Apex Medicare Advantage,90834,F32.1,122.77,Denied,CO-96 Non-covered charges,2025-04-21,N,not appealed,85,2025-04-06
CLM-2025-003525,Harbor State Medicaid,90834,F33.1,146.02,Paid,,,N,,22,2025-05-29
CLM-2025-003526,Summit Behavioral Health Plan,90837,F43.12,191.99,Denied,CO-50 Non-covered service - deemed not medically necessary,2025-04-10,Y,pending,57,2025-03-29
CLM-2025-003527,Pinnacle Commercial Plan,90834,F33.1,124.83,Paid,,,N,,27,2025-07-29
CLM-2025-003528,Summit Behavioral Health Plan,90834,F41.1,156.33,Paid,,,N,,22,2025-06-12
CLM-2025-003529,Liberty Care PPO,90791,F90.0,268.61,Denied,CO-50 Non-covered service - deemed not medically necessary,2025-05-28,N,not appealed,108,2025-05-13
CLM-2025-003530,Apex Medicare Advantage,90834,F90.0,128.48,Paid,,,N,,26,2025-03-08
CLM-2025-003531,Summit Behavioral Health Plan,90837,F90.0,205.89,Paid,,,N,,29,2025-08-30
CLM-2025-003532,Summit Behavioral Health Plan,90791,F41.1,286.35,Denied,CO-18 Duplicate claim/service,2025-05-31,Y,overturned,52,2025-05-03
CLM-2025-003533,Summit Behavioral Health Plan,90791,F31.30,318.74,Paid,,,N,,24,2025-07-19
CLM-2025-003534,Harbor State Medicaid,90834,F90.0,167.25,Paid,,,N,,13,2025-02-20
CLM-2025-003535,Gateway Health Cooperative,90791,F32.1,345.14,Paid,,,N,,27,2025-01-24
CLM-2025-003536,Pinnacle Commercial Plan,90837,F31.30,170.45,Denied,CO-96 Non-covered charges,2025-02-20,Y,overturned,94,2025-02-01
CLM-2025-003537,Gateway Health Cooperative,90832,F33.1,126.92,Denied,CO-96 Non-covered charges,2025-05-30,Y,upheld,79,2025-05-08
CLM-2025-003538,Apex Medicare Advantage,96127,F41.1,38.9,Paid,,,N,,21,2025-04-12
CLM-2025-003539,Summit Behavioral Health Plan,90832,F31.30,98.8,Paid,,,N,,19,2025-06-09
CLM-2025-003540,Liberty Care PPO,90832,F33.1,123.72,Paid,,,N,,22,2025-06-02
CLM-2025-003541,Pinnacle Commercial Plan,90837,F32.1,216.88,Paid,,,N,,31,2025-06-24
CLM-2025-003542,Harbor State Medicaid,90834,F33.1,155.9,Denied,CO-96 Non-covered charges,2025-02-15,N,not appealed,54,2025-01-22
CLM-2025-003543,Apex Medicare Advantage,90791,F41.1,295.17,Denied,CO-97 Payment included in another service already adjudicated,2025-06-14,Y,pending,62,2025-05-17
CLM-2025-003544,Liberty Care PPO,90834,F90.0,179.33,Denied,CO-16 Claim lacks information needed for adjudication,2025-07-13,N,not appealed,98,2025-06-21
CLM-2025-003545,Apex Medicare Advantage,90853,F31.30,81.82,Paid,,,N,,29,2025-03-11
CLM-2025-003546,Pinnacle Commercial Plan,90834,F43.12,146.93,Denied,CO-109 Claim not covered by this payer/contractor,2025-02-05,Y,pending,77,2025-01-20
CLM-2025-003547,Apex Medicare Advantage,90834,F90.0,140.15,Paid,,,N,,17,2025-04-07
CLM-2025-003548,Apex Medicare Advantage,90834,F32.1,126.12,Denied,CO-96 Non-covered charges,2025-05-18,Y,overturned,81,2025-04-26
CLM-2025-003549,Summit Behavioral Health Plan,90791,F33.1,309.64,Paid,,,N,,17,2025-08-07
CLM-2025-003550,Gateway Health Cooperative,90837,F43.12,166.2,Paid,,,N,,20,2025-03-25
CLM-2025-003551,Apex Medicare Advantage,90834,F43.12,124.26,Paid,,,N,,30,2025-08-08
CLM-2025-003552,Pinnacle Commercial Plan,90837,F43.12,198.9,Paid,,,N,,21,2025-01-19
CLM-2025-003553,Gateway Health Cooperative,90791,F32.1,270.72,Denied,OA-23 Impact of prior payer adjudication,2025-06-05,Y,upheld,65,2025-05-13
CLM-2025-003554,Summit Behavioral Health Plan,90832,F41.1,129.35,Paid,,,N,,19,2025-04-23
CLM-2025-003555,Summit Behavioral Health Plan,90837,F33.1,191.61,Denied,PR-27 Expenses incurred after coverage terminated,2025-06-24,N,not appealed,53,2025-06-03
CLM-2025-003556,Summit Behavioral Health Plan,90837,F31.30,196.08,Paid,,,N,,22,2025-03-22
CLM-2025-003557,Apex Medicare Advantage,90834,F41.1,145.27,Paid,,,N,,32,2025-06-29
CLM-2025-003558,Apex Medicare Advantage,90853,F33.1,64.59,Paid,,,N,,18,2025-07-12
CLM-2025-003559,Summit Behavioral Health Plan,90834,F33.1,177.66,Paid,,,N,,20,2025-02-02
CLM-2025-003560,Summit Behavioral Health Plan,90837,F33.1,204.39,Paid,,,N,,14,2025-05-28
CLM-2025-003561,Gateway Health Cooperative,96127,F33.1,38.55,Paid,,,N,,27,2025-08-07
CLM-2025-003562,Pinnacle Commercial Plan,96127,F31.30,26.59,Paid,,,N,,28,2025-02-21
CLM-2025-003563,Pinnacle Commercial Plan,90791,F41.1,304.2,Paid,,,N,,27,2025-06-01
CLM-2025-003564,Summit Behavioral Health Plan,90853,F43.12,81.7,Paid,,,N,,15,2025-03-11
CLM-2025-003565,Liberty Care PPO,90832,F41.1,92.11,Paid,,,N,,33,2025-01-08
CLM-2025-003566,Apex Medicare Advantage,90834,F43.12,164.21,Paid,,,N,,27,2025-01-17
CLM-2025-003567,Gateway Health Cooperative,90834,F43.12,172.92,Paid,,,N,,34,2025-05-23
CLM-2025-003568,Summit Behavioral Health Plan,90837,F31.30,193.74,Paid,,,N,,17,2025-06-11
CLM-2025-003569,Gateway Health Cooperative,90834,F41.1,158.16,Paid,,,N,,16,2025-03-31
CLM-2025-003570,Liberty Care PPO,90834,F41.1,123.99,Paid,,,N,,33,2025-03-02
CLM-2025-003571,Summit Behavioral Health Plan,90834,F31.30,121.73,Denied,CO-29 Timely filing - claim submitted past deadline,2025-03-02,N,not appealed,95,2025-02-09
CLM-2025-003572,Harbor State Medicaid,90834,F31.30,159.03,Paid,,,N,,14,2025-02-18
CLM-2025-003573,Summit Behavioral Health Plan,90837,F31.30,212.77,Paid,,,N,,13,2025-03-05
CLM-2025-003574,Liberty Care PPO,96127,F41.1,27.77,Denied,PR-27 Expenses incurred after coverage terminated,2025-05-12,N,not appealed,71,2025-04-27
CLM-2025-003575,Gateway Health Cooperative,90834,F33.1,136.11,Paid,,,N,,22,2025-07-19
CLM-2025-003576,Summit Behavioral Health Plan,96130,F31.30,182.47,Denied,CO-16 Claim lacks information needed for adjudication,2025-04-10,Y,overturned,78,2025-03-18
CLM-2025-003577,Liberty Care PPO,90837,F32.1,216.28,Paid,,,N,,31,2025-06-26
CLM-2025-003578,Gateway Health Cooperative,96130,F33.1,213.32,Paid,,,N,,32,2025-01-08
CLM-2025-003579,Liberty Care PPO,90834,F43.12,141.09,Paid,,,N,,20,2025-05-24
CLM-2025-003580,Pinnacle Commercial Plan,90834,F31.30,139.2,Denied,CO-96 Non-covered charges,2025-02-23,N,not appealed,99,2025-02-09
CLM-2025-003581,Summit Behavioral Health Plan,96127,F32.1,27.69,Paid,,,N,,14,2025-06-25
CLM-2025-003582,Summit Behavioral Health Plan,90792,F43.12,318.33,Denied,CO-18 Duplicate claim/service,2025-04-01,Y,upheld,65,2025-03-15
CLM-2025-003583,Apex Medicare Advantage,90837,F31.30,185.97,Paid,,,N,,19,2025-09-02
CLM-2025-003584,Pinnacle Commercial Plan,90834,F43.12,134.02,Denied,CO-96 Non-covered charges,2025-04-28,N,not appealed,94,2025-04-14
CLM-2025-003585,Pinnacle Commercial Plan,90792,F43.12,347.68,Denied,CO-29 Timely filing - claim submitted past deadline,2025-08-13,Y,upheld,69,2025-07-28
CLM-2025-003586,Liberty Care PPO,90834,F43.12,160.4,Denied,CO-50 Non-covered service - deemed not medically necessary,2025-08-02,N,not appealed,108,2025-07-15
CLM-2025-003587,Apex Medicare Advantage,90837,F33.1,217.14,Paid,,,N,,17,2025-02-28
CLM-2025-003588,Harbor State Medicaid,90837,F43.12,182.87,Paid,,,N,,18,2025-03-12
CLM-2025-003589,Liberty Care PPO,90853,F41.1,84.36,Denied,CO-97 Payment included in another service already adjudicated,2025-04-12,N,not appealed,73,2025-03-19
CLM-2025-003590,Apex Medicare Advantage,90834,F41.1,146.99,Paid,,,N,,14,2025-04-03
CLM-2025-003591,Apex Medicare Advantage,90834,F43.12,178.44,Paid,,,N,,30,2025-06-17
CLM-2025-003592,Pinnacle Commercial Plan,96130,F90.0,228.7,Paid,,,N,,16,2025-08-09
CLM-2025-003593,Summit Behavioral Health Plan,90834,F90.0,174.26,Paid,,,N,,22,2025-03-19
CLM-2025-003594,Apex Medicare Advantage,90853,F33.1,74.11,Paid,,,N,,17,2025-01-17
CLM-2025-003595,Pinnacle Commercial Plan,90834,F43.12,120.27,Paid,,,N,,24,2025-07-29
CLM-2025-003596,Summit Behavioral Health Plan,90834,F33.1,147.32,Paid,,,N,,24,2025-03-19
CLM-2025-003597,Gateway Health Cooperative,90834,F90.0,146.02,Paid,,,N,,32,2025-06-05
CLM-2025-003598,Summit Behavioral Health Plan,90791,F90.0,320.08,Paid,,,N,,12,2025-07-04
CLM-2025-003599,Pinnacle Commercial Plan,96127,F32.1,31.5,Paid,,,N,,35,2025-01-27
CLM-2025-003600,Liberty Care PPO,90791,F41.1,252.63,Paid,,,N,,40,2025-07-29
CLM-2025-003601,Harbor State Medicaid,90834,F90.0,140.2,Paid,,,N,,16,2025-08-06
CLM-2025-003602,Gateway Health Cooperative,90791,F43.12,283.87,Paid,,,N,,14,2025-07-11
CLM-2025-003603,Gateway Health Cooperative,90834,F33.1,159.73,Paid,,,N,,19,2025-05-30
CLM-2025-003604,Summit Behavioral Health Plan,90837,F33.1,218.18,Paid,,,N,,25,2025-06-11
CLM-2025-003605,Apex Medicare Advantage,90834,F33.1,172.98,Paid,,,N,,14,2025-03-29
CLM-2025-003606,Gateway Health Cooperative,90853,F31.30,72.26,Paid,,,N,,21,2025-06-02
CLM-2025-003607,Apex Medicare Advantage,90834,F31.30,128.14,Paid,,,N,,19,2025-07-16
CLM-2025-003608,Pinnacle Commercial Plan,90834,F31.30,148.3,Paid,,,N,,26,2025-05-23
CLM-2025-003609,Pinnacle Commercial Plan,90791,F41.1,345.9,Denied,CO-16 Claim lacks information needed for adjudication,2025-04-19,N,not appealed,105,2025-03-31
CLM-2025-003610,Harbor State Medicaid,90834,F90.0,130.35,Paid,,,N,,18,2025-08-17
CLM-2025-003611,Harbor State Medicaid,90791,F41.1,291.13,Paid,,,N,,19,2025-05-18
CLM-2025-003612,Summit Behavioral Health Plan,90837,F32.1,211.57,Paid,,,N,,22,2025-06-26
CLM-2025-003613,Apex Medicare Advantage,90832,F32.1,118.8,Paid,,,N,,18,2025-01-11
CLM-2025-003614,Liberty Care PPO,90834,F32.1,156.06,Paid,,,N,,38,2025-09-10
CLM-2025-003615,Summit Behavioral Health Plan,90837,F43.12,198.56,Paid,,,N,,27,2025-08-14
CLM-2025-003616,Liberty Care PPO,90834,F32.1,165.54,Denied,CO-50 Non-covered service - deemed not medically necessary,2025-09-07,Y,overturned,92,2025-08-22
CLM-2025-003617,Summit Behavioral Health Plan,90834,F31.30,136.88,Denied,CO-97 Payment included in another service already adjudicated,2025-07-01,N,not appealed,95,2025-06-07
CLM-2025-003618,Summit Behavioral Health Plan,90791,F41.1,257.19,Denied,CO-97 Payment included in another service already adjudicated,2025-03-22,Y,overturned,53,2025-02-25
CLM-2025-003619,Liberty Care PPO,90832,F90.0,94.96,Denied,CO-50 Non-covered service - deemed not medically necessary,2025-04-19,N,not appealed,76,2025-03-24
CLM-2025-003620,Gateway Health Cooperative,96127,F90.0,30.82,Paid,,,N,,15,2025-04-29
CLM-2025-003621,Apex Medicare Advantage,96127,F43.12,33.31,Paid,,,N,,22,2025-05-11
CLM-2025-003622,Pinnacle Commercial Plan,96130,F43.12,248.7,Paid,,,N,,36,2025-03-16
CLM-2025-003623,Summit Behavioral Health Plan,90832,F33.1,110.1,Paid,,,N,,18,2025-02-10
CLM-2025-003624,Liberty Care PPO,90834,F32.1,135.22,Paid,,,N,,25,2025-09-09
CLM-2025-003625,Apex Medicare Advantage,90834,F33.1,153.45,Paid,,,N,,18,2025-01-12
CLM-2025-003626,Summit Behavioral Health Plan,96127,F33.1,31.32,Paid,,,N,,26,2025-01-26
CLM-2025-003627,Liberty Care PPO,90832,F90.0,93.04,Denied,CO-29 Timely filing - claim submitted past deadline,2025-08-03,N,not appealed,68,2025-07-21
CLM-2025-003628,Pinnacle Commercial Plan,90837,F33.1,162.79,Denied,CO-96 Non-covered charges,2025-08-07,Y,overturned,75,2025-07-14
CLM-2025-003629,Gateway Health Cooperative,90837,F43.12,180.6,Paid,,,N,,34,2025-09-08
CLM-2025-003630,Gateway Health Cooperative,90834,F41.1,140.52,Denied,CO-29 Timely filing - claim submitted past deadline,2025-09-21,Y,pending,98,2025-08-27
CLM-2025-003631,Harbor State Medicaid,90837,F32.1,160.81,Paid,,,N,,23,2025-03-13
CLM-2025-003632,Harbor State Medicaid,90837,F31.30,164.21,Paid,,,N,,19,2025-03-09
CLM-2025-003633,Harbor State Medicaid,90837,F32.1,209.47,Paid,,,N,,22,2025-01-26
CLM-2025-003634,Apex Medicare Advantage,90834,F33.1,164.14,Denied,CO-50 Non-covered service - deemed not medically necessary,2025-02-17,N,not appealed,83,2025-01-26
CLM-2025-003635,Pinnacle Commercial Plan,90832,F33.1,107.06,Denied,CO-96 Non-covered charges,2025-07-25,N,not appealed,101,2025-07-11
CLM-2025-003636,Liberty Care PPO,90834,F31.30,120.0,Paid,,,N,,31,2025-05-04
CLM-2025-003637,Liberty Care PPO,90837,F90.0,206.92,Paid,,,N,,40,2025-05-26
CLM-2025-003638,Apex Medicare Advantage,90837,F33.1,202.72,Paid,,,N,,32,2025-04-19
CLM-2025-003639,Liberty Care PPO,90834,F33.1,157.13,Denied,CO-50 Non-covered service - deemed not medically necessary,2025-07-27,Y,overturned,110,2025-07-08
CLM-2025-003640,Summit Behavioral Health Plan,90834,F32.1,137.15,Denied,CO-97 Payment included in another service already adjudicated,2025-04-15,N,not appealed,77,2025-03-27
CLM-2025-003641,Summit Behavioral Health Plan,90792,F33.1,305.34,Denied,CO-50 Non-covered service - deemed not medically necessary,2025-02-16,Y,overturned,69,2025-01-23
CLM-2025-003642,Liberty Care PPO,90832,F32.1,112.07,Paid,,,N,,34,2025-03-11
CLM-2025-003643,Liberty Care PPO,90832,F33.1,101.97,Denied,CO-50 Non-covered service - deemed not medically necessary,2025-08-25,Y,pending,108,2025-08-05
CLM-2025-003644,Summit Behavioral Health Plan,90837,F90.0,206.99,Denied,CO-96 Non-covered charges,2025-07-04,Y,overturned,94,2025-06-20
CLM-2025-003645,Gateway Health Cooperative,90834,F90.0,138.61,Paid,,,N,,20,2025-05-08
CLM-2025-003646,Summit Behavioral Health Plan,90832,F43.12,104.66,Denied,CO-50 Non-covered service - deemed not medically necessary,2025-07-25,Y,overturned,76,2025-06-27
CLM-2025-003647,Pinnacle Commercial Plan,90834,F41.1,124.71,Paid,,,N,,32,2025-09-06
CLM-2025-003648,Pinnacle Commercial Plan,90834,F32.1,130.07,Paid,,,N,,26,2025-05-11
CLM-2025-003649,Liberty Care PPO,90837,F43.12,197.19,Denied,CO-50 Non-covered service - deemed not medically necessary,2025-06-02,N,not appealed,100,2025-05-19
CLM-2025-003650,Harbor State Medicaid,90834,F32.1,168.46,Paid,,,N,,22,2025-04-12
CLM-2025-003651,Gateway Health Cooperative,90832,F32.1,98.22,Denied,CO-18 Duplicate claim/service,2025-07-05,Y,upheld,57,2025-06-05
CLM-2025-003652,Gateway Health Cooperative,96130,F32.1,256.84,Paid,,,N,,26,2025-08-03
CLM-2025-003653,Summit Behavioral Health Plan,90791,F41.1,310.67,Paid,,,N,,15,2025-03-26
CLM-2025-003654,Gateway Health Cooperative,96127,F31.30,33.61,Denied,CO-16 Claim lacks information needed for adjudication,2025-08-22,N,not appealed,61,2025-08-09
CLM-2025-003655,Summit Behavioral Health Plan,90834,F41.1,129.28,Denied,CO-50 Non-covered service - deemed not medically necessary,2025-04-15,Y,overturned,71,2025-03-22
CLM-2025-003656,Pinnacle Commercial Plan,90834,F32.1,131.75,Denied,CO-96 Non-covered charges,2025-09-24,Y,overturned,60,2025-09-06
CLM-2025-003657,Liberty Care PPO,90834,F32.1,160.3,Denied,OA-23 Impact of prior payer adjudication,2025-09-16,Y,upheld,107,2025-08-22
CLM-2025-003658,Pinnacle Commercial Plan,90834,F31.30,144.41,Denied,CO-16 Claim lacks information needed for adjudication,2025-05-18,N,not appealed,79,2025-04-26
CLM-2025-003659,Summit Behavioral Health Plan,90834,F43.12,178.43,Denied,CO-97 Payment included in another service already adjudicated,2025-06-26,Y,pending,69,2025-06-06
CLM-2025-003660,Gateway Health Cooperative,96127,F32.1,38.76,Paid,,,N,,17,2025-01-11
CLM-2025-003661,Harbor State Medicaid,90837,F90.0,218.93,Paid,,,N,,10,2025-07-01
CLM-2025-003662,Summit Behavioral Health Plan,90837,F31.30,210.41,Paid,,,N,,16,2025-07-11
CLM-2025-003663,Summit Behavioral Health Plan,90832,F32.1,122.0,Paid,,,N,,25,2025-04-19
CLM-2025-003664,Pinnacle Commercial Plan,96127,F32.1,27.28,Paid,,,N,,27,2025-06-17
CLM-2025-003665,Harbor State Medicaid,90834,F90.0,159.02,Paid,,,N,,22,2025-08-07
CLM-2025-003666,Liberty Care PPO,90792,F31.30,332.91,Paid,,,N,,40,2025-03-16
CLM-2025-003667,Summit Behavioral Health Plan,90791,F41.1,284.53,Paid,,,N,,23,2025-02-10
CLM-2025-003668,Apex Medicare Advantage,90853,F90.0,76.54,Paid,,,N,,19,2025-01-18
CLM-2025-003669,Summit Behavioral Health Plan,90791,F90.0,314.54,Paid,,,N,,29,2025-08-27
CLM-2025-003670,Liberty Care PPO,90834,F41.1,127.73,Paid,,,N,,21,2025-05-28
CLM-2025-003671,Summit Behavioral Health Plan,90834,F41.1,137.71,Paid,,,N,,13,2025-08-24
CLM-2025-003672,Liberty Care PPO,96130,F31.30,250.77,Paid,,,N,,22,2025-01-11
CLM-2025-003673,Harbor State Medicaid,96130,F90.0,211.95,Paid,,,N,,10,2025-01-17
CLM-2025-003674,Summit Behavioral Health Plan,96127,F32.1,27.73,Paid,,,N,,21,2025-04-23
CLM-2025-003675,Pinnacle Commercial Plan,90832,F90.0,128.18,Paid,,,N,,26,2025-07-02
CLM-2025-003676,Summit Behavioral Health Plan,90834,F32.1,135.43,Paid,,,N,,30,2025-06-17
CLM-2025-003677,Apex Medicare Advantage,90834,F33.1,177.78,Denied,CO-109 Claim not covered by this payer/contractor,2025-03-21,N,not appealed,77,2025-02-27
CLM-2025-003678,Liberty Care PPO,90791,F90.0,301.48,Paid,,,N,,34,2025-05-21
CLM-2025-003679,Liberty Care PPO,96127,F31.30,30.21,Paid,,,N,,37,2025-08-27
CLM-2025-003680,Pinnacle Commercial Plan,90791,F32.1,288.94,Paid,,,N,,20,2025-04-22
CLM-2025-003681,Pinnacle Commercial Plan,90791,F32.1,258.82,Paid,,,N,,22,2025-07-29
CLM-2025-003682,Apex Medicare Advantage,90791,F43.12,277.94,Paid,,,N,,28,2025-03-17
CLM-2025-003683,Harbor State Medicaid,90791,F32.1,307.74,Paid,,,N,,13,2025-03-01
CLM-2025-003684,Liberty Care PPO,90837,F43.12,203.82,Paid,,,N,,28,2025-06-05
CLM-2025-003685,Gateway Health Cooperative,90834,F43.12,177.04,Paid,,,N,,32,2025-03-21
CLM-2025-003686,Gateway Health Cooperative,90791,F43.12,295.96,Denied,CO-97 Payment included in another service already adjudicated,2025-08-02,Y,overturned,92,2025-07-12
CLM-2025-003687,Liberty Care PPO,90791,F90.0,323.54,Paid,,,N,,36,2025-03-02
CLM-2025-003688,Liberty Care PPO,90832,F90.0,116.3,Denied,CO-97 Payment included in another service already adjudicated,2025-06-09,N,not appealed,90,2025-05-12
CLM-2025-003689,Pinnacle Commercial Plan,90834,F33.1,166.21,Paid,,,N,,20,2025-04-13
CLM-2025-003690,Apex Medicare Advantage,90792,F31.30,357.43,Paid,,,N,,19,2025-05-22
CLM-2025-003691,Apex Medicare Advantage,90792,F32.1,333.65,Paid,,,N,,30,2025-07-19
CLM-2025-003692,Summit Behavioral Health Plan,90832,F90.0,98.39,Paid,,,N,,22,2025-08-23
CLM-2025-003693,Liberty Care PPO,90837,F90.0,200.89,Paid,,,N,,38,2025-05-10
CLM-2025-003694,Apex Medicare Advantage,90791,F33.1,344.91,Paid,,,N,,21,2025-03-29
CLM-2025-003695,Apex Medicare Advantage,90832,F33.1,101.23,Paid,,,N,,24,2025-08-06
CLM-2025-003696,Summit Behavioral Health Plan,90832,F32.1,115.45,Paid,,,N,,23,2025-09-03
CLM-2025-003697,Gateway Health Cooperative,90837,F41.1,195.98,Paid,,,N,,33,2025-08-30
CLM-2025-003698,Apex Medicare Advantage,90834,F33.1,147.44,Paid,,,N,,16,2025-01-28
CLM-2025-003699,Gateway Health Cooperative,90832,F31.30,111.06,Paid,,,N,,19,2025-08-21
CLM-2025-003700,Liberty Care PPO,90834,F31.30,127.22,Denied,CO-97 Payment included in another service already adjudicated,2025-07-18,Y,overturned,82,2025-06-21
CLM-2025-003701,Apex Medicare Advantage,90834,F33.1,139.1,Paid,,,N,,23,2025-07-24
CLM-2025-003702,Pinnacle Commercial Plan,90837,F43.12,186.44,Denied,CO-29 Timely filing - claim submitted past deadline,2025-05-08,N,not appealed,73,2025-04-25
CLM-2025-003703,Liberty Care PPO,90834,F32.1,131.02,Paid,,,N,,19,2025-04-17
CLM-2025-003704,Summit Behavioral Health Plan,90837,F31.30,194.54,Denied,CO-109 Claim not covered by this payer/contractor,2025-07-04,Y,overturned,84,2025-06-18
CLM-2025-003705,Pinnacle Commercial Plan,90832,F43.12,120.89,Paid,,,N,,29,2025-02-17
CLM-2025-003706,Apex Medicare Advantage,90834,F33.1,151.19,Paid,,,N,,15,2025-04-27
CLM-2025-003707,Harbor State Medicaid,90853,F32.1,86.23,Denied,CO-96 Non-covered charges,2025-04-07,Y,pending,66,2025-03-17
CLM-2025-003708,Pinnacle Commercial Plan,90834,F43.12,134.52,Paid,,,N,,31,2025-04-18
CLM-2025-003709,Summit Behavioral Health Plan,90834,F90.0,135.67,Denied,CO-96 Non-covered charges,2025-09-04,N,not appealed,52,2025-08-19
CLM-2025-003710,Apex Medicare Advantage,90834,F31.30,171.35,Paid,,,N,,18,2025-08-05
CLM-2025-003711,Apex Medicare Advantage,90791,F41.1,283.28,Paid,,,N,,23,2025-04-17
CLM-2025-003712,Gateway Health Cooperative,90791,F41.1,309.93,Paid,,,N,,25,2025-07-06
CLM-2025-003713,Liberty Care PPO,90837,F41.1,215.53,Denied,CO-50 Non-covered service - deemed not medically necessary,2025-08-12,Y,pending,87,2025-07-30
CLM-2025-003714,Harbor State Medicaid,90837,F31.30,210.99,Paid,,,N,,18,2025-08-08
CLM-2025-003715,Summit Behavioral Health Plan,90791,F33.1,299.71,Paid,,,N,,16,2025-08-17
CLM-2025-003716,Summit Behavioral Health Plan,90792,F33.1,298.24,Paid,,,N,,23,2025-03-02
CLM-2025-003717,Liberty Care PPO,90837,F31.30,176.02,Denied,CO-50 Non-covered service - deemed not medically necessary,2025-05-16,N,not appealed,66,2025-04-17
CLM-2025-003718,Pinnacle Commercial Plan,90853,F43.12,62.47,Paid,,,N,,19,2025-07-03
CLM-2025-003719,Apex Medicare Advantage,90791,F33.1,298.33,Denied,CO-29 Timely filing - claim submitted past deadline,2025-02-12,Y,upheld,93,2025-01-23
CLM-2025-003720,Pinnacle Commercial Plan,90834,F90.0,160.33,Denied,CO-97 Payment included in another service already adjudicated,2025-09-25,N,not appealed,75,2025-08-28
CLM-2025-003721,Apex Medicare Advantage,90837,F90.0,199.78,Paid,,,N,,27,2025-03-16
CLM-2025-003722,Liberty Care PPO,90853,F32.1,77.47,Denied,CO-50 Non-covered service - deemed not medically necessary,2025-05-29,N,not appealed,110,2025-05-09
CLM-2025-003723,Summit Behavioral Health Plan,90853,F90.0,66.68,Paid,,,N,,27,2025-05-23
CLM-2025-003724,Summit Behavioral Health Plan,96127,F41.1,37.01,Denied,CO-50 Non-covered service - deemed not medically necessary,2025-10-06,Y,overturned,53,2025-09-06
CLM-2025-003725,Apex Medicare Advantage,96130,F33.1,235.51,Denied,CO-96 Non-covered charges,2025-09-14,N,not appealed,62,2025-08-15
CLM-2025-003726,Harbor State Medicaid,90837,F33.1,166.59,Paid,,,N,,17,2025-06-19
CLM-2025-003727,Pinnacle Commercial Plan,90853,F33.1,78.44,Paid,,,N,,24,2025-03-08
CLM-2025-003728,Gateway Health Cooperative,90834,F33.1,130.38,Paid,,,N,,24,2025-05-05
CLM-2025-003729,Liberty Care PPO,90791,F31.30,284.26,Paid,,,N,,33,2025-09-10
CLM-2025-003730,Liberty Care PPO,90834,F31.30,139.73,Paid,,,N,,37,2025-04-11
CLM-2025-003731,Gateway Health Cooperative,90792,F43.12,366.07,Paid,,,N,,25,2025-04-09
CLM-2025-003732,Apex Medicare Advantage,90853,F43.12,80.22,Paid,,,N,,25,2025-07-26
CLM-2025-003733,Apex Medicare Advantage,90834,F33.1,169.97,Paid,,,N,,27,2025-08-31
CLM-2025-003734,Liberty Care PPO,90792,F43.12,369.79,Paid,,,N,,38,2025-07-22
CLM-2025-003735,Gateway Health Cooperative,90853,F41.1,72.32,Paid,,,N,,34,2025-03-01
CLM-2025-003736,Pinnacle Commercial Plan,90837,F33.1,186.64,Paid,,,N,,24,2025-01-10
CLM-2025-003737,Liberty Care PPO,90834,F31.30,178.55,Denied,CO-29 Timely filing - claim submitted past deadline,2025-08-04,N,not appealed,96,2025-07-08
CLM-2025-003738,Gateway Health Cooperative,90853,F33.1,80.81,Paid,,,N,,24,2025-02-06
CLM-2025-003739,Apex Medicare Advantage,96130,F41.1,221.46,Paid,,,N,,25,2025-05-13
CLM-2025-003740,Gateway Health Cooperative,90834,F32.1,127.36,Paid,,,N,,26,2025-02-23
CLM-2025-003741,Summit Behavioral Health Plan,90791,F31.30,284.79,Paid,,,N,,13,2025-01-13
CLM-2025-003742,Gateway Health Cooperative,90834,F90.0,122.12,Paid,,,N,,34,2025-05-03
CLM-2025-003743,Summit Behavioral Health Plan,90791,F31.30,304.3,Denied,CO-18 Duplicate claim/service,2025-06-29,N,not appealed,75,2025-06-07
CLM-2025-003744,Harbor State Medicaid,90792,F33.1,354.93,Paid,,,N,,13,2025-06-03
CLM-2025-003745,Gateway Health Cooperative,90853,F90.0,87.7,Paid,,,N,,21,2025-04-29
CLM-2025-003746,Liberty Care PPO,90792,F41.1,322.84,Paid,,,N,,29,2025-04-10
CLM-2025-003747,Gateway Health Cooperative,90834,F32.1,122.73,Denied,CO-18 Duplicate claim/service,2025-05-20,Y,pending,68,2025-05-02
CLM-2025-003748,Summit Behavioral Health Plan,90834,F41.1,126.39,Denied,CO-96 Non-covered charges,2025-06-24,Y,upheld,69,2025-06-11
CLM-2025-003749,Summit Behavioral Health Plan,90837,F41.1,218.53,Paid,,,N,,19,2025-04-26
CLM-2025-003750,Liberty Care PPO,90837,F90.0,203.63,Paid,,,N,,20,2025-04-29
CLM-2025-003751,Harbor State Medicaid,90832,F41.1,128.53,Paid,,,N,,24,2025-07-05
CLM-2025-003752,Gateway Health Cooperative,90837,F31.30,214.85,Denied,CO-97 Payment included in another service already adjudicated,2025-08-03,N,not appealed,90,2025-07-09
CLM-2025-003753,Pinnacle Commercial Plan,90834,F41.1,121.51,Paid,,,N,,21,2025-09-12
CLM-2025-003754,Harbor State Medicaid,90837,F31.30,174.24,Paid,,,N,,14,2025-05-06
CLM-2025-003755,Gateway Health Cooperative,90853,F43.12,64.24,Paid,,,N,,26,2025-08-15
CLM-2025-003756,Liberty Care PPO,90834,F41.1,125.31,Denied,CO-50 Non-covered service - deemed not medically necessary,2025-07-14,Y,upheld,75,2025-06-27
CLM-2025-003757,Liberty Care PPO,90792,F32.1,317.76,Paid,,,N,,38,2025-06-04
CLM-2025-003758,Apex Medicare Advantage,90853,F33.1,64.4,Paid,,,N,,23,2025-08-01
CLM-2025-003759,Liberty Care PPO,90837,F33.1,179.11,Paid,,,N,,30,2025-06-16
CLM-2025-003760,Harbor State Medicaid,90837,F31.30,170.85,Paid,,,N,,14,2025-08-03
CLM-2025-003761,Harbor State Medicaid,90791,F31.30,259.76,Paid,,,N,,22,2025-05-22
CLM-2025-003762,Harbor State Medicaid,90834,F90.0,132.83,Paid,,,N,,10,2025-02-23
CLM-2025-003763,Gateway Health Cooperative,90792,F31.30,300.61,Paid,,,N,,32,2025-06-19
CLM-2025-003764,Summit Behavioral Health Plan,90853,F43.12,81.67,Paid,,,N,,29,2025-03-24
CLM-2025-003765,Pinnacle Commercial Plan,90832,F32.1,109.87,Paid,,,N,,20,2025-03-13
CLM-2025-003766,Summit Behavioral Health Plan,96130,F43.12,200.88,Denied,CO-96 Non-covered charges,2025-03-22,N,not appealed,57,2025-03-09
CLM-2025-003767,Summit Behavioral Health Plan,90792,F90.0,300.71,Denied,CO-97 Payment included in another service already adjudicated,2025-02-01,N,not appealed,79,2025-01-08
CLM-2025-003768,Harbor State Medicaid,90791,F90.0,307.3,Paid,,,N,,16,2025-06-24
CLM-2025-003769,Summit Behavioral Health Plan,90834,F90.0,166.53,Paid,,,N,,23,2025-02-11
CLM-2025-003770,Summit Behavioral Health Plan,90834,F32.1,148.97,Paid,,,N,,15,2025-06-17
CLM-2025-003771,Apex Medicare Advantage,90791,F43.12,304.56,Paid,,,N,,23,2025-04-17
CLM-2025-003772,Summit Behavioral Health Plan,90834,F32.1,154.46,Paid,,,N,,17,2025-03-04
CLM-2025-003773,Liberty Care PPO,90832,F90.0,103.14,Paid,,,N,,32,2025-03-12
CLM-2025-003774,Liberty Care PPO,90834,F32.1,125.0,Paid,,,N,,39,2025-03-29
CLM-2025-003775,Gateway Health Cooperative,90837,F33.1,161.23,Paid,,,N,,15,2025-07-28
CLM-2025-003776,Harbor State Medicaid,90837,F31.30,205.04,Paid,,,N,,12,2025-01-09
CLM-2025-003777,Liberty Care PPO,90837,F43.12,166.87,Paid,,,N,,21,2025-05-01
CLM-2025-003778,Apex Medicare Advantage,90837,F43.12,182.43,Paid,,,N,,31,2025-01-31
CLM-2025-003779,Summit Behavioral Health Plan,90834,F90.0,177.27,Denied,CO-197 Precertification/authorization absent,2025-04-05,Y,overturned,75,2025-03-17
CLM-2025-003780,Gateway Health Cooperative,90853,F41.1,70.23,Paid,,,N,,18,2025-04-18
CLM-2025-003781,Summit Behavioral Health Plan,90834,F32.1,164.1,Paid,,,N,,26,2025-05-26
CLM-2025-003782,Liberty Care PPO,90832,F43.12,90.42,Denied,OA-23 Impact of prior payer adjudication,2025-04-04,Y,overturned,84,2025-03-06
CLM-2025-003783,Summit Behavioral Health Plan,90853,F32.1,79.16,Paid,,,N,,19,2025-04-20
CLM-2025-003784,Pinnacle Commercial Plan,90834,F33.1,125.07,Paid,,,N,,28,2025-04-02
CLM-2025-003785,Apex Medicare Advantage,90853,F32.1,81.18,Paid,,,N,,16,2025-01-12
CLM-2025-003786,Liberty Care PPO,96127,F41.1,36.48,Paid,,,N,,24,2025-08-27
CLM-2025-003787,Summit Behavioral Health Plan,90834,F31.30,150.79,Paid,,,N,,30,2025-06-04
CLM-2025-003788,Apex Medicare Advantage,96127,F43.12,30.08,Denied,CO-109 Claim not covered by this payer/contractor,2025-05-16,N,not appealed,99,2025-05-02
CLM-2025-003789,Summit Behavioral Health Plan,90791,F90.0,291.08,Denied,CO-18 Duplicate claim/service,2025-09-09,Y,upheld,94,2025-08-26
CLM-2025-003790,Liberty Care PPO,90834,F33.1,177.79,Paid,,,N,,38,2025-05-24
CLM-2025-003791,Gateway Health Cooperative,90834,F90.0,132.53,Paid,,,N,,17,2025-04-14
CLM-2025-003792,Gateway Health Cooperative,90834,F90.0,169.96,Paid,,,N,,27,2025-05-04
CLM-2025-003793,Pinnacle Commercial Plan,90791,F33.1,277.98,Paid,,,N,,36,2025-03-30
CLM-2025-003794,Pinnacle Commercial Plan,96127,F90.0,36.99,Paid,,,N,,23,2025-06-28
CLM-2025-003795,Pinnacle Commercial Plan,90837,F41.1,188.35,Denied,CO-96 Non-covered charges,2025-02-16,N,not appealed,88,2025-01-17
CLM-2025-003796,Liberty Care PPO,90837,F33.1,189.99,Denied,CO-50 Non-covered service - deemed not medically necessary,2025-08-28,Y,overturned,99,2025-08-16
CLM-2025-003797,Pinnacle Commercial Plan,90834,F90.0,162.05,Paid,,,N,,19,2025-07-10
CLM-2025-003798,Apex Medicare Advantage,96130,F33.1,210.96,Paid,,,N,,29,2025-08-10
CLM-2025-003799,Summit Behavioral Health Plan,90834,F33.1,170.92,Paid,,,N,,21,2025-08-03
CLM-2025-003800,Pinnacle Commercial Plan,90834,F32.1,127.04,Paid,,,N,,34,2025-01-19
CLM-2025-003801,Apex Medicare Advantage,90834,F33.1,146.97,Paid,,,N,,27,2025-06-27
CLM-2025-003802,Liberty Care PPO,90792,F90.0,336.53,Denied,CO-18 Duplicate claim/service,2025-03-03,Y,overturned,108,2025-02-13
CLM-2025-003803,Summit Behavioral Health Plan,90832,F43.12,90.42,Paid,,,N,,24,2025-03-13
CLM-2025-003804,Apex Medicare Advantage,90834,F90.0,145.01,Paid,,,N,,19,2025-04-13
CLM-2025-003805,Harbor State Medicaid,96130,F90.0,237.43,Paid,,,N,,12,2025-01-23
CLM-2025-003806,Harbor State Medicaid,90853,F43.12,74.29,Paid,,,N,,24,2025-07-21
CLM-2025-003807,Liberty Care PPO,90834,F90.0,155.77,Paid,,,N,,24,2025-01-16
CLM-2025-003808,Apex Medicare Advantage,96127,F90.0,31.09,Paid,,,N,,32,2025-03-04
CLM-2025-003809,Summit Behavioral Health Plan,90837,F90.0,205.53,Paid,,,N,,14,2025-01-23
CLM-2025-003810,Summit Behavioral Health Plan,90834,F33.1,134.3,Denied,CO-18 Duplicate claim/service,2025-02-23,Y,overturned,76,2025-02-06
CLM-2025-003811,Apex Medicare Advantage,96127,F33.1,38.74,Denied,CO-96 Non-covered charges,2025-03-17,Y,pending,94,2025-02-26
CLM-2025-003812,Apex Medicare Advantage,90832,F32.1,101.2,Paid,,,N,,14,2025-07-26
CLM-2025-003813,Pinnacle Commercial Plan,96130,F33.1,210.23,Denied,CO-96 Non-covered charges,2025-07-18,Y,overturned,68,2025-07-06
CLM-2025-003814,Summit Behavioral Health Plan,90834,F33.1,172.8,Denied,CO-96 Non-covered charges,2025-08-09,Y,overturned,95,2025-07-24
CLM-2025-003815,Pinnacle Commercial Plan,90791,F33.1,288.25,Paid,,,N,,33,2025-03-11
CLM-2025-003816,Liberty Care PPO,90834,F33.1,166.79,Denied,CO-197 Precertification/authorization absent,2025-04-06,N,not appealed,81,2025-03-09
CLM-2025-003817,Summit Behavioral Health Plan,90834,F41.1,138.66,Paid,,,N,,22,2025-05-21
CLM-2025-003818,Summit Behavioral Health Plan,90834,F33.1,165.61,Denied,CO-96 Non-covered charges,2025-09-23,Y,upheld,77,2025-09-11
CLM-2025-003819,Apex Medicare Advantage,90837,F90.0,186.8,Paid,,,N,,15,2025-01-13
CLM-2025-003820,Summit Behavioral Health Plan,90834,F32.1,127.8,Paid,,,N,,27,2025-03-10
CLM-2025-003821,Summit Behavioral Health Plan,96127,F31.30,34.32,Paid,,,N,,24,2025-08-25
CLM-2025-003822,Harbor State Medicaid,96127,F43.12,39.27,Denied,PR-27 Expenses incurred after coverage terminated,2025-07-24,Y,overturned,78,2025-06-24
CLM-2025-003823,Apex Medicare Advantage,90853,F33.1,80.99,Denied,CO-96 Non-covered charges,2025-08-22,N,not appealed,66,2025-07-30
CLM-2025-003824,Apex Medicare Advantage,90791,F43.12,341.57,Paid,,,N,,17,2025-04-16
CLM-2025-003825,Liberty Care PPO,90832,F43.12,120.41,Paid,,,N,,33,2025-05-28
CLM-2025-003826,Summit Behavioral Health Plan,90834,F41.1,162.1,Paid,,,N,,22,2025-05-20
CLM-2025-003827,Gateway Health Cooperative,90792,F31.30,282.12,Paid,,,N,,34,2025-02-15
CLM-2025-003828,Gateway Health Cooperative,90791,F33.1,338.74,Paid,,,N,,22,2025-03-23
CLM-2025-003829,Summit Behavioral Health Plan,90832,F41.1,109.93,Paid,,,N,,14,2025-06-23
CLM-2025-003830,Summit Behavioral Health Plan,96127,F41.1,31.09,Paid,,,N,,12,2025-08-17
CLM-2025-003831,Pinnacle Commercial Plan,90834,F31.30,144.35,Paid,,,N,,24,2025-06-01
CLM-2025-003832,Summit Behavioral Health Plan,90791,F90.0,336.77,Paid,,,N,,22,2025-01-20
CLM-2025-003833,Liberty Care PPO,90834,F41.1,176.33,Denied,CO-197 Precertification/authorization absent,2025-03-26,N,not appealed,74,2025-02-26
CLM-2025-003834,Harbor State Medicaid,90837,F43.12,172.97,Paid,,,N,,16,2025-07-06
CLM-2025-003835,Summit Behavioral Health Plan,90791,F90.0,275.96,Paid,,,N,,19,2025-09-13
CLM-2025-003836,Summit Behavioral Health Plan,90834,F31.30,136.07,Paid,,,N,,15,2025-05-22
CLM-2025-003837,Gateway Health Cooperative,90834,F32.1,125.74,Denied,CO-97 Payment included in another service already adjudicated,2025-08-05,N,not appealed,56,2025-07-09
CLM-2025-003838,Apex Medicare Advantage,90834,F32.1,154.29,Paid,,,N,,18,2025-02-05
CLM-2025-003839,Apex Medicare Advantage,90837,F41.1,167.58,Denied,CO-18 Duplicate claim/service,2025-07-17,N,not appealed,91,2025-07-05
CLM-2025-003840,Gateway Health Cooperative,90792,F33.1,327.66,Denied,CO-109 Claim not covered by this payer/contractor,2025-06-06,Y,upheld,78,2025-05-15
CLM-2025-003841,Harbor State Medicaid,90853,F41.1,62.32,Paid,,,N,,17,2025-07-30
CLM-2025-003842,Summit Behavioral Health Plan,90837,F90.0,218.42,Paid,,,N,,26,2025-04-01
CLM-2025-003843,Liberty Care PPO,96127,F33.1,39.92,Denied,CO-97 Payment included in another service already adjudicated,2025-09-23,N,not appealed,102,2025-08-28
CLM-2025-003844,Liberty Care PPO,90834,F32.1,140.75,Paid,,,N,,25,2025-05-18
CLM-2025-003845,Gateway Health Cooperative,90792,F90.0,345.31,Paid,,,N,,34,2025-07-11
CLM-2025-003846,Liberty Care PPO,90853,F33.1,74.4,Denied,CO-50 Non-covered service - deemed not medically necessary,2025-04-14,N,not appealed,104,2025-03-23
CLM-2025-003847,Pinnacle Commercial Plan,90834,F90.0,129.89,Paid,,,N,,26,2025-04-08
CLM-2025-003848,Harbor State Medicaid,90837,F41.1,211.08,Paid,,,N,,20,2025-08-22
CLM-2025-003849,Gateway Health Cooperative,90853,F43.12,78.4,Paid,,,N,,21,2025-01-18
CLM-2025-003850,Summit Behavioral Health Plan,90834,F33.1,121.13,Paid,,,N,,30,2025-02-07
CLM-2025-003851,Pinnacle Commercial Plan,96130,F31.30,230.12,Paid,,,N,,16,2025-01-18
CLM-2025-003852,Apex Medicare Advantage,90834,F41.1,141.26,Paid,,,N,,23,2025-05-08
CLM-2025-003853,Pinnacle Commercial Plan,90834,F31.30,161.67,Denied,CO-96 Non-covered charges,2025-08-23,N,not appealed,74,2025-08-07
CLM-2025-003854,Liberty Care PPO,90834,F32.1,123.18,Paid,,,N,,38,2025-07-08
CLM-2025-003855,Harbor State Medicaid,96127,F41.1,35.18,Paid,,,N,,21,2025-05-05
CLM-2025-003856,Summit Behavioral Health Plan,90834,F90.0,169.18,Paid,,,N,,20,2025-03-26
CLM-2025-003857,Apex Medicare Advantage,96127,F32.1,31.32,Denied,CO-50 Non-covered service - deemed not medically necessary,2025-09-07,Y,upheld,69,2025-08-18
CLM-2025-003858,Summit Behavioral Health Plan,90834,F31.30,151.65,Paid,,,N,,21,2025-03-16
CLM-2025-003859,Summit Behavioral Health Plan,90834,F31.30,158.24,Paid,,,N,,25,2025-07-20
CLM-2025-003860,Gateway Health Cooperative,96127,F90.0,32.22,Paid,,,N,,25,2025-07-29
CLM-2025-003861,Summit Behavioral Health Plan,90834,F41.1,167.38,Paid,,,N,,17,2025-04-26
CLM-2025-003862,Gateway Health Cooperative,90834,F90.0,166.76,Denied,CO-16 Claim lacks information needed for adjudication,2025-04-15,N,not appealed,56,2025-03-30
CLM-2025-003863,Apex Medicare Advantage,90837,F90.0,198.17,Paid,,,N,,27,2025-03-23
CLM-2025-003864,Summit Behavioral Health Plan,96127,F41.1,29.68,Paid,,,N,,19,2025-05-01
CLM-2025-003865,Pinnacle Commercial Plan,90837,F31.30,179.09,Denied,CO-109 Claim not covered by this payer/contractor,2025-09-20,N,not appealed,67,2025-09-03
CLM-2025-003866,Liberty Care PPO,90834,F31.30,128.62,Denied,CO-50 Non-covered service - deemed not medically necessary,2025-08-08,N,not appealed,82,2025-07-16
CLM-2025-003867,Harbor State Medicaid,90832,F41.1,97.86,Paid,,,N,,19,2025-06-30
CLM-2025-003868,Summit Behavioral Health Plan,90834,F31.30,132.72,Paid,,,N,,23,2025-06-06
CLM-2025-003869,Summit Behavioral Health Plan,90834,F33.1,161.63,Denied,CO-16 Claim lacks information needed for adjudication,2025-05-30,Y,overturned,51,2025-05-02
CLM-2025-003870,Harbor State Medicaid,90832,F31.30,103.62,Paid,,,N,,13,2025-08-23
CLM-2025-003871,Summit Behavioral Health Plan,96130,F32.1,213.85,Denied,CO-96 Non-covered charges,2025-09-06,N,not appealed,51,2025-08-10
CLM-2025-003872,Gateway Health Cooperative,90834,F90.0,131.45,Denied,CO-96 Non-covered charges,2025-02-28,Y,pending,58,2025-02-15
CLM-2025-003873,Summit Behavioral Health Plan,90853,F32.1,69.8,Paid,,,N,,23,2025-05-10
CLM-2025-003874,Harbor State Medicaid,90834,F32.1,171.55,Paid,,,N,,14,2025-07-30
CLM-2025-003875,Gateway Health Cooperative,90837,F41.1,176.4,Paid,,,N,,23,2025-08-23
CLM-2025-003876,Harbor State Medicaid,90834,F43.12,124.27,Paid,,,N,,23,2025-06-13
CLM-2025-003877,Liberty Care PPO,90791,F43.12,282.07,Paid,,,N,,33,2025-07-30
CLM-2025-003878,Pinnacle Commercial Plan,90791,F41.1,259.11,Paid,,,N,,27,2025-08-04
CLM-2025-003879,Harbor State Medicaid,90834,F31.30,164.58,Paid,,,N,,14,2025-07-01
CLM-2025-003880,Harbor State Medicaid,96130,F90.0,229.32,Paid,,,N,,17,2025-02-03
CLM-2025-003881,Pinnacle Commercial Plan,90834,F32.1,149.77,Paid,,,N,,29,2025-08-22
CLM-2025-003882,Pinnacle Commercial Plan,90792,F31.30,331.49,Paid,,,N,,29,2025-02-08
CLM-2025-003883,Summit Behavioral Health Plan,90853,F31.30,72.92,Denied,PR-27 Expenses incurred after coverage terminated,2025-05-20,N,not appealed,95,2025-04-21
CLM-2025-003884,Liberty Care PPO,90834,F32.1,120.56,Paid,,,N,,20,2025-05-03
CLM-2025-003885,Liberty Care PPO,90832,F43.12,92.19,Paid,,,N,,34,2025-05-29
CLM-2025-003886,Pinnacle Commercial Plan,90837,F90.0,185.2,Paid,,,N,,25,2025-05-03
CLM-2025-003887,Summit Behavioral Health Plan,90832,F32.1,128.57,Paid,,,N,,13,2025-08-27
CLM-2025-003888,Gateway Health Cooperative,90834,F32.1,126.56,Paid,,,N,,27,2025-08-28
CLM-2025-003889,Gateway Health Cooperative,96127,F43.12,35.99,Paid,,,N,,30,2025-02-13
CLM-2025-003890,Apex Medicare Advantage,90834,F41.1,152.28,Paid,,,N,,26,2025-01-15
CLM-2025-003891,Gateway Health Cooperative,90834,F43.12,134.58,Paid,,,N,,30,2025-02-04
CLM-2025-003892,Apex Medicare Advantage,90834,F43.12,141.14,Paid,,,N,,27,2025-08-03
CLM-2025-003893,Harbor State Medicaid,90791,F32.1,285.05,Paid,,,N,,15,2025-06-24
CLM-2025-003894,Harbor State Medicaid,90837,F41.1,192.18,Paid,,,N,,18,2025-04-13
CLM-2025-003895,Summit Behavioral Health Plan,90834,F90.0,129.36,Paid,,,N,,29,2025-02-15
CLM-2025-003896,Summit Behavioral Health Plan,90837,F90.0,211.89,Paid,,,N,,26,2025-02-14
CLM-2025-003897,Summit Behavioral Health Plan,90834,F43.12,121.06,Paid,,,N,,12,2025-03-04
CLM-2025-003898,Harbor State Medicaid,90832,F43.12,120.75,Paid,,,N,,18,2025-04-29
CLM-2025-003899,Pinnacle Commercial Plan,90834,F33.1,179.32,Paid,,,N,,27,2025-02-01
CLM-2025-003900,Harbor State Medicaid,90837,F90.0,172.27,Denied,CO-97 Payment included in another service already adjudicated,2025-09-11,Y,upheld,69,2025-08-22
CLM-2025-003901,Apex Medicare Advantage,90837,F32.1,186.97,Paid,,,N,,29,2025-08-16
CLM-2025-003902,Pinnacle Commercial Plan,90791,F90.0,280.43,Denied,CO-97 Payment included in another service already adjudicated,2025-02-09,N,not appealed,73,2025-01-17
CLM-2025-003903,Harbor State Medicaid,90832,F43.12,120.02,Paid,,,N,,20,2025-01-18
CLM-2025-003904,Liberty Care PPO,90834,F31.30,128.79,Denied,CO-96 Non-covered charges,2025-02-06,Y,upheld,78,2025-01-14
CLM-2025-003905,Summit Behavioral Health Plan,90834,F41.1,148.61,Paid,,,N,,15,2025-01-10
CLM-2025-003906,Liberty Care PPO,90837,F43.12,188.86,Denied,CO-50 Non-covered service - deemed not medically necessary,2025-08-19,Y,overturned,95,2025-07-25
CLM-2025-003907,Gateway Health Cooperative,90791,F33.1,260.35,Denied,CO-197 Precertification/authorization absent,2025-07-16,Y,pending,58,2025-06-25
CLM-2025-003908,Harbor State Medicaid,90832,F43.12,129.7,Paid,,,N,,20,2025-07-15
CLM-2025-003909,Apex Medicare Advantage,96127,F43.12,37.64,Paid,,,N,,28,2025-08-10
CLM-2025-003910,Summit Behavioral Health Plan,90834,F90.0,128.11,Paid,,,N,,12,2025-01-30
CLM-2025-003911,Summit Behavioral Health Plan,90853,F43.12,68.46,Paid,,,N,,13,2025-03-03
CLM-2025-003912,Summit Behavioral Health Plan,90834,F33.1,137.46,Paid,,,N,,19,2025-02-15
CLM-2025-003913,Harbor State Medicaid,90834,F33.1,178.42,Paid,,,N,,19,2025-02-02
CLM-2025-003914,Apex Medicare Advantage,90837,F33.1,178.85,Paid,,,N,,18,2025-04-21
CLM-2025-003915,Apex Medicare Advantage,90834,F32.1,131.68,Paid,,,N,,26,2025-05-19
CLM-2025-003916,Summit Behavioral Health Plan,90834,F33.1,147.14,Paid,,,N,,12,2025-06-16
CLM-2025-003917,Summit Behavioral Health Plan,90832,F33.1,95.19,Paid,,,N,,26,2025-01-15
CLM-2025-003918,Liberty Care PPO,96127,F41.1,39.3,Denied,CO-50 Non-covered service - deemed not medically necessary,2025-05-08,N,not appealed,81,2025-04-08
CLM-2025-003919,Summit Behavioral Health Plan,90834,F43.12,157.74,Paid,,,N,,22,2025-08-19
CLM-2025-003920,Summit Behavioral Health Plan,90834,F43.12,122.61,Denied,CO-50 Non-covered service - deemed not medically necessary,2025-08-29,Y,overturned,68,2025-07-30
CLM-2025-003921,Pinnacle Commercial Plan,90834,F43.12,156.85,Paid,,,N,,22,2025-05-28
CLM-2025-003922,Liberty Care PPO,90834,F43.12,148.42,Paid,,,N,,27,2025-03-29
CLM-2025-003923,Liberty Care PPO,90792,F33.1,294.47,Paid,,,N,,26,2025-07-02
CLM-2025-003924,Apex Medicare Advantage,90853,F32.1,65.74,Paid,,,N,,21,2025-03-09
CLM-2025-003925,Apex Medicare Advantage,90834,F32.1,122.49,Paid,,,N,,17,2025-08-08
CLM-2025-003926,Harbor State Medicaid,90791,F31.30,265.25,Paid,,,N,,22,2025-04-13
CLM-2025-003927,Summit Behavioral Health Plan,90832,F41.1,94.86,Paid,,,N,,12,2025-06-26
CLM-2025-003928,Liberty Care PPO,90791,F32.1,295.42,Paid,,,N,,21,2025-08-17
CLM-2025-003929,Pinnacle Commercial Plan,90853,F43.12,84.13,Paid,,,N,,28,2025-02-07
CLM-2025-003930,Harbor State Medicaid,90837,F33.1,168.58,Paid,,,N,,18,2025-07-10
CLM-2025-003931,Apex Medicare Advantage,90853,F32.1,68.68,Paid,,,N,,22,2025-03-03
CLM-2025-003932,Summit Behavioral Health Plan,90837,F32.1,190.94,Paid,,,N,,29,2025-09-04
CLM-2025-003933,Gateway Health Cooperative,90834,F33.1,176.93,Denied,CO-16 Claim lacks information needed for adjudication,2025-09-15,Y,pending,92,2025-08-29
CLM-2025-003934,Gateway Health Cooperative,90834,F43.12,147.03,Paid,,,N,,32,2025-04-08
CLM-2025-003935,Gateway Health Cooperative,90853,F90.0,84.2,Denied,CO-29 Timely filing - claim submitted past deadline,2025-05-30,Y,overturned,56,2025-05-02
CLM-2025-003936,Summit Behavioral Health Plan,90832,F90.0,122.29,Paid,,,N,,16,2025-03-16
CLM-2025-003937,Harbor State Medicaid,90792,F90.0,312.81,Paid,,,N,,10,2025-06-08
CLM-2025-003938,Liberty Care PPO,90832,F90.0,98.9,Denied,CO-97 Payment included in another service already adjudicated,2025-04-11,Y,upheld,79,2025-03-14
CLM-2025-003939,Summit Behavioral Health Plan,90791,F31.30,272.88,Paid,,,N,,21,2025-09-11
CLM-2025-003940,Summit Behavioral Health Plan,90853,F33.1,72.14,Denied,CO-97 Payment included in another service already adjudicated,2025-02-12,Y,overturned,78,2025-01-24
CLM-2025-003941,Liberty Care PPO,96130,F43.12,236.23,Denied,CO-109 Claim not covered by this payer/contractor,2025-02-10,Y,upheld,67,2025-01-17
CLM-2025-003942,Summit Behavioral Health Plan,96130,F31.30,228.2,Paid,,,N,,15,2025-04-01
CLM-2025-003943,Summit Behavioral Health Plan,90832,F33.1,91.5,Denied,CO-97 Payment included in another service already adjudicated,2025-02-08,Y,overturned,85,2025-01-11
CLM-2025-003944,Liberty Care PPO,90837,F43.12,195.03,Denied,CO-50 Non-covered service - deemed not medically necessary,2025-06-26,Y,overturned,106,2025-06-06
CLM-2025-003945,Summit Behavioral Health Plan,90853,F32.1,60.76,Paid,,,N,,26,2025-08-29
CLM-2025-003946,Summit Behavioral Health Plan,90791,F41.1,298.63,Paid,,,N,,30,2025-06-22
CLM-2025-003947,Harbor State Medicaid,90834,F32.1,168.54,Paid,,,N,,11,2025-04-29
CLM-2025-003948,Harbor State Medicaid,90791,F31.30,260.66,Paid,,,N,,10,2025-07-19
CLM-2025-003949,Harbor State Medicaid,90832,F32.1,90.95,Paid,,,N,,11,2025-03-15
CLM-2025-003950,Harbor State Medicaid,90853,F43.12,70.03,Paid,,,N,,13,2025-04-24
CLM-2025-003951,Summit Behavioral Health Plan,90837,F31.30,191.14,Paid,,,N,,22,2025-05-30
CLM-2025-003952,Liberty Care PPO,90792,F32.1,336.75,Paid,,,N,,18,2025-05-08
CLM-2025-003953,Pinnacle Commercial Plan,90837,F32.1,181.61,Paid,,,N,,17,2025-08-18
CLM-2025-003954,Liberty Care PPO,90837,F41.1,195.14,Paid,,,N,,29,2025-04-14
CLM-2025-003955,Summit Behavioral Health Plan,90834,F31.30,126.7,Paid,,,N,,26,2025-06-12
CLM-2025-003956,Summit Behavioral Health Plan,96130,F43.12,197.32,Paid,,,N,,25,2025-08-16
CLM-2025-003957,Gateway Health Cooperative,90792,F31.30,330.66,Denied,CO-109 Claim not covered by this payer/contractor,2025-08-08,N,not appealed,88,2025-07-10
CLM-2025-003958,Liberty Care PPO,90834,F43.12,159.68,Paid,,,N,,39,2025-02-14
CLM-2025-003959,Pinnacle Commercial Plan,90834,F33.1,159.83,Denied,CO-109 Claim not covered by this payer/contractor,2025-07-23,Y,overturned,67,2025-07-04
CLM-2025-003960,Pinnacle Commercial Plan,90834,F90.0,156.54,Denied,CO-50 Non-covered service - deemed not medically necessary,2025-09-25,N,not appealed,66,2025-09-02
CLM-2025-003961,Apex Medicare Advantage,90832,F43.12,102.78,Denied,CO-16 Claim lacks information needed for adjudication,2025-03-03,Y,pending,99,2025-02-07
CLM-2025-003962,Pinnacle Commercial Plan,90834,F33.1,131.28,Denied,CO-96 Non-covered charges,2025-08-04,N,not appealed,94,2025-07-17
CLM-2025-003963,Gateway Health Cooperative,90834,F33.1,126.1,Paid,,,N,,34,2025-06-24
CLM-2025-003964,Liberty Care PPO,90834,F41.1,170.82,Paid,,,N,,26,2025-06-08
CLM-2025-003965,Gateway Health Cooperative,90834,F32.1,170.4,Paid,,,N,,26,2025-07-10
CLM-2025-003966,Liberty Care PPO,90837,F33.1,217.89,Denied,CO-50 Non-covered service - deemed not medically necessary,2025-04-11,Y,upheld,76,2025-03-29
CLM-2025-003967,Liberty Care PPO,90791,F32.1,254.79,Paid,,,N,,21,2025-07-25
CLM-2025-003968,Gateway Health Cooperative,90837,F33.1,164.99,Denied,CO-50 Non-covered service - deemed not medically necessary,2025-05-24,Y,overturned,71,2025-04-24
CLM-2025-003969,Harbor State Medicaid,90837,F32.1,197.61,Paid,,,N,,23,2025-02-10
CLM-2025-003970,Summit Behavioral Health Plan,90791,F43.12,323.99,Paid,,,N,,18,2025-02-10
CLM-2025-003971,Apex Medicare Advantage,90834,F43.12,178.29,Denied,CO-29 Timely filing - claim submitted past deadline,2025-07-13,N,not appealed,85,2025-06-14
CLM-2025-003972,Summit Behavioral Health Plan,90837,F32.1,173.08,Paid,,,N,,28,2025-03-14
CLM-2025-003973,Summit Behavioral Health Plan,90837,F90.0,216.64,Paid,,,N,,25,2025-09-05
CLM-2025-003974,Pinnacle Commercial Plan,96127,F31.30,39.54,Denied,CO-96 Non-covered charges,2025-05-09,Y,pending,93,2025-04-23
CLM-2025-003975,Apex Medicare Advantage,96127,F41.1,25.31,Denied,CO-16 Claim lacks information needed for adjudication,2025-08-10,N,not appealed,62,2025-07-17
CLM-2025-003976,Apex Medicare Advantage,90791,F31.30,312.97,Paid,,,N,,18,2025-03-04
CLM-2025-003977,Summit Behavioral Health Plan,90832,F31.30,94.65,Paid,,,N,,25,2025-04-27
CLM-2025-003978,Apex Medicare Advantage,90834,F43.12,157.54,Paid,,,N,,28,2025-01-22
CLM-2025-003979,Liberty Care PPO,90791,F41.1,274.38,Paid,,,N,,20,2025-07-25
CLM-2025-003980,Gateway Health Cooperative,90837,F33.1,199.52,Paid,,,N,,31,2025-02-10
CLM-2025-003981,Summit Behavioral Health Plan,96127,F90.0,37.08,Denied,CO-97 Payment included in another service already adjudicated,2025-09-15,Y,overturned,89,2025-08-27
CLM-2025-003982,Apex Medicare Advantage,96127,F41.1,27.48,Paid,,,N,,27,2025-03-27
CLM-2025-003983,Pinnacle Commercial Plan,90832,F33.1,117.35,Paid,,,N,,36,2025-07-19
CLM-2025-003984,Liberty Care PPO,90837,F43.12,192.53,Paid,,,N,,21,2025-02-03
CLM-2025-003985,Summit Behavioral Health Plan,90853,F32.1,66.68,Denied,CO-18 Duplicate claim/service,2025-05-23,Y,overturned,80,2025-04-25
CLM-2025-003986,Summit Behavioral Health Plan,90834,F43.12,162.15,Paid,,,N,,13,2025-06-27
CLM-2025-003987,Pinnacle Commercial Plan,96127,F41.1,35.48,Denied,CO-96 Non-covered charges,2025-08-20,N,not appealed,63,2025-07-24
CLM-2025-003988,Summit Behavioral Health Plan,90834,F41.1,125.88,Paid,,,N,,20,2025-01-10
CLM-2025-003989,Harbor State Medicaid,96130,F32.1,217.44,Paid,,,N,,21,2025-04-21
CLM-2025-003990,Harbor State Medicaid,90834,F41.1,121.35,Paid,,,N,,14,2025-02-23
CLM-2025-003991,Summit Behavioral Health Plan,90853,F33.1,65.26,Paid,,,N,,30,2025-04-04
CLM-2025-003992,Apex Medicare Advantage,90834,F31.30,166.17,Paid,,,N,,32,2025-05-02
CLM-2025-003993,Summit Behavioral Health Plan,90853,F43.12,89.3,Paid,,,N,,14,2025-03-27
CLM-2025-003994,Apex Medicare Advantage,90837,F31.30,168.76,Paid,,,N,,16,2025-05-01
CLM-2025-003995,Summit Behavioral Health Plan,90834,F90.0,132.99,Paid,,,N,,12,2025-09-09
CLM-2025-003996,Summit Behavioral Health Plan,90834,F33.1,128.91,Paid,,,N,,26,2025-04-16
CLM-2025-003997,Pinnacle Commercial Plan,90791,F43.12,266.03,Paid,,,N,,21,2025-03-21
CLM-2025-003998,Summit Behavioral Health Plan,90791,F32.1,251.44,Paid,,,N,,19,2025-04-08
CLM-2025-003999,Summit Behavioral Health Plan,96130,F43.12,235.95,Denied,CO-96 Non-covered charges,2025-10-08,Y,overturned,60,2025-09-09
CLM-2025-004000,Pinnacle Commercial Plan,90791,F31.30,297.17,Paid,,,N,,18,2025-05-19
CLM-2025-004001,Summit Behavioral Health Plan,90834,F33.1,162.98,Paid,,,N,,29,2025-07-20
CLM-2025-004002,Liberty Care PPO,90792,F32.1,327.19,Paid,,,N,,18,2025-01-22
CLM-2025-004003,Apex Medicare Advantage,90791,F31.30,297.0,Paid,,,N,,19,2025-01-23
CLM-2025-004004,Apex Medicare Advantage,90837,F41.1,205.72,Paid,,,N,,16,2025-06-16
CLM-2025-004005,Summit Behavioral Health Plan,90837,F33.1,179.63,Paid,,,N,,12,2025-01-29
CLM-2025-004006,Summit Behavioral Health Plan,90834,F43.12,124.85,Paid,,,N,,29,2025-02-04
CLM-2025-004007,Pinnacle Commercial Plan,90837,F41.1,167.73,Paid,,,N,,16,2025-02-28
CLM-2025-004008,Summit Behavioral Health Plan,90791,F41.1,295.18,Paid,,,N,,16,2025-03-08
CLM-2025-004009,Gateway Health Cooperative,90834,F41.1,120.17,Paid,,,N,,18,2025-06-26
CLM-2025-004010,Pinnacle Commercial Plan,90837,F90.0,171.85,Paid,,,N,,34,2025-03-31
CLM-2025-004011,Summit Behavioral Health Plan,90834,F43.12,154.39,Paid,,,N,,15,2025-01-13
CLM-2025-004012,Pinnacle Commercial Plan,90837,F90.0,173.27,Paid,,,N,,29,2025-08-09
CLM-2025-004013,Apex Medicare Advantage,90853,F31.30,74.14,Denied,CO-96 Non-covered charges,2025-04-06,Y,overturned,71,2025-03-25
CLM-2025-004014,Summit Behavioral Health Plan,90791,F90.0,259.96,Paid,,,N,,12,2025-03-14
CLM-2025-004015,Summit Behavioral Health Plan,90834,F31.30,137.41,Paid,,,N,,15,2025-03-31
CLM-2025-004016,Liberty Care PPO,90837,F33.1,189.39,Paid,,,N,,31,2025-02-11
CLM-2025-004017,Pinnacle Commercial Plan,90792,F41.1,280.36,Denied,CO-96 Non-covered charges,2025-04-13,N,not appealed,101,2025-03-22
CLM-2025-004018,Apex Medicare Advantage,90853,F31.30,78.46,Denied,CO-16 Claim lacks information needed for adjudication,2025-05-10,Y,upheld,100,2025-04-22
CLM-2025-004019,Liberty Care PPO,90792,F41.1,304.45,Paid,,,N,,35,2025-02-09
CLM-2025-004020,Harbor State Medicaid,90834,F41.1,170.25,Paid,,,N,,20,2025-05-02
CLM-2025-004021,Liberty Care PPO,90834,F32.1,136.26,Paid,,,N,,40,2025-09-07
CLM-2025-004022,Liberty Care PPO,96130,F33.1,193.95,Paid,,,N,,24,2025-07-16
CLM-2025-004023,Apex Medicare Advantage,90791,F32.1,260.65,Paid,,,N,,19,2025-08-28
CLM-2025-004024,Pinnacle Commercial Plan,90834,F41.1,161.15,Paid,,,N,,33,2025-05-04
CLM-2025-004025,Apex Medicare Advantage,90792,F32.1,284.04,Paid,,,N,,32,2025-04-29
CLM-2025-004026,Summit Behavioral Health Plan,90832,F33.1,100.19,Paid,,,N,,28,2025-07-30
CLM-2025-004027,Summit Behavioral Health Plan,90837,F43.12,188.25,Denied,PR-27 Expenses incurred after coverage terminated,2025-05-17,N,not appealed,58,2025-04-26
CLM-2025-004028,Summit Behavioral Health Plan,96130,F31.30,197.61,Paid,,,N,,21,2025-03-31
CLM-2025-004029,Gateway Health Cooperative,90834,F32.1,172.76,Paid,,,N,,25,2025-03-30
CLM-2025-004030,Apex Medicare Advantage,90834,F43.12,146.7,Paid,,,N,,16,2025-06-10
CLM-2025-004031,Summit Behavioral Health Plan,90792,F43.12,324.92,Paid,,,N,,12,2025-07-29
CLM-2025-004032,Gateway Health Cooperative,90837,F41.1,188.06,Paid,,,N,,24,2025-04-29
CLM-2025-004033,Pinnacle Commercial Plan,90837,F90.0,165.27,Paid,,,N,,27,2025-01-06
CLM-2025-004034,Harbor State Medicaid,90834,F32.1,174.69,Paid,,,N,,24,2025-07-29
CLM-2025-004035,Liberty Care PPO,96127,F32.1,27.52,Denied,CO-50 Non-covered service - deemed not medically necessary,2025-08-20,N,not appealed,89,2025-07-23
CLM-2025-004036,Summit Behavioral Health Plan,96127,F90.0,27.94,Paid,,,N,,14,2025-04-26
CLM-2025-004037,Summit Behavioral Health Plan,90834,F43.12,154.67,Paid,,,N,,19,2025-06-05
CLM-2025-004038,Summit Behavioral Health Plan,96130,F90.0,219.67,Denied,CO-50 Non-covered service - deemed not medically necessary,2025-09-13,N,not appealed,86,2025-08-25
CLM-2025-004039,Apex Medicare Advantage,90837,F43.12,194.64,Paid,,,N,,24,2025-02-07
CLM-2025-004040,Gateway Health Cooperative,96127,F41.1,38.69,Paid,,,N,,29,2025-03-01
CLM-2025-004041,Gateway Health Cooperative,96127,F41.1,35.15,Paid,,,N,,34,2025-05-17
CLM-2025-004042,Harbor State Medicaid,90834,F90.0,156.89,Paid,,,N,,18,2025-05-17
CLM-2025-004043,Pinnacle Commercial Plan,90832,F43.12,99.39,Paid,,,N,,23,2025-05-05
CLM-2025-004044,Summit Behavioral Health Plan,96127,F31.30,33.53,Paid,,,N,,27,2025-01-07
CLM-2025-004045,Apex Medicare Advantage,90837,F31.30,218.81,Paid,,,N,,22,2025-06-22
CLM-2025-004046,Liberty Care PPO,90837,F33.1,198.55,Paid,,,N,,26,2025-08-16
CLM-2025-004047,Summit Behavioral Health Plan,96130,F43.12,216.15,Paid,,,N,,25,2025-08-25
CLM-2025-004048,Summit Behavioral Health Plan,90837,F33.1,215.58,Denied,CO-16 Claim lacks information needed for adjudication,2025-07-15,N,not appealed,56,2025-06-22
CLM-2025-004049,Gateway Health Cooperative,90791,F33.1,330.03,Paid,,,N,,34,2025-03-10
CLM-2025-004050,Harbor State Medicaid,90832,F33.1,114.45,Paid,,,N,,21,2025-09-07
CLM-2025-004051,Pinnacle Commercial Plan,90837,F43.12,187.72,Paid,,,N,,29,2025-07-05
CLM-2025-004052,Liberty Care PPO,96127,F41.1,31.76,Paid,,,N,,28,2025-08-30
CLM-2025-004053,Liberty Care PPO,96130,F90.0,224.17,Paid,,,N,,24,2025-05-08
CLM-2025-004054,Harbor State Medicaid,90837,F31.30,189.33,Denied,CO-18 Duplicate claim/service,2025-03-15,N,not appealed,74,2025-02-28
CLM-2025-004055,Apex Medicare Advantage,90834,F31.30,172.81,Paid,,,N,,24,2025-06-18
CLM-2025-004056,Gateway Health Cooperative,90837,F43.12,160.16,Denied,CO-29 Timely filing - claim submitted past deadline,2025-06-07,Y,upheld,87,2025-05-22
CLM-2025-004057,Liberty Care PPO,90791,F90.0,340.42,Paid,,,N,,28,2025-06-03
CLM-2025-004058,Summit Behavioral Health Plan,90834,F32.1,160.93,Denied,CO-50 Non-covered service - deemed not medically necessary,2025-07-27,N,not appealed,93,2025-07-11
CLM-2025-004059,Pinnacle Commercial Plan,90834,F41.1,129.52,Paid,,,N,,26,2025-03-27
CLM-2025-004060,Pinnacle Commercial Plan,90832,F33.1,108.02,Paid,,,N,,22,2025-06-07
CLM-2025-004061,Summit Behavioral Health Plan,90791,F90.0,276.78,Paid,,,N,,22,2025-01-25
CLM-2025-004062,Pinnacle Commercial Plan,90834,F33.1,162.62,Denied,CO-96 Non-covered charges,2025-04-23,N,not appealed,69,2025-04-10
CLM-2025-004063,Summit Behavioral Health Plan,90834,F32.1,148.22,Paid,,,N,,21,2025-02-24
CLM-2025-004064,Summit Behavioral Health Plan,96127,F33.1,30.41,Paid,,,N,,24,2025-07-29
CLM-2025-004065,Summit Behavioral Health Plan,90792,F41.1,335.1,Paid,,,N,,14,2025-08-31
CLM-2025-004066,Harbor State Medicaid,90792,F32.1,347.7,Paid,,,N,,10,2025-08-09
CLM-2025-004067,Liberty Care PPO,90834,F41.1,174.37,Denied,CO-197 Precertification/authorization absent,2025-09-04,N,not appealed,105,2025-08-16
CLM-2025-004068,Summit Behavioral Health Plan,90834,F43.12,137.0,Paid,,,N,,12,2025-07-02
CLM-2025-004069,Harbor State Medicaid,90834,F33.1,139.43,Paid,,,N,,12,2025-06-03
CLM-2025-004070,Harbor State Medicaid,90832,F32.1,103.31,Paid,,,N,,22,2025-05-13
CLM-2025-004071,Apex Medicare Advantage,90853,F41.1,69.35,Paid,,,N,,29,2025-03-06
CLM-2025-004072,Liberty Care PPO,96130,F43.12,226.12,Denied,CO-16 Claim lacks information needed for adjudication,2025-02-03,Y,overturned,80,2025-01-21
CLM-2025-004073,Liberty Care PPO,90834,F41.1,159.64,Paid,,,N,,36,2025-09-05
CLM-2025-004074,Summit Behavioral Health Plan,96130,F32.1,194.7,Paid,,,N,,22,2025-05-30
CLM-2025-004075,Gateway Health Cooperative,90834,F43.12,147.47,Paid,,,N,,28,2025-01-15
CLM-2025-004076,Summit Behavioral Health Plan,90837,F31.30,217.37,Denied,CO-50 Non-covered service - deemed not medically necessary,2025-03-04,N,not appealed,66,2025-02-02
CLM-2025-004077,Liberty Care PPO,90791,F90.0,293.64,Denied,CO-50 Non-covered service - deemed not medically necessary,2025-09-08,N,not appealed,100,2025-08-22
CLM-2025-004078,Gateway Health Cooperative,90837,F41.1,205.29,Paid,,,N,,16,2025-06-05
CLM-2025-004079,Gateway Health Cooperative,90792,F31.30,371.99,Denied,CO-50 Non-covered service - deemed not medically necessary,2025-07-03,Y,overturned,65,2025-06-11
CLM-2025-004080,Summit Behavioral Health Plan,90834,F43.12,171.95,Paid,,,N,,28,2025-02-07
CLM-2025-004081,Summit Behavioral Health Plan,90834,F41.1,164.92,Paid,,,N,,22,2025-05-02
CLM-2025-004082,Liberty Care PPO,90834,F43.12,149.46,Paid,,,N,,23,2025-05-23
CLM-2025-004083,Pinnacle Commercial Plan,96127,F41.1,25.93,Denied,CO-96 Non-covered charges,2025-03-13,N,not appealed,61,2025-02-13
CLM-2025-004084,Harbor State Medicaid,96130,F43.12,193.39,Denied,CO-97 Payment included in another service already adjudicated,2025-06-21,N,not appealed,68,2025-05-27
CLM-2025-004085,Apex Medicare Advantage,90834,F33.1,164.44,Paid,,,N,,32,2025-05-11
CLM-2025-004086,Liberty Care PPO,90837,F90.0,161.17,Paid,,,N,,26,2025-08-20
CLM-2025-004087,Liberty Care PPO,90837,F33.1,175.42,Denied,CO-50 Non-covered service - deemed not medically necessary,2025-03-10,Y,overturned,81,2025-02-20
CLM-2025-004088,Apex Medicare Advantage,90834,F32.1,152.18,Denied,CO-29 Timely filing - claim submitted past deadline,2025-05-19,Y,upheld,84,2025-04-29
CLM-2025-004089,Pinnacle Commercial Plan,90791,F41.1,293.4,Paid,,,N,,32,2025-08-25
CLM-2025-004090,Apex Medicare Advantage,96130,F33.1,192.25,Paid,,,N,,15,2025-02-14
CLM-2025-004091,Pinnacle Commercial Plan,90791,F41.1,329.66,Paid,,,N,,18,2025-08-22
CLM-2025-004092,Gateway Health Cooperative,90837,F90.0,175.43,Denied,CO-50 Non-covered service - deemed not medically necessary,2025-02-08,Y,overturned,82,2025-01-12
CLM-2025-004093,Summit Behavioral Health Plan,90834,F43.12,163.03,Denied,CO-50 Non-covered service - deemed not medically necessary,2025-06-10,Y,upheld,86,2025-05-17
CLM-2025-004094,Pinnacle Commercial Plan,90837,F43.12,168.66,Denied,CO-50 Non-covered service - deemed not medically necessary,2025-06-06,N,not appealed,76,2025-05-20
CLM-2025-004095,Summit Behavioral Health Plan,90837,F33.1,174.29,Paid,,,N,,14,2025-06-27
CLM-2025-004096,Pinnacle Commercial Plan,90853,F43.12,62.54,Paid,,,N,,33,2025-01-27
CLM-2025-004097,Gateway Health Cooperative,90834,F32.1,151.34,Paid,,,N,,29,2025-09-01
CLM-2025-004098,Summit Behavioral Health Plan,90834,F90.0,163.44,Paid,,,N,,15,2025-05-10
CLM-2025-004099,Liberty Care PPO,90791,F32.1,296.73,Paid,,,N,,33,2025-07-10
CLM-2025-004100,Pinnacle Commercial Plan,90791,F90.0,272.61,Paid,,,N,,27,2025-09-12
CLM-2025-004101,Gateway Health Cooperative,90834,F41.1,147.18,Paid,,,N,,27,2025-06-20
CLM-2025-004102,Summit Behavioral Health Plan,90791,F32.1,347.44,Paid,,,N,,30,2025-01-14
CLM-2025-004103,Harbor State Medicaid,90791,F32.1,296.9,Paid,,,N,,15,2025-05-13
CLM-2025-004104,Summit Behavioral Health Plan,90792,F41.1,317.22,Paid,,,N,,30,2025-04-05
CLM-2025-004105,Apex Medicare Advantage,90837,F41.1,215.82,Paid,,,N,,19,2025-07-05
CLM-2025-004106,Summit Behavioral Health Plan,90791,F43.12,317.46,Paid,,,N,,23,2025-08-24
CLM-2025-004107,Harbor State Medicaid,90853,F31.30,74.2,Paid,,,N,,20,2025-05-03
CLM-2025-004108,Gateway Health Cooperative,96127,F43.12,34.6,Paid,,,N,,28,2025-04-24
CLM-2025-004109,Gateway Health Cooperative,90832,F33.1,120.4,Paid,,,N,,33,2025-02-13
CLM-2025-004110,Pinnacle Commercial Plan,90832,F32.1,115.94,Denied,CO-96 Non-covered charges,2025-04-11,N,not appealed,73,2025-03-19
CLM-2025-004111,Liberty Care PPO,90791,F31.30,329.33,Denied,PR-27 Expenses incurred after coverage terminated,2025-08-29,Y,upheld,104,2025-08-11
CLM-2025-004112,Pinnacle Commercial Plan,96127,F90.0,36.84,Paid,,,N,,35,2025-07-14
CLM-2025-004113,Liberty Care PPO,90834,F90.0,164.61,Paid,,,N,,34,2025-07-21
CLM-2025-004114,Liberty Care PPO,90834,F90.0,125.3,Paid,,,N,,19,2025-03-24
CLM-2025-004115,Pinnacle Commercial Plan,90834,F90.0,156.92,Paid,,,N,,24,2025-05-18
CLM-2025-004116,Summit Behavioral Health Plan,90837,F41.1,190.93,Paid,,,N,,22,2025-09-07
CLM-2025-004117,Apex Medicare Advantage,90792,F31.30,353.45,Paid,,,N,,22,2025-04-07
CLM-2025-004118,Liberty Care PPO,90834,F90.0,154.65,Denied,CO-50 Non-covered service - deemed not medically necessary,2025-03-19,Y,upheld,102,2025-02-28
CLM-2025-004119,Summit Behavioral Health Plan,96127,F32.1,26.36,Paid,,,N,,23,2025-08-27
CLM-2025-004120,Pinnacle Commercial Plan,96127,F33.1,39.43,Paid,,,N,,32,2025-04-21
CLM-2025-004121,Apex Medicare Advantage,90837,F43.12,203.61,Paid,,,N,,16,2025-03-03
CLM-2025-004122,Summit Behavioral Health Plan,90853,F43.12,72.36,Denied,CO-16 Claim lacks information needed for adjudication,2025-07-21,N,not appealed,62,2025-06-25
CLM-2025-004123,Gateway Health Cooperative,90837,F32.1,211.09,Paid,,,N,,18,2025-08-18
CLM-2025-004124,Summit Behavioral Health Plan,96127,F33.1,28.97,Paid,,,N,,27,2025-06-12
CLM-2025-004125,Gateway Health Cooperative,90791,F33.1,283.49,Paid,,,N,,19,2025-03-22
CLM-2025-004126,Pinnacle Commercial Plan,90834,F90.0,173.06,Paid,,,N,,19,2025-08-29
CLM-2025-004127,Gateway Health Cooperative,90792,F33.1,286.42,Paid,,,N,,22,2025-05-06
CLM-2025-004128,Apex Medicare Advantage,90834,F90.0,146.81,Paid,,,N,,32,2025-01-07
CLM-2025-004129,Summit Behavioral Health Plan,90834,F31.30,126.22,Paid,,,N,,27,2025-05-26
CLM-2025-004130,Harbor State Medicaid,96127,F90.0,26.21,Paid,,,N,,17,2025-01-26
CLM-2025-004131,Liberty Care PPO,90791,F41.1,277.14,Paid,,,N,,23,2025-06-14
CLM-2025-004132,Liberty Care PPO,96127,F43.12,37.58,Paid,,,N,,38,2025-08-29
CLM-2025-004133,Apex Medicare Advantage,90834,F90.0,152.51,Paid,,,N,,23,2025-09-03
CLM-2025-004134,Summit Behavioral Health Plan,90834,F33.1,173.01,Denied,CO-96 Non-covered charges,2025-09-25,N,not appealed,58,2025-09-10
CLM-2025-004135,Gateway Health Cooperative,90834,F41.1,161.52,Paid,,,N,,14,2025-04-22
CLM-2025-004136,Gateway Health Cooperative,96130,F31.30,214.8,Paid,,,N,,16,2025-05-02
CLM-2025-004137,Harbor State Medicaid,90834,F41.1,135.07,Paid,,,N,,11,2025-05-18
CLM-2025-004138,Summit Behavioral Health Plan,90832,F33.1,129.1,Paid,,,N,,19,2025-07-26
CLM-2025-004139,Liberty Care PPO,90853,F32.1,70.48,Paid,,,N,,29,2025-08-29
CLM-2025-004140,Liberty Care PPO,90853,F41.1,64.08,Paid,,,N,,19,2025-07-04
CLM-2025-004141,Harbor State Medicaid,90853,F90.0,60.85,Paid,,,N,,18,2025-04-01
CLM-2025-004142,Summit Behavioral Health Plan,90834,F90.0,133.92,Denied,CO-50 Non-covered service - deemed not medically necessary,2025-02-04,Y,pending,78,2025-01-14
CLM-2025-004143,Harbor State Medicaid,90792,F31.30,368.5,Paid,,,N,,17,2025-07-08
CLM-2025-004144,Summit Behavioral Health Plan,90834,F33.1,158.92,Paid,,,N,,23,2025-03-23
CLM-2025-004145,Liberty Care PPO,96127,F32.1,37.0,Paid,,,N,,24,2025-02-08
CLM-2025-004146,Apex Medicare Advantage,90791,F41.1,304.45,Paid,,,N,,31,2025-05-28
CLM-2025-004147,Gateway Health Cooperative,90791,F32.1,289.51,Paid,,,N,,23,2025-03-28
CLM-2025-004148,Liberty Care PPO,96127,F90.0,29.97,Denied,CO-50 Non-covered service - deemed not medically necessary,2025-05-03,Y,upheld,75,2025-04-12
CLM-2025-004149,Gateway Health Cooperative,90834,F33.1,151.34,Denied,CO-50 Non-covered service - deemed not medically necessary,2025-03-10,N,not appealed,79,2025-02-10
CLM-2025-004150,Liberty Care PPO,90791,F43.12,342.53,Denied,CO-109 Claim not covered by this payer/contractor,2025-04-13,N,not appealed,76,2025-03-16
CLM-2025-004151,Apex Medicare Advantage,96127,F43.12,39.9,Paid,,,N,,15,2025-03-20
CLM-2025-004152,Liberty Care PPO,90791,F41.1,257.92,Paid,,,N,,37,2025-08-08
CLM-2025-004153,Apex Medicare Advantage,96127,F31.30,31.9,Paid,,,N,,20,2025-07-18
CLM-2025-004154,Gateway Health Cooperative,96127,F90.0,28.12,Paid,,,N,,27,2025-09-04
CLM-2025-004155,Harbor State Medicaid,90791,F31.30,294.25,Paid,,,N,,12,2025-05-09
CLM-2025-004156,Liberty Care PPO,90834,F33.1,159.8,Paid,,,N,,34,2025-02-22
CLM-2025-004157,Apex Medicare Advantage,90834,F41.1,121.74,Denied,OA-23 Impact of prior payer adjudication,2025-03-12,Y,overturned,72,2025-02-13
CLM-2025-004158,Liberty Care PPO,90791,F90.0,324.34,Paid,,,N,,25,2025-02-21
CLM-2025-004159,Pinnacle Commercial Plan,90832,F31.30,115.33,Denied,CO-96 Non-covered charges,2025-07-30,Y,upheld,68,2025-07-05
CLM-2025-004160,Pinnacle Commercial Plan,96127,F31.30,31.79,Paid,,,N,,17,2025-07-07
CLM-2025-004161,Summit Behavioral Health Plan,90832,F31.30,111.23,Paid,,,N,,13,2025-06-04
CLM-2025-004162,Harbor State Medicaid,90853,F31.30,66.62,Paid,,,N,,12,2025-06-26
CLM-2025-004163,Apex Medicare Advantage,90853,F32.1,84.3,Paid,,,N,,22,2025-03-26
CLM-2025-004164,Summit Behavioral Health Plan,90837,F33.1,169.14,Paid,,,N,,25,2025-04-02
CLM-2025-004165,Apex Medicare Advantage,90837,F41.1,202.02,Paid,,,N,,28,2025-06-03
CLM-2025-004166,Gateway Health Cooperative,90832,F90.0,94.16,Paid,,,N,,16,2025-09-11
CLM-2025-004167,Liberty Care PPO,90834,F33.1,158.26,Paid,,,N,,32,2025-04-18
CLM-2025-004168,Summit Behavioral Health Plan,90834,F33.1,167.21,Paid,,,N,,21,2025-04-13
CLM-2025-004169,Harbor State Medicaid,90832,F33.1,116.85,Paid,,,N,,17,2025-07-16
CLM-2025-004170,Gateway Health Cooperative,90832,F43.12,118.47,Denied,CO-29 Timely filing - claim submitted past deadline,2025-09-01,Y,overturned,89,2025-08-11
CLM-2025-004171,Apex Medicare Advantage,90837,F31.30,161.74,Paid,,,N,,19,2025-08-11
CLM-2025-004172,Summit Behavioral Health Plan,90837,F43.12,216.4,Paid,,,N,,20,2025-08-09
CLM-2025-004173,Harbor State Medicaid,90834,F90.0,121.91,Paid,,,N,,19,2025-01-12
CLM-2025-004174,Liberty Care PPO,90791,F31.30,262.88,Denied,CO-197 Precertification/authorization absent,2025-02-17,Y,upheld,80,2025-01-18
CLM-2025-004175,Gateway Health Cooperative,90834,F90.0,125.47,Paid,,,N,,21,2025-02-11
CLM-2025-004176,Liberty Care PPO,90834,F43.12,123.2,Paid,,,N,,19,2025-07-23
CLM-2025-004177,Apex Medicare Advantage,90791,F41.1,261.7,Paid,,,N,,20,2025-02-27
CLM-2025-004178,Liberty Care PPO,90834,F31.30,127.76,Paid,,,N,,34,2025-05-01
CLM-2025-004179,Pinnacle Commercial Plan,90791,F90.0,281.88,Paid,,,N,,35,2025-04-09
CLM-2025-004180,Liberty Care PPO,90837,F33.1,194.88,Paid,,,N,,28,2025-04-06
CLM-2025-004181,Apex Medicare Advantage,90837,F33.1,182.25,Paid,,,N,,24,2025-01-12
CLM-2025-004182,Pinnacle Commercial Plan,90832,F41.1,115.17,Paid,,,N,,18,2025-05-30
CLM-2025-004183,Liberty Care PPO,90834,F33.1,141.87,Denied,CO-50 Non-covered service - deemed not medically necessary,2025-09-15,N,not appealed,109,2025-08-23
CLM-2025-004184,Liberty Care PPO,90837,F33.1,199.77,Paid,,,N,,19,2025-02-11
CLM-2025-004185,Harbor State Medicaid,96127,F31.30,36.6,Paid,,,N,,22,2025-09-12
CLM-2025-004186,Gateway Health Cooperative,90834,F32.1,138.8,Paid,,,N,,19,2025-06-11
CLM-2025-004187,Summit Behavioral Health Plan,90853,F33.1,71.23,Paid,,,N,,16,2025-07-06
CLM-2025-004188,Summit Behavioral Health Plan,90832,F31.30,121.58,Paid,,,N,,24,2025-02-09
CLM-2025-004189,Pinnacle Commercial Plan,96127,F32.1,31.95,Paid,,,N,,33,2025-05-17
CLM-2025-004190,Summit Behavioral Health Plan,96130,F31.30,195.08,Paid,,,N,,19,2025-04-08
CLM-2025-004191,Summit Behavioral Health Plan,96127,F31.30,36.79,Paid,,,N,,21,2025-03-19
CLM-2025-004192,Summit Behavioral Health Plan,90837,F90.0,194.96,Paid,,,N,,12,2025-03-06
CLM-2025-004193,Apex Medicare Advantage,90791,F32.1,329.72,Paid,,,N,,15,2025-08-04
CLM-2025-004194,Liberty Care PPO,90853,F90.0,64.94,Denied,CO-97 Payment included in another service already adjudicated,2025-06-13,Y,upheld,103,2025-06-01
CLM-2025-004195,Harbor State Medicaid,90791,F31.30,330.05,Paid,,,N,,15,2025-03-07
CLM-2025-004196,Liberty Care PPO,90791,F43.12,305.37,Paid,,,N,,21,2025-01-28
CLM-2025-004197,Summit Behavioral Health Plan,90834,F41.1,177.79,Paid,,,N,,23,2025-03-14
CLM-2025-004198,Apex Medicare Advantage,90832,F31.30,114.03,Paid,,,N,,19,2025-06-14
CLM-2025-004199,Pinnacle Commercial Plan,90834,F41.1,144.96,Denied,CO-16 Claim lacks information needed for adjudication,2025-05-27,N,not appealed,69,2025-05-12
CLM-2025-004200,Summit Behavioral Health Plan,90792,F31.30,288.63,Denied,CO-50 Non-covered service - deemed not medically necessary,2025-07-25,Y,overturned,69,2025-07-06
